:1020000000800020D1940000BB940000BB9400002D
:1020100000000000000000000000000000000000C0
:10202000000000000000000000000000BB94000061
:102030000000000000000000BB9400002595000097
:10204000BB940000BB940000BB940000BB94000054
:10205000BB940000BB940000BB940000BD94000042
:10206000BB940000BB940000BB940000BB94000034
:10207000BB940000BB940000BD280000BB9400008E
:10208000BB940000BB940000BB940000BB94000014
:1020900000000000BB940000BB940000BB94000053
:1020A000BB940000BB940000BB940000BB940000F4
:1020B0000000000010B5064C2378002B07D1054B1B
:1020C000002B02D0044800E000BF0123237010BDA4
:1020D00070020020000000008CC30000044B10B50B
:1020E000002B03D00349044800E000BF10BDC046E8
:1020F00000000000740200208CC3000010B5040032
:10210000103007F08EFE200010BD000070B5054DA8
:10211000054C0C3D20000C3C06F049FFAC42F9D1C7
:1021200070BDC0463C030020CC03002070B5054DB7
:10213000054C0C3D20000C3C06F039FFAC42F9D1B7
:1021400070BDC046A00200203003002070B504001E
:1021500005684668AE4204D0280006F028FF103516
:10216000F8E72068002801D007F0D6FA200070BDFB
:1021700030B5104B85B05B5C04000D00002B17D010
:102180000D4901A806F062FF0C2169430B4B01A821
:10219000C91807F06FF80A4907F079F8210007F02D
:1021A00069F80100074806F0ABFE01A806F0FFFE43
:1021B00005B030BD0400002058BD00003C030020E5
:1021C000CCB10000E80300207FB5104B05005B5C3C
:1021D0000E001400002B17D00D4901A806F036FFA1
:1021E0000C2171430B4B01A8C91807F043F80A49A9
:1021F00007F04DF8290007F03DF80100200006F037
:102200007FFE01A806F0D3FE7FBDC046040000207B
:1022100058BD00003C030020CCB10000F0B50C001C
:1022200087B0009034492000019207F07FF8051E26
:1022300014D10100200007F08DF8304E0378B3422E
:1022400013D10021200007F085F8A3680578591EF6
:10225000200007F07FF80378AB420ED121000098F0
:1022600006F09AFE009807B0F0BD2900200007F0A4
:1022700071F8234B02789A42E3D0310003A806F0AC
:10228000E5FE03A9200007F097F8070003A806F071
:102290008EFE1B4903A806F0D9FE03A9200007F013
:1022A0008BF8050003A806F082FEAF4205DB20DCB8
:1022B000002FD3D0002D05D1D0E72726002F05D041
:1022C000002D03D0019B002BC8D02726310003A886
:1022D00006F0DBFE210003A806F0CCFF310006F07B
:1022E000E4FF0100200006F04AFF03A806F05FFEAD
:1022F000B4E72226E2E7C0467CAC00008FB60000BF
:1023000017BD000070B50C0086B00600080007F08D
:10231000A2F80021200007F01DF80178684606F0B9
:10232000B4FE1E49684607F001F8051E0FD10100F2
:10233000200007F00FF8017803A806F0A6FE184960
:1023400003A806F0F3FF050003A806F030FE684678
:1023500006F02DFE002D1AD00021200006F0FAFF15
:10236000A3680578591E200006F0F4FF0378AB42FD
:102370000DD1A3680122013B210003A807F040F81A
:1023800003A9200006F015FF03A806F010FE2100A7
:10239000300006F001FE300006B070BD17BD000031
:1023A0008FB6000070B50400C069002801D007F0A6
:1023B000B3F9E5682669AE4209D0E868002801D083
:1023C00007F0AAF9280006F0F2FD1835F3E7E068F7
:1023D000002801D007F0A0F925686668AE4204D055
:1023E000280006F0E4FD0C35F8E72068002801D04D
:1023F00007F092F9200070BD0023F0B53E4D3F4C30
:1024000091B02800237004F0BDFA002809D02800FC
:1024100003F084F801003A4806F0D1FE012323704E
:1024200005E0384D280004F0ADFA0028EFD12378FC
:10243000002B54D0324C200007F00DF8210003A8E7
:1024400006F0ADFE03A906A8FFF75CFF06A9200071
:1024500006F0AFFE06A806F0AAFD03A806F0A7FD49
:102460002100002406A801F04BF82748009423001F
:10247000264A06A9006802F02DFE244D6F682E68DA
:10248000BB1B1B119C421ED22701F11903A806F0A9
:1024900086FE2B6803A8DB19197BFFF769FE03A8EA
:1024A00006F085FD2B6803A8D91906F078FE2B6885
:1024B000174ADF19397B03A8FFF786FE03A806F049
:1024C00076FD0134D9E73400A74204D0200006F09D
:1024D0006EFD1034F8E76E6006A8FFF763FF0A4B45
:1024E00018680368DB699847094800F0D1FA094881
:1024F00000F0CEFA11B0F0BDD40800208C0200200C
:10250000D8030020880800209002002094020020B8
:1025100034040020E8030020F0B5002401256D4EAE
:102520006D4F6E4B87B00295019400936C4A330057
:102530006C49380003F014F86B4B049401936B4B17
:102540000394029400933900694B664A694804F089
:10255000EFF9812100952B00674A8900674800F058
:1025600045FA674F674B029501940093664A330022
:102570005C49380002F0F4FF5B4B04940193634B19
:102580000394029400933900614B564A614804F069
:10259000CFF981212B00604A009589005F4800F047
:1025A00025FA5F495F4806F051FD5F4F5F483900EB
:1025B00006F04CFD5E495F4806F048FD5E495F4805
:1025C00006F044FD5E495F4806F040FD5E495F4805
:1025D00006F03CFD5E495F4806F038FD5E495F4805
:1025E00006F034FD5E495F4806F030FD5E495F4805
:1025F00006F02CFD5E495F4806F028FD5E495F4805
:1026000006F024FD5E495F4806F020FD5E4D5F49FF
:102610002A00200007F0F8FB5D495E4806F016FD31
:1026200039005D4806F012FD5C495D4806F00EFD7C
:102630005C495D4806F00AFD5C495D4806F006FD10
:102640005C495D4806F002FD5C495D4806F0FEFC11
:102650005C495D4806F0FAFC5C495D4806F0F6FC12
:102660005C495D4806F0F2FC5C495D4806F0EEFC12
:102670005C495D4806F0EAFC5C495D4806F0E6FC12
:102680002A005C49200007F0BFFB5B482A00046079
:1026900044608460594907F0B7FB594F3200380055
:1026A00018303861310007F0CEFB3B697C612A00AD
:1026B0001C705449380007F0A7FB534C3100200030
:1026C00006F0C4FC2A005149200007F09DFB07B02A
:1026D000F0BDC0467CAC0000540F0020D0A7000025
:1026E000520D0020020200007AAC0000E5A70000B5
:1026F000800F00208808002084060020E8030020C6
:10270000240B0020EEA700002009002006A80000EE
:10271000500B0020D4080020800400203404002046
:1027200012A80000A00200201AA80000AC0200209D
:102730001EA80000B802002027A80000C402002044
:1027400031A80000D00200203AA80000DC020020DE
:1027500040A80000E80200204CA80000F40200207D
:102760005DA800000003002063A800000C03002007
:102770006CA800001803002071A8000024030020AA
:102780007AA8000030030020000000202D21000066
:1027900083A800003C0300204803002087A8000015
:1027A000540300208AA80000600300208DA80000C8
:1027B0006C03002091A800007803002095A8000079
:1027C0008403002099A80000900300209CA800002A
:1027D0009C030020A0A80000A8030020A4A80000DB
:1027E000B403002061B20000C0030020A8A80000CC
:1027F000CC0300200D210000940200204D21000098
:1028000014000020FD200000D8030020AF8F00003E
:102810007FB5E1261F4D76023100280004F0FEFE50
:102820001D4C3100200006F069F829001B4800F01B
:102830005FFA29001A4804F05BF92100194800F0FA
:1028400057FA2100184804F053F9482006F060FFB9
:102850000400202104F0DEF9144D58202C6006F00D
:1028600057FF0400296801F0CDFE114B11491C608F
:10287000114B01A8E36006F0E9FB062101A8FFF770
:1028800077FC01A806F093FB0121202007F096F9C0
:102890007FBDC0468419002084110020340400202C
:1028A000D4080020E803002088080020E40300206A
:1028B00090020020ACA800001400002010B50248CF
:1028C00006F08FF910BDC0468411002013B51249DF
:1028D000124804F04BFD1249124804F047FD12491A
:1028E000124804F043FD1249124804F03FFD12491A
:1028F000124804F03BFD124C1249200004F036FD52
:1029000001230193023300930D220B3321000E4863
:1029100006F0E0F813BDC04600080042C8130020CE
:10292000000C0042D013002000100042D8130020F9
:1029300000140042E013002000180042E8130020B9
:10294000F0130020001C00428411002010B5030089
:10295000806B002808D0586A002806D003689B685E
:102960009847002800DD013810BD186AF6E770B5F9
:102970000024036A0500A3420AD0FFF7E7FFAB1D5E
:102980004A35DB8F2A889B1A042B00DD1C1F041993
:10299000200070BD030070B54A331D88836B0400AE
:1029A000002B08D0FFF7D2FFA36B834200DAA063AD
:1029B000A36B181A2D18280070BD000010B5040074
:1029C00000230834E387403423806380841D01643E
:1029D000994201D09A4201D1E38710BD024B9A423D
:1029E00000D91A00E287F8E7FE7F0000F8B50D0075
:1029F000110006AA1678002204004260FA20800026
:102A0000A060134820270830206020003C3022645A
:102A10006264A264626222626263A26302704770AF
:102A2000237423003033A262A67462741A70914238
:102A300002D02A00072D02D82100082213312000DD
:102A4000FFF7BCFF00232000E361E362F8BDC0464E
:102A500040AD00000630C38F0020013B994201DAEF
:102A6000013188B27047F8B506004A363588002D26
:102A70000BD0070048373988036C013D5C5CFFF7D9
:102A8000E9FF388020003580F8BD01204042FBE797
:102A9000F7B5036A0400002B10D13E4C200006F06D
:102AA0001DFA3D49200006F021FA200006F016FA32
:102AB0003A4B18680368DB689847F7BD384E37789B
:102AC000FFB2002FF9D101233370037C012B02D018
:102AD000030030331F702000FFF738FF23004A3314
:102AE00001931B88A56B002B10D1002D05D0A842A7
:102AF00009DBA0633034237005E0230030331D7000
:102B000006F024FDE06200233370D6E7002D27D0C5
:102B1000002812DD0500984200DD1D00002720007E
:102B2000FFF7A1FFC1B2002903D0206A03681B6828
:102B300098470137BD42F2DC0127250030352B785C
:102B4000002BE0D0002FDED1019B1B88002BDAD1B7
:102B50002000FFF7FBFEA36B9842D4DB2F70D2E777
:102B600006F0F4FCE36AE269C31A934201D23570BD
:102B7000A3E7E0622000FFF776FFC1B2002903D08F
:102B8000206A03681B689847019B1B88002BBAD1F9
:102B9000B0E7C0461018002034AC000054000020FC
:102BA000F813002010B5036A0400002B01D10020A7
:102BB00010BDFFF76DFF230030331B78002BF6D1DB
:102BC0002000FFF7D4FEF3E710B504000020236ACD
:102BD000834206D02000FFF75BFF206A03681B6971
:102BE000984710BD10B5036A0400002B06D0FFF70C
:102BF0004FFF206A03685B69984710BD012040427F
:102C0000FBE710B5036A0400002B06D0FFF740FF76
:102C1000206A03689B69984710BD01204042FBE78A
:102C200010B5036A0400002B08D02000FFF7B2FEA5
:102C3000002803D02000FFF72BFFF6E710BD70B58A
:102C400005000835EB8F026C0400D154E98FFFF7C3
:102C500001FF4A34E88723880133238070BDF8B52B
:102C6000831DDD8F44331B880600ED1A954200D981
:102C700015000C004F19BC4205D021783000FFF739
:102C8000DEFF0134F7E72800F8BD0000020010B5B0
:102C9000831D4A32DB8F128804009B1A032B08DC49
:102CA000032205492000FFF7DAFF01233C3423709B
:102CB00010BD04220149F5E774AC000078AC0000B7
:102CC0000200002310B54A32118804000830C3877F
:102CD000403003801380994204D00E3A13702000D4
:102CE000FFF7D4FF2200002330321370637410BD4D
:102CF00010B504004162016241630B680800DB68A3
:102D000098470A2006F052FC606A03689B6898475F
:102D1000A36B834200DAA0630022A36BA262022BA2
:102D200017DCA2630E49206A06F0F4F80D49206A08
:102D300006F0F0F80C49206A06F0ECF8206A06F07C
:102D4000CDF8206A0368DB689847084806F02EFC37
:102D5000E8E7013BA363E2612000FFF7B1FF10BD8C
:102D60007DAC00009BAC0000F1AC000088130000BB
:102D7000020010B54A32831D1488DA8F0023944272
:102D800002D2FFF75CFF0123180010BDF0B5036A03
:102D900085B004000D001600002B00D19FE0FFF766
:102DA00077FE237C002B0CD1AF19BD421FD023002E
:102DB00029783D331970236820001B689847013536
:102DC000F3E72000FFF7E6FD2300303302931B7882
:102DD000002B0FD0002824D023003C331B78002B7D
:102DE00002D12000FFF752FFA37C6374002630005D
:102DF00005B0F0BD002814D0637C002B11D02368EF
:102E000020009B689847B0420BDA23003C331B78C4
:102E1000002B02D12000FFF739FF0123029A137023
:102E2000E4E723004A331B88002B27D00023370018
:102E30000193002F40D02200A31D4A321288DB8F5D
:102E40009B1A3A1D934205DA0027032B34DD1F1F1E
:102E5000002F31D0230000223C331A70EB1903936A
:102E6000013B1A7823003D331A70039BAB4223D0F9
:102E700029782000FFF77CFF0135F6E72000FFF7F7
:102E800065FD0190B04200D90196019B3700002BEF
:102E9000CFD0206A019A036829005B689847019B9C
:102EA000ED186B1E1A7823003D331A700022013B87
:102EB0001A70019BF71ABCE7019BDF19BE420AD9C1
:102EC00023003C331B78002B02D12000FFF7DEFEED
:102ED0000123029A1370A37C3E00637487E71E00EF
:102EE00085E7F0B50025036A85B004000E00AB420B
:102EF00033D02700FFF7CCFD237C3C37AB424BD0CF
:102F00002300303301931B78AB4209D123004A33AD
:102F100002931A88A31D0393DB8F9B1A042B09DCF1
:102F20003B78002B02D12000FFF7B0FEA37C0025E8
:102F3000637412E0002A13D12000FFF707FD002878
:102F40000ED023003D331E70206A310003681B68D9
:102F500098473D700125A37C6374280005B0F0BD3F
:102F6000029AA31DDB8F12889B1A042B0ADD002313
:102F70003B7023003D331E7031002000FFF7F8FE48
:102F80000500EAE73B78002B02D12000FFF77EFE28
:102F90000123019A1370C9E73D702700A51D4A3728
:102FA000EA8F3B889A42E4D1EA8F3B889A42E0D18B
:102FB000012006F0FBFA2000FFF76AFDF4E710B5E8
:102FC000002801D006F0A8FB10BD0000F0B5436852
:102FD000046816001A1B3B4B9210534387B0050040
:102FE00003910122002B00D01A009A180192019936
:102FF000039A141B344A8B425CD891425AD8002958
:1030000059D10291029B1819002802D0310006F014
:10301000C6F82F68029E3C00039B9C4208D0002EFD
:1030200003D02100300006F0BAF80C340C36F3E778
:103030000C22E41B254BA4085C43A400A4085443C1
:103040003F19A418029A059312193C0004926A6869
:10305000049E0392039BA34208D0002E03D02100BC
:10306000300006F09CF80C340C36F3E7039B2E6816
:10307000DC1B0C27059BA40863439C00A4087C432D
:10308000049B6F681C19B74204D0300005F08FFF15
:103090000C36F8E72868002801D006F03DFB029BBB
:1030A000019A2B600C235343029A6C60D318AB60D7
:1030B00007B0F0BD01920C20019B584306F028FB9D
:1030C00002909FE7ABAAAAAA55555515ABAAAA2A02
:1030D00070B504000D00AC4207D0E068FFF76FFF49
:1030E000200005F064FF1834F5E770BD70B50400EA
:1030F0000D0005F051FF00236361E3602361EA687E
:103100002000E260EB602A69236922612B616A6911
:10311000636962616B6170BD70B515000C1A04D0F3
:1031200001002200280007F0A0F8281970BD4B68A4
:103130000A6870B59D1A002304000E000360436006
:1031400083602A009D4203D0280006F0E1FA0200C5
:103150005519A5602260626003CEFFF7DDFF606055
:10316000200070BD70B505000C0006F018F82800AE
:1031700021000C300C31FFF7DAFF280070BD000091
:10318000F0B54368046816001A1B394BD21053433C
:1031900087B0050003910122002B00D01A009A1875
:1031A00001920199039A141B324A8B4257D89142DB
:1031B00055D8002954D10291029B1819002802D039
:1031C0003100FFF793FF2F68029E3C00039B9C4257
:1031D00008D0002E03D021003000FFF7C3FF1834C1
:1031E0001836F3E71822E41B234BE4085C43E400A1
:1031F000E40854433F19A418029A059312193C009D
:1032000004926A68049E0392039BA34208D0002E96
:1032100003D021003000FFF7A5FF18341836F3E77C
:10322000039B2868DF1B059BFF087B43DF001823F7
:10323000FF085F43049B6968DF19FFF749FF2868AF
:10324000002801D006F068FA029B019A2B6018232F
:103250005343029A6F60D318AB6007B0F0BD019280
:103260001820019B584306F053FA0290A4E7C04689
:10327000ABAAAAAAAAAAAA0AABAAAA0AF7B58368FD
:103280004768040001919F4207D0002F01D00B78BE
:103290003B70636801336360F7BD0368FB1A0093FA
:1032A000013302D1164806F0D3FD009B0126002B06
:1032B00003D0009B5E00B3421BD8351E1BD1009B80
:1032C000EB18002B02D0019A12781A702A003900EC
:1032D0002068FFF721FF6168421C3800FFF71CFFE0
:1032E00007002068FFF76BFE2560AD196760A560D9
:1032F000D2E701267642300006F00AFA0500DEE742
:103300007CAD0000F0B5030000240500C66897B04E
:1033100084610C330F00016930000593FFF7D8FE7C
:103320002E61754907A805F091FE22002E21380074
:1033300006F01EF803000290013301D1BB6802932E
:1033400022000024029B390010A806F059F810A9A9
:1033500007A805F02EFF10A805F029FE5B2107A89D
:103360000A940B940C9406F012F85D21060007A84D
:1033700006F03FF80390731C00D192E00300013384
:1033800000D18EE001360300320007A90DA806F037
:1033900037F80194019B039A934200DB6DE0721CA5
:1033A0002C2107A805F0E4FF03000190013301D1AF
:1033B000039B019310AC019B320007A9200006F08B
:1033C0001FF821000DA805F0F4FE200005F0EFFD28
:1033D0002D210DA805F0DBFF0300049001330AD175
:1033E0000DA806F061F8210020700AA8FFF746FF3B
:1033F000019B5E1CCEE7049B00220DA9200005F076
:10340000FFFF200006F050F80600200005F0CFFD79
:10341000049A0F9B01320DA9200005F0F1FF200056
:1034200006F042F80490200005F0C1FD049B9E4286
:1034300003DCFF2E01D8FF2B15D9304910A805F069
:1034400005FE052110A8FEF793FE10A805F0AFFDBC
:103450000DA805F0ACFD0A98FFF7B1FD07A805F02F
:10346000A6FD17B0F0BD10A90AA80E70FFF706FF61
:10347000049B0136B342F6DABAE75B2107A805F0F0
:1034800086FF0022030007A910A805F0B9FF10A9C4
:1034900007A805F08EFE10A805F089FD0DA805F01F
:1034A00086FD07A910A805F07AFE0AA913A8FFF760
:1034B0003EFE28696B69984218D0002802D010A9F6
:1034C000FFF714FE2B6918332B611398FFF777FD74
:1034D00010A805F06CFD029B0A985C1CFFF76FFDBD
:1034E000029BBA68934200D21FE7B7E7010010AA17
:1034F0000598FFF745FEE8E77CAC000064AD0000EE
:103500000023F0B50E0089B08361036043608360DF
:10351000C36003614361C361036243628D68040059
:103520004A4905A805F092FD05A9300005F044FFC1
:10353000039005A805F03BFD039B01335FD0039F7B
:10354000B368013BBB425BDD404905A805F07EFD49
:103550007B1C1A0005A93000029305F01DFF07002F
:1035600005A805F024FD3A4905A805F06FFD029A6B
:1035700005A9300005F010FF019005A805F017FD22
:10358000344905A805F062FD029A05A9300005F04E
:1035900003FF050005A805F00AFD019B013302D0D9
:1035A000019B9F424CDC6B1C01D0AF4238DC7B1C82
:1035B00000D1B7683B00029A310005A805F020FF52
:1035C00005A805F03BFF6068A368984211D0002869
:1035D00002D005A905F0E3FD63680C33636005A81C
:1035E00005F0E5FCACE722216B1C21D1019D0531E2
:1035F0001EE0010005AA2000FFF7E8FCEFE70395B5
:10360000039B0022310005A805F0FAFE05A9200061
:10361000FFF778FE05A805F0CAFC200009B0F0BD50
:10362000019B2221AB4203DC019B22210133DDD12E
:103630006A1C300005F09CFE431CB8D0471CB6E75E
:10364000019BAB42CFDC1D002721F1E726BC000027
:103650008FB6000017BD0000F0B54368056816007E
:103660005B1B85B004000F001B110122002B00D052
:103670001A009A18019201997D1B2F4A8B4254D847
:10368000914252D8002951D10291029B5D19002D1F
:1036900005D03100280005F07FFC337B2B732568B3
:1036A000029E0095009BBB420DD0002E06D0190053
:1036B000300005F074FD009B1B7B3373009B1036BC
:1036C00010330093EEE7009B009F5D1B029B1035BB
:1036D0005B191E0065680393BD420AD0002E05D019
:1036E0003900300005F05BFD3B7B3373103710363B
:1036F000F2E7009B2668ED1A039B67685D19B742E5
:1037000004D0300005F053FC1036F8E7206800289C
:1037100001D006F001F8029B029A2360019B6560CC
:103720001B01D318A36005B0F0BD0192019B1801E5
:1037300005F0EEFF0290A8E7FFFFFF0F70B583686A
:10374000456804000E009D420AD0002D04D02800D8
:1037500005F022FC337B2B7363681033636070BD0C
:103760000A002900FFF778FFF9E70000F0B517001D
:103770001C0002684368234D9B1A9B106B4391B059
:10378000060001919F4239D0002C39D11E4906A86C
:1037900005F05CFC336871680A22C91A8910694314
:1037A00003A805F0A3FC03A906A805F063FD1749CB
:1037B00005F06DFD05000A22390009A805F073FC2B
:1037C00009A9280005F056FD0CAD0100280005F000
:1037D000E6FC0523290001982B73FFF7AFFF2800B3
:1037E00005F0E5FB09A805F0E2FB03A805F0DFFB07
:1037F00006A805F0DCFB200011B0F0BD0124FAE7BB
:103800000024F8E7ABAAAAAA96AD0000B6AD000066
:1038100030B50D001C000AC85B1A0E499B104B43C3
:1038200085B09A4212D9002C12D10B49684605F096
:103830000DFC05236A46280069461373FFF77EFFD7
:10384000684605F0B4FB200005B030BD0124FAE75E
:103850000024F8E7ABAAAAAAC1AD000010B5064C37
:103860002000183005F0A3FB20000C3005F09FFB72
:10387000200005F09CFB10BD1015002070B5054D13
:10388000054C0C3D20000C3C05F091FBAC42F9D1FD
:1038900070BDC046FC1300200415002070B53B49E4
:1038A0003B4805F0D3FB3B493B4805F0CFFB3B4988
:1038B0003B4805F0CBFB3B493B4805F0C7FB3B4988
:1038C0003B4805F0C3FB3B493B4805F0BFFB3B4988
:1038D0003B4805F0BBFB3B493B4805F0B7FB3B4988
:1038E0003B4805F0B3FB3B493B4805F0AFFB3B4988
:1038F0003B4805F0ABFB3B493B4805F0A7FB3B4988
:103900003B4805F0A3FB3B493B4805F09FFB3B4987
:103910003B4805F09BFB3B493B4805F097FB3B4987
:103920003B4805F093FB3B493B4805F08FFB3B4987
:103930003B4805F08BFB3B493B4805F087FB3B4987
:103940003B4805F083FB3B493B4805F07FFB3B4987
:103950003B4805F07BFB3B4D3B492A00002006F02D
:1039600053FA3A4C3A49200005F070FB20003949DF
:103970000C3005F06BFB20003749183005F066FB72
:103980002A003649002006F03FFA70BD65B90000F4
:10399000FC130020DBAD000008140020E0AD0000A7
:1039A00014140020E6AD000020140020EDAD00004E
:1039B0002C140020ECAD000038140020F3AD000002
:1039C00044140020D7B00000501400200AB40000B6
:1039D0005C140020FCAD00006814002007AE00005D
:1039E0007414002011AE0000801400201CAE0000F2
:1039F0008C14002020AE00009814002071B100004B
:103A0000A414002027AE0000B014002097B90000D5
:103A1000BC1400202CAE0000C814002039AE0000F9
:103A2000D414002046AE0000E01400204CAE00008C
:103A3000EC14002058AE0000F814002066AE000020
:103A400004150020000000207D3800001015002023
:103A500077AE000080AE000089AE00005D38000047
:103A600010B5036811005B6A9847012010BD000083
:103A70001FB5064901A805F0E9FA082101A8FEF7DB
:103A800077FB01A805F093FA05B000BDE9B100008D
:103A90001FB5074901A805F0D9FA082101A8FEF7CA
:103AA00067FB01A805F083FA0120404205B000BD84
:103AB00084B1000070B5036886B09D6A9B681600EB
:103AC000040098470168684605F0C0FA23682000A2
:103AD0009B689847016903A805F0B8FA03AB6A46EA
:103AE00031002000A84703A805F061FA684605F0F8
:103AF0005EFA012006B070BDF0B593B00B920B6872
:103B00004A6806000F00934274D0002425000A94EE
:103B1000099408940794069439687B684E4A5B1AA6
:103B20009B1053439C426CD20C2363430FA8C918CB
:103B300005F035FB0FA90CA8FEF7E4FB0FA805F074
:103B400036FA46490CA805F0F1FB002846D1444955
:103B50000CA805F0EBFB002840D142490CA805F069
:103B6000E5FB00283CD140490CA805F0DFFB00280C
:103B700036D13E490CA805F0D9FB002832D13C498A
:103B80000CA805F0D3FB00282CD13A490CA805F06D
:103B9000CDFB002828D138490CA805F0C7FB002828
:103BA00022D136490CA805F0C1FB00281ED13449AA
:103BB0000CA805F0BBFB002818D132490CA805F071
:103BC000B5FB002814D130490CA805F0AFFB002844
:103BD0000ED10CA805F0EBF901349DE70690F8E74B
:103BE0000790F6E70890F4E70990F2E70A90F0E70B
:103BF0000500EEE7012500230A950993089507952E
:103C00000693336830009C699B68984701680CA84C
:103C100005F01CFA336830009B68984701690FA8CB
:103C200005F014FA0A9B0CAA0493099B0B990393C1
:103C3000089B30000293079B05950193069B009318
:103C40000FABA0470FA805F0B2F90CA805F0AFF92B
:103C5000012013B0F0BDC046ABAAAAAA50B1000023
:103C600031B6000057B10000EEB20000F3AD000025
:103C700078B100005FB10000FEB2000069B1000041
:103C800077B100007AB10000DEAE0000F7B51E008B
:103C900003680191DF68330004001500B84700286D
:103CA00006D123682A001F69019933002000B84714
:103CB000FEBD70B505000C0005F071FA280021006A
:103CC0000C300C3105F06BFA280021001830183147
:103CD00005F065FA280021002430243105F05FFA50
:103CE000230030331A782B0030331A70230031331D
:103CF0001A782B0031331A70636B38346B632B00E6
:103D00002278383328001A7070BD00000B003C2167
:103D100010B504005943034BC918FFF7CAFF200030
:103D200010BDC0463415002010B50400243005F045
:103D30003EF92000183005F03AF920000C3005F06B
:103D400036F9200005F033F9200010BD10B5054804
:103D5000FFF7EAFF0448FFF7E7FF0448FFF7E4FF37
:103D600010BDC046AC150020701500203415002091
:103D7000F0B50E000027BBB0039004920593FDB28E
:103D800029000DA8FFF7C2FF1823B16907A85943FE
:103D9000F368591805F003FA29001CA8FFF7B6FFCD
:103DA00007A91CA805F0B4FA041E0BD129002BA802
:103DB000FFF7ACFF07A92EA805F0AAFA04002BA86C
:103DC000FFF7B2FF1CA8FFF7AFFF002C42D02BACCF
:103DD00020002900FFF79AFF676B2000FFF7A4FF80
:103DE000002F27D121490AA805F030F92000290029
:103DF000FFF78CFF21000AA805F03CFA1C4905F0EA
:103E000046FA01001CA805F0CAF905211CA8FEF716
:103E1000AFF91CA805F0CBF82000FFF785FF0AA832
:103E200005F0C5F8022407A805F0C1F80DA8FFF7B2
:103E30007BFF18E00DA920001A9DFFF73AFF0094C0
:103E4000059B049A31000398A8472000FFF76CFFF8
:103E50000124E8E707A805F0AAF801370DA8FFF745
:103E600063FF032F8BD120003BB0F0BD93B1000066
:103E70009DB10000F0B504000E000027BBB0049215
:103E80000593236820001B6A9847B84200DC7FE056
:103E9000FBB203932368FAB21B6821000DA8984770
:103EA0001823B16907A85943F368591805F077F941
:103EB0002368FAB21B6821001CA8984707A91CA810
:103EC00005F026FA051E0DD12368FAB21B68210001
:103ED0002BA8984707A92EA805F01AFA05002BA8C9
:103EE000FFF722FF1CA8FFF71FFF002D48D0236813
:103EF0002BAD28001B68039A210098476F6B2800A0
:103F0000FFF712FF002F2BD122490AA805F09EF8D7
:103F10002368039A1B6821002800984729000AA8F3
:103F200005F0A8F91C4905F0B2F901001CA805F03C
:103F300036F905211CA8FEF71BF91CA805F037F877
:103F40002800FFF7F1FE0AA805F031F8022407A8BF
:103F500005F02DF80DA8FFF7E7FE20003BB0F0BDFF
:103F60000DA928001A9FFFF7A4FE0095059B049A4F
:103F700031002000B84704002800FFF7D5FEE6E72F
:103F800007A805F014F80DA8FFF7CEFE013778E773
:103F90000024E2E793B100009DB10000044B083318
:103FA0000360002303714371837183607047C046CF
:103FB00000B20000F0B504000E0000259BB023689D
:103FC00020001B6A9847A8421DDD2368EAB21B68DF
:103FD00021000BA898475D236B441B78002B0DD064
:103FE0000EA901A8FFF78CFA236832005F6901A9C6
:103FF00001232000B84701A8FEF7D4F90BA8FFF76A
:1040000093FE0135DBE71BB0F0BD0000F0B51C00EE
:10401000A9B02EAB1B780600009330AB1B780F00C5
:1040200003A81100019305F0BAF8210006A805F0D5
:10403000B6F8604C03A8210005F078F900280BD1F0
:10404000059B03A8591E05F085F903782E2B03D094
:10405000594903A805F0EFF8210006A805F066F914
:1040600000280BD1089B06A8591E05F073F90378A8
:104070002E2B03D0504906A805F0DDF8210009A831
:1040800004F0E4FF0025336830001B6A9847A8421B
:1040900000DC83E03368310019A8EAB21B68984756
:1040A000444919A805F042F900283CD043490FA81B
:1040B00004F0CCFF059B0022013B03A90CA805F0EE
:1040C0009FF90CA90FA805F0D5F83D4905F0DFF8D8
:1040D0000400089B0022013B06A912A805F090F9F4
:1040E00012A9200005F0C6F8364905F0D0F815AC45
:1040F0000100200005F053F8062321003800237347
:10410000FFF71CFB200004F052FF12A804F04FFF41
:104110000CA804F04CFF0FA804F049FF19A8FFF702
:1041200003FE0135AFE7019B002BF7D025AB1B78D1
:10413000002B02D0009B002BF0D015AC1F492000B3
:1041400004F084FF03A9200005F094F819A905F0F4
:1041500091F81D4905F09BF806A905F08BF81CA9FC
:1041600005F088F8010009A805F009F8200004F01E
:104170001EFF269B002B03D1144909A805F05BF80C
:1041800009A9200005F00BF806233800210023734D
:10419000FFF7D4FA200004F00AFFBFE709A804F0F3
:1041A00006FF06A804F003FF03A804F000FF29B0EF
:1041B000F0BDC0467CAC00003BB90000AEB10000D1
:1041C000B3B10000C2B1000011B80000CEB10000D0
:1041D000F0B51D00ABB001910400110002A804F07D
:1041E000DEFF290005A804F0DAFF844D02A82900AB
:1041F00005F09CF800280BD1049B02A8591E05F07D
:10420000A9F803782E2B03D07D4902A805F013F8F6
:10421000290005A805F08AF800280BD1079B05A8FE
:10422000591E05F097F803782E2B03D0744905A882
:1042300005F001F8290008A804F008FF2368200011
:104240009B6898470368AB4250D06E490EA804F0B3
:10425000FDFE049B0022013B02A90BA805F0D0F84B
:104260000BA90EA805F006F8674D290005F00FF818
:104270000600079B0022013B05A911A805F0C0F824
:1042800011A9300004F0F6FF290005F000F82368BA
:1042900005009B6820009847816814A804F0D6FEAA
:1042A000012214A917A8FDF7B9FF17A9280004F0E7
:1042B000E1FF1BAD0100280004F071FF0623290077
:1042C00001982B73FFF73AFA280004F070FE17A844
:1042D00004F06DFE14A804F06AFE11A804F067FE55
:1042E0000BA804F064FE0EA804F061FE002623680B
:1042F00020001B6A9847B04274DD2368F2B21B6845
:1043000021001BA898473F490BA804F09FFE02A973
:104310000BA804F0AFFF1BA904F0ACFF3A4D013627
:10432000290004F0B4FF05A904F0A4FF1EA904F0BD
:10433000A1FF290004F0ABFF29AB19780C235943E6
:10434000324BC91804F096FF290004F0A0FF0700C3
:1043500021A90EA804F023FF01220EA911A8FDF740
:104360005DFF11A9380004F085FF290004F08FFFDC
:1043700027AB197804F0A4FF290004F088FF070098
:1043800017AD24A914A804F00AFF012214A92800DB
:10439000FDF744FF2900380004F06CFF010008A875
:1043A00004F0EDFE280004F002FE14A804F0FFFD66
:1043B00011A804F0FCFD0EA804F0F9FD0BA804F010
:1043C000F6FD08A9280004F0EAFE0623290001985A
:1043D0002B73FFF7B3F9280004F0E9FD1BA8FFF7E2
:1043E000A3FC84E708A804F0E2FD05A804F0DFFDC3
:1043F00002A804F0DCFD2BB0F0BDC0467CAC000090
:104400003BB90000E3B1000026BC0000FC13002013
:10441000F8B53C25284C2A000021200005F038FF83
:104420002649200004F012FE2549264804F00EFE1D
:104430002549264804F00AFE2549264804F006FED0
:10444000254B67192A0063630021380005F020FF1F
:1044500038002700214E7837310004F0F7FD310095
:104460001F4804F0F3FD1F4E1F48310004F0EEFD1D
:104470001E491F4804F0EAFD1E4B2A00236738003E
:10448000002105F005FF38001B4904F0DFFD1B4942
:104490001B4804F0DBFD31001A4804F0D7FD1A492F
:1044A0001A4804F0D3FD1A4BAC342360194A1A4958
:1044B000002005F0A9FCF8BD3415002090AE0000E6
:1044C00095AE00004015002098AE00004C1500206D
:1044D000E0AE000058150020F93A00006CA800007A
:1044E0007C150020D4AE00008815002060B00000CC
:1044F00094150020B53A0000D3B00000DCB00000F5
:10450000B8150020C4150020E1B00000D01500202F
:10451000613A0000000000204D3D0000C068704777
:10452000C06870477047704709207047806C10B5AD
:10453000002802D00368DB69984710BD4C307047F3
:10454000004870476DB4000010B50400024904F043
:104550007DFD200010BDC0467CAC00001FB50649A3
:1045600001A804F073FD082101A8FDF701FE01A8D0
:1045700004F01DFD05B000BD17B500001FB50649CC
:1045800001A804F063FD082101A8FDF7F1FD01A8D1
:1045900004F00DFD05B000BD80B4000030B50B681F
:1045A00085B004001B6A08001500984785420ADDA3
:1045B0000A4901A804F04AFD01A80521FDF7D8FD2C
:1045C00001A804F0F4FC3C216943054B2000C91804
:1045D000FFF76FFB200005B030BDC0468BB5000073
:1045E000E815002070B5054D054C3C3D20003C3CD5
:1045F000FFF79AFBAC42F9D170BDC046E815002028
:10460000C8170020F0B5040085B00F00FFF7C6FC06
:104610001B4B00250833236023002000194E28334C
:104620002362E56026616661A6612577657765622C
:1046300031001D70383004F009FD230020004433A0
:104640001D704C30A564310004F000FDAF4208D06D
:104650003B68A7649B6838009847E060200005B07D
:10466000F0BD23001033E360074901A804F0EEFC1D
:1046700001A80521FDF77CFD01A804F098FCEDE7F9
:10468000A8B500007CAC000059B5000070B50C0066
:1046900005001100002B01D0012070BD0122200077
:1046A000FFF764F803000320002BF6D0206804F025
:1046B000FBFE04000128EFD12B682800DB6B984734
:1046C0002000EAE7F0B505000E001F0095B005AC2C
:1046D0001A9920000392FFF7ECFA3B00039A31008D
:1046E00000942800FFF7D2FF05002000FFF71CFB15
:1046F000280015B0F0BD0000F0B50C0017008FB019
:1047000006000023012239002000FFF781F803256D
:10471000002836D0216801A804F041FD01A804F06A
:104720009AFE0025636822689A1A174B9210534329
:10473000013BAB4213D9154904A804F087FC0C21B6
:1047400001356943236804A8591804F093FD01005A
:1047500001A804F05EFD04A804F029FCE2E701A929
:1047600004A8FEF7CDFE33683A005C6904A9012372
:104770003000A047050004A8FDF714FE01A804F0CE
:1047800016FC28000FB0F0BDABAAAAAA26BC0000F8
:10479000F0B505000E001F0095B005AC1A99200079
:1047A0000392FFF786FA3B00039A31000094280039
:1047B000FFF7A2FF05002000FFF7B6FA280015B0AA
:1047C000F0BD0000F0B50D0089B016001C1E19D117
:1047D000022231002800FEF7C9FF032300283FD042
:1047E0000C2738006043224B2968C01804F090FD64
:1047F000002838D028680C3004F056FE431E98413B
:104800001C4B185500240C270E9901A80C3104F0FC
:10481000C6FC194D01A8290004F039FD3900614397
:10482000134BC91804F026FD290004F030FD114B8C
:1048300004AD195D04F044FD0100280004F0AFFC54
:104840000623290030002B73FEF778FF280004F0C0
:10485000AEFB013401A804F0AAFB0D2CD4D1012336
:10486000180009B0F0BD01340D2CBAD10523F7E7CB
:10487000A00200200400002026BC0000F0B50500C6
:104880000E001F0095B005AC1A9920000392FFF7A7
:1048900010FA3B00039A310000942800FFF792FFC2
:1048A00005002000FFF740FA280015B0F0BD000019
:1048B000F0B51F0003689DB09B6B0D00040016004F
:1048C00098470100684604F0C1FB002F30D13B003F
:1048D000012231002800FEF749FF0337002800D1EC
:1048E00097E02968684604F013FD002820D12300D2
:1048F000012244331A702968684604F040FC484994
:1049000015A804F0A3FB296815A804F0B3FC18ADA2
:104910000100280004F043FC0623290030002B731B
:10492000FEF70CFF280004F042FB15A804F03FFB43
:10493000229903A80C3104F032FC3A4D03A8290057
:1049400004F0A5FC0700A06C03689B689847816889
:1049500006A804F07BFB012206A909A8FDF75EFC6E
:1049600009A9380004F086FC290004F090FC070037
:10497000A06C03689B68984701680CA804F066FB6C
:104980000CA9380004F076FC290004F080FC070034
:10499000A06C03689B68984741680FA804F056FB19
:1049A0000FA9380004F066FC290004F070FC040034
:1049B000694612A804F0F3FB012212A915A8FDF71D
:1049C0002DFC15A9200004F055FC18AC01002000B6
:1049D00004F0E5FB0623210030002373FEF7AEFE52
:1049E000200004F0E4FA15A804F0E1FA12A804F09B
:1049F000DEFA0FA804F0DBFA0CA804F0D8FA09A834
:104A000004F0D5FA06A804F0D2FA03A804F0CFFA0D
:104A10000127684604F0CBFA38001DB0F0BDC0464F
:104A20002CB5000026BC0000F0B505000E001F00EC
:104A300095B005AC1A9920000392FFF73AF93B00B4
:104A4000039A310000942800FFF732FF0500200090
:104A5000FFF76AF9280015B0F0BD0000F0B5036853
:104A60008BB001001B6B6846160098471C496846CE
:104A700004F05CFC109D07000C3506AC00281DD02E
:104A8000290003A804F08BFB164903A804F0FFFBE0
:104A90000100200004F083FB062321003000237373
:104AA000FEF74CFE200004F082FA03A804F07FFA1F
:104AB000684604F07CFA01200BB0F0BD6946200086
:104AC00004F06DFB39002000FDF752FB200004F0DC
:104AD0006EFA290003A804F062FB0349D5E7C0463B
:104AE0007CAC000011B5000014B50000F0B5050065
:104AF0000E001F0095B005AC1A9920000392FFF735
:104B0000D8F83B00039A310000942800FFF7A6FF75
:104B100005002000FFF708F9280015B0F0BD0000DF
:104B200030B5036889B0DB6A150098470C9901A875
:104B30000C3104F034FB0C4901A804F0A8FB04ACD0
:104B40000100200004F02BFB062321002800237322
:104B5000FEF7F4FD200004F02AFA01A804F027FA79
:104B6000012009B030BDC04614B50000F0B5050005
:104B70000E001F0095B005AC1A9920000392FFF7B4
:104B800098F83B00039A310000942800FFF7C8FF13
:104B900005002000FFF7C8F8280015B0F0BD0000A0
:104BA00030B5036889B05B6B150098470C9901A874
:104BB0000C3104F0F4FA0C4901A804F068FB04ACD1
:104BC0000100200004F0EBFA0623210028002373E3
:104BD000FEF7B4FD200004F0EAF901A804F0E7F9BB
:104BE000012009B030BDC04614B50000F0B5050085
:104BF0000E001F0095B005AC1A9920000392FFF734
:104C000058F83B00039A310000942800FFF7C8FFD2
:104C100005002000FFF788F8280015B0F0BD00005F
:104C2000F0B5050089B00F001600002B21D00E99B9
:104C300001A80C3104F0B3FA244901A804F027FBC1
:104C400029004C3104F016FB010004AC200004F0F4
:104C5000A6FA0623210030002373FEF76FFD200023
:104C600004F0A5F901A804F0A2F90123180009B085
:104C7000F0BD012231003800FEF778FD0323002843
:104C8000F4D004AC396820004C3504F088FA2100D7
:104C900001A8FDF737FB01A9280004F08AFA01A852
:104CA00004F085F9200004F082F9280004F0D3FB19
:104CB0000E9901A80C3104F072FA044901A804F01D
:104CC000E6FA290004F0D6FA0100BFE726BC00008E
:104CD000F0B505000E001F0095B005AC1A99200034
:104CE0000392FEF7E6FF3B00039A31000094280090
:104CF000FFF796FF05002000FFF716F8280015B013
:104D0000F0BD000030B589B00C9901A80C31150038
:104D100004F045FA0B4901A804F0B9FA04AC01000B
:104D2000200004F03CFA0623210028002373FEF73C
:104D300005FD200004F03BF901A804F038F901203A
:104D400009B030BD26BC0000F0B505000E001F0004
:104D500095B005AC1A9920000392FEF7AAFF3B001C
:104D6000039A310000942800FFF7CCFF05002000D3
:104D7000FEF7DAFF280015B0F0BD0000F8B5864C4C
:104D80008649200004F062F9854F8649380004F016
:104D90005DF9854E8548310004F058F9844985480D
:104DA00004F054F92300002530331D702300012244
:104DB000072131331A70804B804863637B4B20336B
:104DC00019707F4904F042F97E497F4804F03EF9AA
:104DD0007E497F4804F03AF97E497F4804F036F96D
:104DE0003B0060331D70230001226D331A707B4B32
:104DF000072023672300743318707949794804F039
:104E000025F97949794804F021F97949794804F07C
:104E10001DF97949794804F019F92300A8331D7068
:104E20002300A9331D702300754AAC331A60230098
:104E30000622B0331A707349734804F007F97349B6
:104E4000734804F003F93100724804F0FFF8724926
:104E5000724804F0FBF82300E4331D702300E533AF
:104E60001D7023006E4AE8331A600A23E0373B7056
:104E70006C496D4804F0EAF86C4F6D49380004F055
:104E8000E5F831006B4804F0E1F86B496B4804F039
:104E9000DDF890235B00E5542223FF33E554684B93
:104EA0000A22BB6294235B00E2546649664804F020
:104EB000CDF86649664804F0C9F83100654804F049
:104EC000C5F86549654804F0C1F8AE235B00E554B8
:104ED0005E23FF33E554624B0A227B66B2235B00FC
:104EE000E2546049604804F0B1F86049604804F059
:104EF000ADF86049604804F0A9F86049604804F0E2
:104F0000A5F8CC235B00E5549A235E4AFF33E554B1
:104F10000333E25008225C4F0433E25439005B480B
:104F200004F094F839005A4804F090F859495A4866
:104F300004F08CF859495A4804F088F8EA235B00D9
:104F4000E554D6230121574AFF33E1540333E2509D
:104F50000433E5545449554804F078F85449554809
:104F600004F074F83100544804F070F85349544880
:104F700004F06CF884239B00E554524B524AE554EC
:104F80000333E2500A220433E25428004F4A5049C6
:104F900004F03AFFF8BDC046E815002052B2000008
:104FA000F415002034B20000E5B600000016002021
:104FB00038B200000C160020294A000024160020F8
:104FC0005AB2000065B200003016002068B200003E
:104FD0003C160020BDB20000481600207D480000AD
:104FE000F0B2000060160020FCB200006C16002039
:104FF00012A800007816002000B3000084160020DC
:105000009147000048B300009C1600205AB30000EE
:10501000A8160020B41600205EB30000C0160020C1
:10502000ED4A00007DB30000D8160020E4160020F1
:105030008FB30000F016002093B30000FC16002090
:105040006D4B0000B2B3000014170020C5B3000080
:10505000201700202C170020C9B3000038170020AB
:10506000ED4B0000E5B3000050170020EBB300004B
:105070005C170020EFB3000068170020F3B30000B6
:1050800074170020C546000016B400008C170020DD
:105090009817002065B90000A41700201BB4000079
:1050A000B0170020D14C00003AB40000C81700200F
:1050B00046B40000D4170020E01700204AB40000D6
:1050C000EC17002011020000494D000000000020F4
:1050D000E5450000F0B591B0019316AB1C780700D0
:1050E0000E001500002C0ED1019BFEF7CFFD041E13
:1050F00009D1B86C002806D003682A005C69310029
:10510000019BA0470400F16803A804F048F80027B9
:10511000326873689B1A304A9B1053439F4213D2E4
:105120002E490CA803F092FF0C21794333680CA898
:10513000591804F09FF8010003A804F06AF80CA8BD
:1051400003F035FF0137E3E7062C2BD8200004F0ED
:1051500083FE041D232525271D00214909A803F0EE
:1051600075FF03A909A804F085F80CAE0100300012
:1051700004F015F80523280033733100FEF7DEFA3A
:10518000300003F014FF09A803F011FF03A803F097
:105190000EFF200011B0F0BD1249DFE71249DDE734
:1051A0001249DBE7124909A803F050FF0A22210047
:1051B00006A803F089FF06A909A804F05BF801001E
:1051C0000CA803F0ECFF05210CA8FCF7D1FF0CA8FC
:1051D00003F0EDFE06A8D4E7ABAAAAAA26BC0000FD
:1051E000A0B40000B4B40000C5B40000DFB40000F7
:1051F000FFB4000013B500240094FFF76BFF16BD49
:10520000F0B504000D0095B007931AAB1F781BABE7
:105210001B78110008931CAB1B780EA809931DABDB
:105220001B7816000A931EAB1B780B931FAB1B78E1
:105230000C9303F0B4FF079911A803F0B0FF0C9B87
:105240000EAA05930B9B290004930A9B200003934D
:10525000099B00970293089B019311ABFEF7D6FEC2
:1052600011A803F0A4FE0EA803F0A1FEA46C002C6C
:1052700021D0236831009B690EA80D9303F08FFFA6
:10528000079911A803F08BFF0C9B200005930B9B43
:105290000EAA04930A9B29000393099B009702938B
:1052A000089B0D9C019311ABA04711A803F07FFE52
:1052B0000EA803F07CFE15B0F0BD70B505000C0023
:1052C000FEF778FEA86C002803D0036821005B6A13
:1052D000984770BDF0B51F0004000D0089B01100A3
:1052E00002A8160003F05BFF390005A803F057FF82
:1052F00005AB02AA29002000FEF76AFF05A803F00B
:1053000056FE02A803F053FEA46C002C16D02368AE
:1053100031009B6A02A8019303F041FF390005A800
:1053200003F03DFF200005AB02AA2900019CA04725
:1053300005A803F03CFE02A803F039FE09B0F0BD59
:10534000002070477047002070470020704770476A
:10535000034B10B5186803681B68984710BDC0461A
:1053600054000020034B10B5186803685B68984729
:1053700010BDC04654000020034B10B518680368E8
:10538000DB68984710BDC046540000200123024A44
:10539000437613707047C0460C18002000200B5C49
:1053A000002B02D001308242F9D270470023C2683C
:1053B000436113707047806A7047000070B51F4CDE
:1053C000050020680E00002836D01D49002E03D0AD
:1053D00003F084FD1B49206803F06BFDEB69002B93
:1053E00007D02021206803F073FDE969206803F0ED
:1053F0006BFD1549206803F05CFD0A2229692068CD
:1054000003F0C6FD1149206803F053FD0A226969C3
:10541000206803F0BDFD002E0BD00D49206803F07D
:1054200048FDE968206803F04FFD2721206803F05C
:105430004FFD206803F052FD70BDC04618180020D3
:1054400039BD000031BD00001CBD000022BD0000C0
:105450008EB6000070B5057E0400002D1FD00269D5
:10546000C3689B18002A1BD01A78002A18D0012282
:105470000C4942760A7000221A70E06805F047F87D
:105480006061002D0BD0084B1868002807D0074931
:1054900003F00FFD064B20001978FFF78FFF70BD5A
:1054A0001500E8E70C180020181800209FB800002D
:1054B0005800002010B50400FFF7CCFF606943429C
:1054C0005841C0B210BD70B50400FFF7C3FF200003
:1054D0006569FFF7BFFF2069401B43425841C0B2D6
:1054E00070BD70B50400FFF7B5FF20002569FFF718
:1054F000B1FF6069281A70BD08B4024B9C4604389D
:1055000008BC6047E354000070B50D000400FFF7CD
:10551000A1FF2800E16803F0D7FC70BD10B50400BE
:10552000FFF798FF0123E068237610BD70B50A4CA1
:1055300005002068002808D0202103F0C9FCE96993
:10554000002903D0206803F0BFFC70BD0349206828
:1055500003F0AFFCF9E7C0461818002088B9000036
:10556000F7B5009308AB80CB15001A780AAB1B780F
:105570000400019300238360AD4863760600203069
:1055800060600836601D26602362A362E3602361C9
:105590006361E7612276C3779D4200D12AE1009ED4
:1055A000002E03D0AE1B73425E41F6B2002A26D015
:1055B000019B002B23D104291ED104222261002249
:1055C0009C4B9D4D1A70E36001239C4A2868137020
:1055D0006376002800D197E0994903F06AFC200027
:1055E000FFF7A4FF9749286803F063FC964B20005F
:1055F0001978FFF7E3FE87E0002D00D1FCE04B1E99
:10560000E560033347D9002A31D0019B002B2ED00F
:10561000002912D1874B884DE36019700123874A16
:1056200028681370637600286ED0884903F041FC27
:105630002000FFF77BFF8649D5E7280004F067FFCD
:105640002061002E00D12E70009B002B2AD17A4DB4
:105650007A4A2868013313706376002854D07D4954
:1056600003F027FC2000FFF761FF7B49BBE7002226
:10567000704B714D1A70E3600123704A28681370F3
:105680006376002840D0754903F013FC2000FFF733
:105690004DFF7349A7E7734B994200D919000139AF
:1056A0002161CEE72569681CFF3004F0AFFD0700DB
:1056B00004F0B6FD002F29D10123604A63761370F0
:1056C000E3685D4D67611F702868002818D0614944
:1056D00003F0EFFB2000FFF729FF6349286803F080
:1056E000E8FB0A222169286803F052FC5F49286818
:1056F00003F0DFFB544B276119782000FFF75EFEB3
:105700004C4BE360002323612000FEBD2A0000997A
:105710002000FFF743FE070085425CD2002E03D035
:105720000023E268656153550123434D434A2868CD
:10573000137063760028E7D0002E2BD1454903F083
:10574000B8FB2000FFF7F2FE4949286803F0B1FBDF
:105750000A223900286803F01BFC4649286803F038
:10576000A8FB394B1B78002B00D13FE7286803F0DA
:10577000B5FB4149286803F09CFB4049286803F0C9
:1057800098FB0099286803F09FFB2721286803F005
:105790009FFB2BE7019B3A49002B00D12F4903F0D7
:1057A00088FB2000FFF7C2FE3649286803F081FB22
:1057B0000A223900286803F0EBFB234B1B78002BEF
:1057C00000D113E7286803F089FB2B49286803F010
:1057D00070FB2D49D2E7002E04D102000099E06849
:1057E00004F043FD0023E2686761D355E268216954
:1057F000535489E7002A14D100220E4B0E4D1A7023
:10580000E36001230D4A286813706376002800D1F5
:105810007AE7104903F04DFB2000FFF787FE1B4994
:10582000E1E6019B002BE7D10429E5D1C5E6C0469E
:10583000BCBD00000D180020181800200C18002016
:10584000B1B90000DEB9000058000020F2BA000033
:1058500020BB000098BB0000DFBB000050BB000075
:1058600076BB0000FEFFFF7F13BC000028BC0000D9
:1058700067BC0000FFBB000031BD000081BC000020
:105880009ABC0000C6BC0000F5BC0000ABBB000029
:10589000F0B585B01E002D4C0AAB1B7805002068C2
:1058A00002930BAB039101921F78002823D0284963
:1058B00003F0FFFA2800FFF739FE2649206803F0BD
:1058C000F8FA019B002B18D12068002E27D1029BEB
:1058D000002B30D1206803F001FB1F49206803F042
:1058E000E8FA03990A22206803F052FB1B4B2800B8
:1058F0001978FFF763FD05B0F0BD002F03D1222119
:10590000206803F0E5FA114E0199306803F0DCFAE3
:10591000002FDFD12221306803F0DAFADAE71049EC
:1059200003F0C7FA3100206803F0C3FA0D4920687C
:1059300003F0CAFACEE7272103F0CAFA02992068D9
:1059400003F0C6FA27212068E6E7C04618180020B1
:105950009DB7000011BD00006DBC00005800002084
:1059600015BD000019BD000070B50D4C0600206883
:105970000D00002813D00B4903F09BFA3000FFF70D
:10598000D5FD2E21206803F0A3FA002D03D02900B5
:10599000206803F08EFA0449206803F08AFA70BD8B
:1059A000181800209DB7000071AC0000F8B5040085
:1059B0000D001600FFF74EFD63696A1C00D11D0043
:1059C000AB422AD201233B4A3B4F137063763B68BC
:1059D000002B21D039492000FFF7C6FF384938682D
:1059E00003F067FA0A222900386803F0D1FA354932
:1059F000386803F05EFA2000FFF798FD32493868F6
:105A000003F057FA61690A22386803F0C1FA2F4B94
:105A100020001978FFF7D2FC656963695B1BB3420C
:105A200034D20123234A244F137063763B68002B42
:105A30002AD022492000FFF797FF2549386803F054
:105A400038FA0A223100386803F0A2FA1D49386892
:105A500003F02FFA2000FFF769FD1B49386803F0B7
:105A600028FA0A226169386803F092FA19493868FD
:105A700003F01FFA29000A22386803F089FA134B51
:105A800020001978FFF79AFC63695E1B002E0FD087
:105A90006369E0685A1CA919521B921B41184019EE
:105AA00004F0E3FB002263699E1BE36866619A557C
:105AB000F8BDC0460C1800201818002020AE0000C9
:105AC00049B900003FB6000008B8000058000020A7
:105AD0003CB8000044B80000F7B51E0008AB170042
:105AE00004CB3D4C1B780500019323680092002BEA
:105AF00031D0FFF739FF3949206803F0DAF90A227B
:105B00003900206803F044FA2B7E002B0CD0344976
:105B1000206803F0CEF9791C0A22206803F038FAD5
:105B20003049206803F0C5F90A9B002B0CD02E49A0
:105B3000206803F0BEF90A990A22206803F028FAC7
:105B40002A49206803F0B5F9294F3978002903D193
:105B50002800FFF733FCF7BD1F4C206803F0BEF9A7
:105B60002449206803F0A5F9002E05D1009B002BE5
:105B700002D1019B002B21D01F49206803F099F925
:105B8000002E0CD02721206803F0A2F931002068F4
:105B900003F09AF92721206803F09AF90EE0009BA0
:105BA000002B0DD01549206803F083F90099206877
:105BB00003F07FF91249206803F086F93978C7E7C6
:105BC000019B002BFAD02721206803F081F901996D
:105BD000206803F07DF9DDE7181800206DBC000097
:105BE0004EBD00005ABD00005DBD00006DBD00004F
:105BF0005800002031BD000082BD000015BD00002E
:105C000019BD000070B50D4C060020680D0000287D
:105C100013D00B4903F04DF93000FFF787FC2E211C
:105C2000206803F055F9002D03D02900206803F007
:105C300040F90449206803F03CF970BD18180020B1
:105C400028BD000071AC0000F7B5060008001F0079
:105C50000C001500FFF7FEFB3000FFF7FBFB73693C
:105C60000193002B07D12B003B4304D1E268636111
:105C700013702000FEBD6B1C00D191E07B1C00D195
:105C800089E0AF424BD201970123484A484F7376CF
:105C9000137063763B68002B13D046493000FFF742
:105CA000B1FF4549386803F004F93000FFF73EFCC6
:105CB0004249386803F0FDF8414B30001978FFF78E
:105CC0007DFB7369AB422DD20123384A384D737680
:105CD000137063762B68002B13D036493000FFF722
:105CE00091FF3549286803F0E4F83000FFF71EFC07
:105CF0003449286803F0DDF8314B30001978FFF79C
:105D00005DFB7369019D9D4200D91D00019373697C
:105D1000AB4202D0019B9D4207D10023A6E701952B
:105D20003D00CEE72B00019DF0E7019B20005F1BAB
:105D3000FFF790FB23699F4222D901231B4A1C4D88
:105D40007376137063762B68002BE6D03000194908
:105D5000FFF70AFE1C49286803F0ABF82000FFF7A4
:105D6000E5FB1A49286803F0A4F839000A222868DC
:105D700003F00EF9124B20001978FFF71FFBCCE758
:105D8000F1683A004919E06804F06FFA0023E2680C
:105D90006761D3556DE7019BAB4200D274E7B6E76C
:105DA000019D7B1C00D06CE7B1E7C0460C180020B9
:105DB0001818002062B9000087B900006CB9000013
:105DC000580000209DB9000080B900006DBC0000A3
:105DD000F0B585B000930AAB1B780E0001930BABB6
:105DE000040017001D78FFF735FB0023F26873618C
:105DF00020001370FFF75EFB02000020824220D1DA
:105E00006946097803AB19705A70874200D11F00A8
:105E10003900E06804F0A6FB019B0200002B02D0D1
:105E2000002800D0012200212000FFF7BFFD636998
:105E30000093002B07D1019B5A1E93415B421D40EA
:105E4000280005B0F0BD3900E06804F04FFB009B6E
:105E50000700834201D1002DF2D033699F4236D929
:105E600001231E4A1E4D6376137073762B68002B38
:105E700026D01C492000FFF777FD1B49286803F056
:105E800018F83000FFF752FB1849286803F011F8A2
:105E90000A223900286803F07BF81549286803F0C6
:105EA00008F828683A000368E1685B68984727218A
:105EB000286803F00DF80F4B20001978FFF77EFAE1
:105EC0003A0000212000FFF771FD0125B8E73B00F3
:105ED000002231002000FFF7B7FEF1E70C18002088
:105EE0001818002091B6000071B600006DBC0000CB
:105EF00084B600005800002070B50C4C0D002068DE
:105F0000002812D00A4B1B78002B0ED002F0E6FFBF
:105F10000849206802F0CDFF0749206802F0C9FF58
:105F20000A222900206803F033F870BD18180020F9
:105F30005800002031BD00003FBD0000F8B50C0046
:105F400005001700FFF786FA002C1BD101233A4AFF
:105F50003A4E13706B763368002B01D10020F8BDE8
:105F600037492800FFF700FD3649306802F0A1FFED
:105F700039002800FFF7C0FF334B19782800FFF7DE
:105F80001DFAEBE76E697B1C00D13700200004F09E
:105F9000BEFA0200B7423DD90123274A274E1370AB
:105FA0006B763368002BD9D025492800FFF7DCFC3D
:105FB0002649306802F07DFF0A223900306802F07D
:105FC000E7FF2349306802F074FF2800FFF7AEFABC
:105FD0002049306802F06DFF0A226969306802F0DA
:105FE000D7FF194F3B78002B12D0306802F076FFB4
:105FF0001949306802F05DFF1849306802F059FF16
:106000002100306802F060FF2721306802F060FF55
:106010003978B3E73B18B342A0D8002804D1BE1B9F
:1060200070427041C0B29AE7E8682100C01904F0DC
:1060300075FA44426041F5E70C180020181800205A
:1060400028B60000E6B800005800002033B6000073
:106050003FB6000008B8000031BD000051B9000093
:10606000F0B587B003930CAB1B780E0004930DAB17
:106070001B78170005930400FFF7ECF90023F26882
:10608000736113709F4219D1254A264D01336376FF
:10609000137073762B68002B02D1002007B0F0BD7F
:1060A00021492000FFF760FC2049286802F001FF29
:1060B0001F4B20001978FFF781F9EEE73D78002D9E
:1060C0000FD10123164A63767376164E1370336828
:1060D000002BE2D014492000FFF746FC1549306838
:1060E000E4E72000FFF7E6F9021ED6D1059B002B5E
:1060F0000AD1049B3A000193039B310000932000D6
:106100000023FFF765FEC9E739002000FFF716FFFF
:106110000028EED0039B002BEBD00120BEE7C04649
:106120000C1800201818002091B600004EB800008E
:106130005800002078B8000010B50249FFF714FCA1
:1061400010BDC04615B8000070B5084C05002068A9
:10615000002809D0064902F0ACFE2800FFF7E6F956
:106160000449206802F0A5FE70BDC0461818002042
:106170009DB7000011BD0000F0B50400150087B008
:106180001E0005912F00FFF765F96369002E00D10D
:106190005F19059B002B21D14B4A4C4D01331370E5
:1061A00063762B68002B0DD02000002E13D0FFF754
:1061B000CBFF4749286802F07CFE464B1978200047
:1061C000FFF7FCF8002E03D00023E2686361137030
:1061D000200007B0F0BDFFF7AFFFEAE7002D05D1C3
:1061E000002EF5D0E36865611D70F1E72A0005997E
:1061F0002000FFF7D3F8A84235D20123324A334FAB
:10620000137063763B68002BDCD02000002E27D073
:10621000FFF79AFF3049386802F04BFE29000A2246
:10622000386802F0B5FE2D49386802F042FE294D6B
:106230002B78002B12D0386802F050FE28493868BD
:1062400002F037FE2749386802F033FE05993868B6
:1062500002F03AFE2721386802F03AFE2978AEE7CC
:10626000FFF76AFFD6E723699F420DD8002E25D19C
:10627000E3686269059998182A0003F0F6FF002385
:10628000E2686761D355A3E701230F4A6376137071
:10629000002E09D00025059A019500952B003900A4
:1062A0002000FFF7F5FA9DE7029501960096059B01
:1062B0003A000D492000FFF70FFC89E70023E26850
:1062C00063611370D4E7C0460C1800201818002032
:1062D000E6B800005800002043B600004CB60000AD
:1062E00031BD000051B9000015B8000010B5002301
:1062F000FFF742FF10BD0000F0B587B016000400A4
:106300000591FFF7A7F8002E02D1002007B0F0BDDD
:10631000320005992000FFF741F8B04247D201232F
:10632000314A324D137063762B68002BEDD0304923
:106330002000FFF719FB2F49286802F0BAFD0A2256
:106340003100286802F024FE2B49286802F0B1FDD4
:106350002A4B1B78002B24D0286802F0BFFD284967
:10636000286802F0A6FD2749286802F0A2FD264908
:10637000286802F09EFD00272868BE420ED0059BCB
:106380000A22D95D02F000FE731E286820219F4278
:1063900000D20C3102F09CFD0137EDE71B4902F001
:1063A00088FD164B20001978FFF708F8ADE76569FE
:1063B000236972199A4207D8320005992000FFF725
:1063C00095FF6069401BA1E701230025064963761C
:1063D0000B702000029601950095059B0449FFF77C
:1063E0007BFB280092E7C0460C18002018180020FC
:1063F000BFB7000043B60000C5B70000580000203A
:1064000031BD000082BD0000DDB70000E1B7000033
:1064100008B4024B9C46043808BC6047F96200008F
:10642000F0B585B00F0004001600FFF713F8002F39
:1064300021D10123214A224D137063762B68002B52
:106440000DD02000002E13D0FFF77EFE1D492868D6
:1064500002F02FFD1C4B20001978FEF7AFFF002E35
:1064600003D00023E26863611370200005B0F0BD23
:10647000FFF762FEEAE7002E11D02569002D0ED14C
:1064800001210E4B617619702A002B0001950097AF
:106490002000FFF7FDF9E36865611D70E5E7002363
:1064A00003AD28006B702F7004F031F83300020048
:1064B00029002000FFF760FE0400D6E70C1800203A
:1064C0001818002061B600005800002010B5002206
:1064D000FFF7A6FF10BD0000F0B585B00E00050067
:1064E000FEF7B8FF002E18D10123184A184F137079
:1064F0006B763B683400002B0CD016492800FFF760
:1065000033FA1549386802F0D4FC144B2800197886
:10651000FEF754FF200005B0F0BD6B6901245A1C42
:106520002B699A4204D831002800FFF7CFFFF1E72A
:10653000064B6C761C70002406490294019400946A
:1065400023002800FFF7C8FAE4E7C0460C18002033
:1065500018180020BFB70000E4B700005800002062
:1065600008B4024B9C46043808BC6047D96400005C
:10657000F0B589B003930EAB1E7810AB1B78029276
:10658000049300235361D26804001370049B0F002E
:106590000592012B1BD9119B002B18D1914A013375
:1065A0001370914D029A437653762B68002B0AD0D4
:1065B0008E49FFF7D9F98E49286802F097FC8D497A
:1065C000286802F093FC049B11930023049320009D
:1065D000FEF740FF2369012B16D80123814A824D23
:1065E0001370029A637653762B68002B03D1002533
:1065F000280009B0F0BD20007C49FFF7B5F97E49BD
:10660000286802F073FCF2E72000FEF723FF002267
:1066100007AB5A70039A1E70002A00D103930399A6
:10662000E06803F09FFF002102002000FFF7BEF9A1
:106630000023A362119B002B0CD0631DDA7F002A7C
:1066400008D10F9A1278002A04D00122DA7702F0DA
:1066500077FF20623B6838001B699847002837D1D4
:1066600000260023039A0193009302992000FFF76C
:10667000F7FC01250028BBD1002E00D084E02000CB
:10668000FEF721FF002800D183E0564B65761D7090
:10669000029B5D76544D2868002811D002F01EFC44
:1066A0005649286802F005FC2000FEF73FFF5449D8
:1066B000286802F0FEFB534B20001978FEF77EFE9F
:1066C0000025E36865611D7001230F9A13708FE741
:1066D00020006569FEF7BEFE23699D42C0D22000FE
:1066E000A56AFEF7B7FE23699D42B9D23B68380020
:1066F0005B699847A36A06000133A362002818D19A
:106700000122384B384D111C62761A702868029AA3
:10671000517600289ED002F0E1FB3849286802F04B
:10672000C8FB2000FEF702FF3749286802F0DEFBB5
:1067300090E7049B002B03D0C1B2380002F0C8FBE5
:10674000119B002B05D00122631DDA7702F0F8FEC1
:1067500020620F9B1B78002B03D1F1B22000FFF7C2
:10676000B5FE3100039803F0A9FE002800D171E7BF
:106770000F9BF6B21B78002B00D172E700250F9B10
:106780001D70E36865611D7031002000FFF79EFEFB
:106790002EE7671DFD7F002D00D128E702F0D0FE17
:1067A000236AC01A119B984200D820E70F9B6269A8
:1067B000FE771B78002A02D1002B00D117E7002BAF
:1067C00006D00025E36865611D700F9B1D700FE703
:1067D0000122019300920299039A2000FFF740FCE6
:1067E00006E7C0460C180020181800209BB60000D1
:1067F000AAB60000E7B6000034B700009AB7000060
:1068000077B7000058000020A4B700007FB51E0035
:1068100008AB050001CB1B78002E18D101231A4AC2
:106820001A4C13706B762368002B02D1002004B041
:1068300070BD17492800FFF797F81649206802F045
:1068400038FB154B28001978FEF7B8FDEEE73478D1
:10685000002C0ED101230C4A0C4E13706B7633685A
:10686000002BE3D00A492800FFF77EF80B49306877
:10687000E5E7029300230A9C019000930394330000
:106880002800FFF775FED2E70C180020181800202A
:106890009BB600004EB800005800002078B80000F9
:1068A0000022044B04495A601960044B5A60044AA0
:1068B0001A6070470418002000B60000101800206D
:1068C00018B6000073B5012300250093019504005C
:1068D0002B00026B0100C06AFFF7C2FB0600E06AF2
:1068E000FEF764FD2300701E864134331D70DD7099
:1068F000F0B22564656476BD70B504001E00C16207
:1069000004AB02631D78FFF7DDFF230034331E70F4
:106910006B1E9D41230035331D70059B2200A36330
:10692000002336321370537093712364636470BD17
:10693000F0B585B00D0011001A000CAB1E780DAB40
:106940001F78012302930023040001930A9B009304
:10695000094BFEF705FE094B20002360084B00970A
:1069600063600E9B0B9A019329003300FFF7C4FF6D
:10697000200005B0F0BDC0467CAC0000F4BD0000B6
:106980000CBE0000F0B5056C89B00400002D15D1D7
:106990003A4C200002F0A2FA3949200002F0A6FA8F
:1069A000200002F09BFA374B18680368DB689847B1
:1069B000354802F0FBFD280009B0F0BD0600343672
:1069C000337802000593836B29000293030035336B
:1069D00006931B7800960193036BC06AFFF716FFBE
:1069E0000200531E9A416B4607920700E06A1D7F22
:1069F000FEF7E1FC636C1818059B6064002B0AD15C
:106A000033780593002B03D1079B5B421D4028E0A0
:106A1000002F03D01DE0002F23D105973378002BE2
:106A200014D0A36B22000293069B1B78009601935F
:106A3000236B216CE06AFFF7E9FE451EA841C5B251
:106A4000E06AFEF7B8FC636C18186064059B002BC5
:106A500007D00A4E300002F041FA0C49300002F033
:106A600028FA230036331B78002BA4D12000FEF730
:106A700021FD43425841404205409CE71018002048
:106A80001CBE0000540000208813000060BE0000FF
:106A90000300012210B537331A70026C0400002A7B
:106AA00025D000221A70C06AFEF780FC206C0368B3
:106AB0001B699847002813D0206C03685B699847CE
:106AC000C1B2002903D12000FEF760FCEEE72300ED
:106AD00035331B78002BE9D0206C02F0F9F9E5E79B
:106AE0002300012234331A702000FFF74BFF10BD42
:106AF00000234364030010B5016437331B78002B77
:106B000001D0FFF7C5FF10BD0C3070470C30704747
:106B10000620704770B5234E0500048F8AB0408F61
:106B2000B14200DD310048431E4903F029FAEB8EE3
:106B30001C491B1B584303F023FA0419B4422CDDF3
:106B4000184C02F003FD2B00286434331878210020
:106B500002F04AFF01233C352B70134904A802F0D0
:106B600075FA0A22210001A802F0D2FA01A904A8AC
:106B700002F080FB010007A802F011FB022107A828
:106B8000FBF7F6FA07A802F012FA01A802F00FFAD2
:106B900004A802F00CFA0AB070BDE043C01704402C
:106BA000CFE7C046FFFF000028C1000030B50B68EA
:106BB00085B004001B6A08001500984785420ADD6D
:106BC0000A4901A802F042FA01A80521FBF7D0FA10
:106BD00001A802F0ECF93C216943054B2000C918DB
:106BE000FDF767F8200005B030BDC0468BB500004A
:106BF0001C18002070B5054D054C3C3D20003C3C68
:106C0000FDF792F8AC42F9D170BDC0461C180020C7
:106C100048190020F8B504000E00FDF7BFF9200068
:106C200000250127134B144908332360134B2430EC
:106C3000E360134B2161636127766576E061114A59
:106C400003F001F902232362E36930009D70012300
:106C50005B42E386638723003C3325871D700A4B24
:106C600025646364230034331E70390002F0A6FFEC
:106C70002000F8BD48C1000045C1000085BF0000EC
:106C8000B8A8000047C10000983A000010B50029DC
:106C900001DDFFF73FFF10BD030010B534330400E2
:106CA0000021187802F0A0FE00233C34237010BDB0
:106CB00010B5040002F04AFC23003C331B78002B83
:106CC00009D0226C636C801A984204D9002B02D040
:106CD0002000FFF7E1FF10BD70B50C001500002388
:106CE0008AB00600012229002000FCF73FFD0323A3
:106CF000002831D0206802F0D7FB01003000FFF7F8
:106D0000C5FF0E9968460C3102F049FA14496846ED
:106D100002F0BDFA0600206802F0C6FB0A2201005C
:106D200003A802F0F5F903A9300002F0A3FA06ACBB
:106D30000100200002F033FA06232100280023730B
:106D4000FCF7FCFC200002F032F903A802F02FF956
:106D5000684602F02CF9012318000AB070BDC04645
:106D600026BC0000F0B505000E001F0095B005AC74
:106D70001A9920000392FCF79CFF3B00039A310014
:106D800000942800FFF7A8FF05002000FCF7CCFFC7
:106D9000280015B0F0BD000070B58AB015000E00D7
:106DA000FFF77AFF0E9968460C3102F0F8F91449A2
:106DB000684602F06CFA0400306802F075FB0A22A3
:106DC000010003A802F0A4F903A9200002F052FA7E
:106DD00006AC0100200002F0E2F9062321002800A1
:106DE0002373FCF7ABFC200002F0E1F803A802F0EB
:106DF000DEF8684602F0DBF801200AB070BDC0463C
:106E000026BC0000F0B505000E001F0095B005ACD3
:106E10001A9920000392FCF74CFF3B00039A3100C3
:106E200000942800FFF7B8FF05002000FCF77CFF66
:106E3000280015B0F0BD0000F0B58BB006000F00C3
:106E40001500109C002B2AD0210068460C3102F05E
:106E5000A6F91949684602F01AFA04000A22F18ECE
:106E600003A802F031F903A9200002F003FA06ACEE
:106E70000100200002F093F906232100237328006B
:106E8000FCF75CFC200002F092F803A802F08FF8F7
:106E9000684602F08CF8012318000BB0F0BD012207
:106EA00029003800FCF762FC03230028F4D038687E
:106EB00002F0FAFAF086C7E726BC0000F0B505003C
:106EC0000E001F0095B005AC1A9920000392FCF744
:106ED000F0FE3B00039A310000942800FFF7ACFF5E
:106EE00005002000FCF720FF280015B0F0BD0000D1
:106EF000F0B58BB006000F001500109C002B2AD0B7
:106F0000210068460C3102F04AF91949684602F03E
:106F1000BEF904000A22318F03A802F0D5F803A9B4
:106F2000200002F0A7F906AC0100200002F037F9BA
:106F30000623210023732800FCF700FC200002F048
:106F400036F803A802F033F8684602F030F801235F
:106F500018000BB0F0BD012229003800FCF706FC38
:106F600003230028F4D0386802F09EFA3087C7E780
:106F700026BC0000F0B505000E001F0095B005AC62
:106F80001A9920000392FCF794FE3B00039A31000B
:106F900000942800FFF7ACFF05002000FCF7C4FEBA
:106FA000280015B0F0BD0000F0B58BB006000F0052
:106FB0001500109C002B2AD0210068460C3102F0ED
:106FC000EEF81949684602F062F904000A22718F4E
:106FD00003A802F079F803A9200002F04BF906ACEF
:106FE0000100200002F0DBF80623210023732800B3
:106FF000FCF7A4FB200001F0DAFF03A801F0D7FFA3
:10700000684601F0D4FF012318000BB0F0BD012247
:1070100029003800FCF7AAFB03230028F4D03868C5
:1070200002F042FA7087C7E726BC0000F0B5050001
:107030000E001F0095B005AC1A9920000392FCF7D2
:1070400038FE3B00039A310000942800FFF7ACFFA4
:1070500005002000FCF768FE280015B0F0BD000018
:10706000F0B58BB006000F001500109C002B2AD045
:10707000210068460C3102F092F81B49684602F084
:1070800006F904000A22716C03A802F053F803A960
:10709000200002F0EFF806AC0100200002F07FF8BB
:1070A0000623210023732800FCF748FB200001F091
:1070B0007EFF03A801F07BFF684601F078FF012303
:1070C00018000BB0F0BD012229003800FCF74EFB80
:1070D00003230028F4D0386802F0E6F9034B984205
:1070E000C6D87064C4E7C04626BC000090D0030038
:1070F000F0B505000E001F0095B005AC1A992000F0
:107100000392FCF7D6FD3B00039A3100009428005F
:10711000FFF7A6FF05002000FCF706FE280015B0CB
:10712000F0BD0000F8B55A4C5A49200001F08EFF1E
:1071300059495A4801F08AFF594E5A49300001F026
:1071400085FF5949594801F081FF2300002530335C
:107150001D702300052731331D70554B20366363A6
:1071600037705449544801F071FF5449544801F0B4
:107170006DFF5449544801F069FF5449544801F0E7
:1071800065FF464B082260331D7023006D331D7070
:10719000504B51492367230074331A704F4801F054
:1071A00055FF4F494F4801F051FF4F494F4801F0FB
:1071B0004DFF4F494F4801F049FF2300A8331D7090
:1071C00023000126A9331E7023004B4AAC331A60FA
:1071D0002300B0331F704949494801F037FF49493E
:1071E000494801F033FF4049484801F02FFF484922
:1071F000484801F02BFF2300E4331D702300E533E2
:107200001E702300444AE8331A60244B4349E0339C
:107210001F70434801F01AFF424F4349380001F004
:1072200015FF4249424801F011FF4249424801F02E
:107230000DFF90235B00E5542223FF33E6543F4BC0
:107240000222BB6294235B00E2543D493D4801F0B9
:10725000FDFE3D493D4801F0F9FE3D493D4801F044
:10726000F5FE3D493D4801F0F1FEAE235B00E554DB
:107270005E23FF33E6543A4B12227B66B2235B0057
:10728000E2542800374A384902F0BEFDF8BDC04636
:107290001C180020A4BE000054B1000028180020D3
:1072A00034180020ABBE0000B3BE00004018002020
:1072B000656D0000EBBE000058180020E2B300002E
:1072C00064180020F0BE000070180020F4BE00001A
:1072D0007C180020056E00008EBF0000941800206E
:1072E00097BF0000A01800209ABF0000AC18002033
:1072F000A4BF0000B8180020BD6E0000C6BF00008B
:10730000D0180020CFBF0000DC180020E8180020B3
:10731000D2BF0000F4180020756F0000F4BF000019
:107320000C1900201819002004C0000007C000003C
:10733000241900200DC00000301900202D7000001D
:107340002BC00000481900202EA80000541900206E
:107350003AC00000601900203DC000006C190020F8
:10736000F170000000000020F56B000000230371A5
:10737000016070479446F0B59E1E721E96416246AB
:10738000056892072F6836063A4332432A6007257C
:1073900005AC24780068A4012940214342680024F8
:1073A000022B00D05C03114321434160F0BD30B596
:1073B000C0250368AD031C6812052A402243C0247F
:1073C0000904A40221401143196003685A68144358
:1073D0005C6030BD0123026811680B4313600368D1
:1073E0001A68D207FCD4DA69D207F9D470470223AD
:1073F000026811680B4313600268D3699B07FCD4D1
:1074000070470268137E9B0702D40379002BF9D1E1
:10741000002303717047002203685A837047036892
:10742000187E4007C00F70470368187EC009704778
:10743000802302685B42117E0B431376704703681A
:10744000588B8007C00F704702230268518B0B4393
:10745000538370470368187EC007C00F70470368E6
:10746000188DC0B2704703681A7ED207FCD589B266
:1074700019850123037118007047012203689A756A
:107480007047012203681A75704700000368214A9B
:1074900030B593422FD0204A93422FD01F4A9342B7
:1074A0002FD01F4A93422FD01E4A93422FD01E4AFC
:1074B00093421FD10E2319220121032599401B4815
:1074C000C024016099082B40AB40FC359D408900E9
:1074D0000918A4000859A843C0259D402B00034368
:1074E0000B518023DB011A43114B5A805A7852B258
:1074F000002AFBDB30BD09231422DDE70A23152215
:10750000DAE70B231622D7E70C231722D4E70D2343
:107510001822D1E700080042000C0042001000428F
:107520000014004200180042001C004200E100E08C
:10753000000C0040F8B504000F0016001D00FFF716
:10754000A5FF2000FFF746FF1C21BB000B40710781
:107550002268090C0B431360842322689375012F62
:107560001AD11021012E00D008390C4B694318683C
:10757000C00002F07BFC0722216802408B89520385
:10758000DB04DB0C13438B81226803049089DB0C42
:10759000400B400318439081F8BDC04664000020B2
:1075A0000020704770B50F26CB1D01390200324014
:1075B000D5B22C0000093034092A00DD07341C70D4
:1075C000013B8B42F2D170BD10B50C000B4B18681B
:1075D000FFF7E8FF21000A4B08311868FFF7E2FFC8
:1075E0002100084B10311868FFF7DCFF2100064B23
:1075F00018311868FFF7D6FF202010BD0CA08000BE
:1076000040A0800044A0800048A0800008B4024B45
:107610009C46103808BC6047C97500007047704729
:107620003F20704713B56B460268D9710733546821
:1076300019000122A04716BD70B50A260B7892B03A
:107640006E44023305000B703C220021300002F032
:107650001FFE394801AC06903848242107900620C7
:1076600020776846364AA1742281364A364BA28179
:10767000FD3AFF3A8018C177684623390630C17752
:1076800068460730C17702A8C1770720F277032642
:1076900008316944C87703A9CE7710212B366E4490
:1076A0003170092621851F3169440E700CA9053EF1
:1076B0000E7033212380022369440B7006360DA916
:1076C0000E7022493536A1863B216E44307010A8D9
:1076D0006274E27702703D3269446A440B70137041
:1076E00040210022E37023716371A37341336B4423
:1076F000218719705A702B7DC039A370A3726377EC
:107700000133DBB2A3776A7D0B200D00684415437B
:10771000C5773120684403703A23501C6B441870BD
:10772000412302320A436B441A7021004222084866
:1077300000F004FD12B070BD1001042402060524FF
:107740000904000001020000080B0000070500000A
:10775000E819002008B4024B9C46103808BC60476A
:1077600039760000F8B5027D0B7904000D00002782
:107770009A420CD10B784E78A12B0AD1212E06D13A
:107780000100072234311C4800F0D8FC01373800D2
:10779000F8BD212BFBD1202E23D10100072234314B
:1077A000154800F00DFC9623626BDB009A421FD156
:1077B0003B342378DB071BD4FA2002F0D7FA0021F0
:1077C0000D4800F0C3FD0127232EE0D1EB78AA7805
:1077D0001B021343094A00210748136000F0B6FD5D
:1077E000D5E7222EEFD103008A783B331A70DAE70F
:1077F00002F0C6FAE3E7C046E81900205C0000206A
:1078000008B4024B9C46103808BC604765770000FE
:1078100010B534300822002102F03AFD10BD0000FE
:1078200010B5417D006A013100F002FB034B1B687B
:1078300001335A1E9341181810BDC0466000002045
:1078400010B5417D006A023100F008FB10BD10B593
:10785000417D006A023100F0CFFA10BD70B50D0015
:10786000417D0400130002312A00006A00F0BCFBD5
:10787000002801D10123636070BD000010B5054CE4
:1078800023685A1C04D103685B6998470300206091
:10789000180010BD60000020074A0300106810B5F2
:1078A000411C03D001235B42136010BD597D186A4F
:1078B000013100F049FBF8E76000002070B50500D9
:1078C00001F03EFEF423FF330024984207D93B35F4
:1078D0002C780A20631E9C41E4B201F067FE200070
:1078E00070BD00207047704770470000FA239B006E
:1078F00010B58360114B0022C382030028338361DB
:107900000F4B04004260C2611800503323610830FD
:10791000631D21622060DA770A4A2F3303CA03C34A
:107920008323A362813BE3628033236301F086FA01
:107930002100103101F054FA200010BD03020000B4
:1079400084C100007CC10000022110B5094B1A68F7
:10795000437D5B01D318FF339C7A21439972437DA9
:107960000133DBB25B01D3180122FF33997A0A435A
:107970009A7210BDA01E002010B502490248FFF700
:10798000B5FF10BDE819002084190020704710B51C
:10799000040001F0C1FE200010BD0000F0B58229F6
:1079A00019D1C3B2294D5A01AA189169284C8001F6
:1079B0000C40C021890521439161264908334018B4
:1079C0007021506128685B011A5C8A4311003022E3
:1079D0000A431A54F0BD0029FCD1C026C1B21B4C89
:1079E0004B01E3189A681A4DB6052A4032439A6053
:1079F000194A800182185A600A0007272468083251
:107A00005201115DB9430F000121394311559F699E
:107A100010493D4040182E439E6158617020115D11
:107A20008143080010210143115599680B48A218A1
:107A3000084080214903014399609968890B8903B3
:107A40009960402311790B431371C3E7A01E0020F6
:107A5000FFFFFF8F141A0020D41B0020FF3F00F00F
:107A6000EFF3108303600123436072B6704703682D
:107A7000002B02D162B6BFF36F8F704773B5836D71
:107A80000400002B1BD10600A83635786846FFF7A6
:107A9000E7FF019BEDB2013B02D33578EDB2FAE787
:107AA00068460193FFF7E3FF002D01D1002076BD6A
:107AB0002300A4331868A0342368C01AF7E7684687
:107AC000FFF7CEFF22000025019BF432013B02D3D9
:107AD0001578EDB2FAE768460193FFF7C8FF002D6D
:107AE000E4D02300F0331868EC34E5E710B5436DBB
:107AF0004468DBB25A01A21891680948083308406B
:107B0000802149030143916091685B01890B8903DE
:107B100091602268D318402219790A431A7110BD66
:107B2000FF3F00F0F7B5436D4268DBB21900040077
:107B30000831106849014118C979C90711D55B019D
:107B4000D21893689B049B0C0CD12000FFF7CEFF4A
:107B500063681A68636DDBB208335B01D3187F2258
:107B6000DA71F7BDE16D002923D12100A4310B604A
:107B700023000125AC33E56568465360FFF770FFCD
:107B8000260020002100019BA836013BF430F5318E
:107B90005A1C33D0357002785F1ED2B20A700A7850
:107BA000002A04D120000193FFF7A0FFE8E73B0083
:107BB000EEE72100F0310B600023E3652300603322
:107BC00053606846FFF74CFF012526002000210086
:107BD000019BF436013BA830F5315A1C0ED03570AC
:107BE00002785F1ED2B20A700A78002A04D12000FF
:107BF0000193FFF77BFFE8E73B00EEE76846019360
:107C0000FFF735FFA4E737B56B46DC1D00230D00F9
:107C1000237001F013F9210001F09FF82B68181868
:107C2000286020783EBD00000078002810D0012197
:107C3000084B1B681A898A431A810822198B0A4348
:107C40001A830422198B0A431A830022024B1A60FA
:107C50007047C046A01E0020981E002010B50F4A95
:107C600093699B0B9B03936113680222FF331A7283
:107C70009879823A02439A711A7A9207FCD57F2446
:107C8000074A2140937A0800A34319008023014347
:107C90009172917A5B420B43937210BDA01E00203B
:107CA0000050004110B50C0001F0C8F8210001F0AF
:107CB00087F8002804D1034A93699B0B9B039361C7
:107CC00010BDC046A01E0020F8B50D00832A19D1B2
:107CD000CBB23B4C5A01A21891693A48AD01084019
:107CE000C021890501439161374920686D187021D1
:107CF000083355615B011A5C8A43110040220A4334
:107D00001A54F8BD022A55D1304A8B0098580028E1
:107D100002D003685B699847F82001F0F9FC040081
:107D2000274E2B4B4660036040220021083002F0B2
:107D3000AFFA22000023A032A3646565E3642365E3
:107D4000A365E3655360D3641372136013654C320B
:107D500013725372FF222B00134059017118886867
:107D6000184F08330740C0208005384388603068CA
:107D700007265B01195CAD00B1430E0003213143BE
:107D800019542300616D6068114049014118603346
:107D90004B60616D63680A401B6852019B180122A9
:107DA000FF33997A20000A439A72FFF79FFE074B30
:107DB0005C51A6E711002800FFF7F0FDA1E7C046DF
:107DC000A01E0020FFFFFF8F141A0020EC190020D6
:107DD000ECC1000070B505000124064BA200D2588A
:107DE000002A06D0210028000134FFF76DFF0A2C7D
:107DF000F3D170BDC01900200B4BCAB20B488901EA
:107E0000C9185301C318596199690832890B89034C
:107E10009961036852019A180223D3715179823B08
:107E20000B4353717047C046141A0020A01E002057
:107E3000084B8A00D05810B5002803D003689B680F
:107E4000984710BDC9B2044B49015918886880048D
:107E5000800CF6E7EC190020A01E002010B50C00E5
:107E6000FFF7E6FF00280CD0064BE4B21B6808348D
:107E700064011C19802362795B42134363710223FE
:107E8000E37110BDA01E0020F0B51C002A4B85B088
:107E90001B6807000D000292002B4AD0274B8A0076
:107EA000D058002808D0036822005B6802999847E0
:107EB0000400200005B0F0BD3800FFF7B9FF844290
:107EC00004D929003800FFF7B3FF04000121EBB209
:107ED0001B4E03935B010193F21893689B0B9B036A
:107EE0009360019A336802989B18FF335A7A0A43C9
:107EF0005A72144BA901C918220002F0ADF9002CE6
:107F0000D7D029003800FFF793FF0028D1D14021B6
:107F1000039B326808335B01D31818790143197148
:107F20000121D971019BD318FF339A7A0A439A72BF
:107F3000BFE701246442BCE7981E0020EC19002032
:107F4000A01E0020D41B002013B56B46DC1D2200B0
:107F50000123FFF799FF012801D1207816BD0120E8
:107F60004042FBE770B5CBB2124A13485C0189016D
:107F70008918021951609168104D08330D40802115
:107F800049032943402591609168890B89039160D9
:107F900001685A018A1816793543157195796D066D
:107FA000FCD55B01C918CB79DB07FCD500198068CB
:107FB000C0B270BDD41B0020A01E0020FF3F00F007
:107FC00070B50D0000211400FFF7CCFFA04200D9CE
:107FD000200000230349A34203D0CA5CEA540133C2
:107FE000F9E770BDD41B0020F0B51E003A4B85B0F8
:107FF0001B680F000192002B35D08023DB019E42CD
:1080000031D80025354B8A01D3180293002E2CD08D
:10801000334B1B680393FF233B401C000093083441
:10802000039B64011C19A379DB0921D02D4B2E4938
:10803000186801F01BFF2D4B1721584301F016FF64
:108040002B4BE279920713D4DA5D002A01D1013873
:10805000F7D20122DA55009B5A01214B9B189A69ED
:10806000920B92039A6101256D42280005B0F0BD84
:1080700000221F4B3400DA553F2E09D9009B4024C3
:108080005A01174B9B188022996912060A439A617C
:1080900022000199029802F0DFF8009BA1045A0126
:1080A0000F4B890C9B18029A2D195A619A69361B3D
:1080B000920B92030A439A61009B039A08335B0177
:1080C000D3180222DA715979823A0A435A71019B14
:1080D0001B1901939AE7C046981E0020141A00202D
:1080E000A01E00206400002040420F00701101001B
:1080F000091A002070B50D001C000D4BAE01F618DA
:1081000011003000220002F0A7F8EDB209496D011C
:108110004D196E61AB69084A20001340AB61AB6931
:10812000A2049B0B920C9B031343AB6170BDC04632
:10813000141A0020A01E0020FF3F00F0F7B5104BDE
:1081400001901B780F001500002B0CD10D4B160071
:108150001C78002C09D00C4E0C4834882018641967
:1081600002F07AF834802800FEBD002EFBD03A19C8
:10817000330000210198FFF7BDFF2418361AF4E7F9
:10818000941D0020951E0020961E0020951D0020A5
:10819000F8B50F0016000024012A26D9100002F0BD
:1081A00035F80500380002F0B2F90323022201304D
:1081B000400028706B7096420DD9397800290AD09A
:1081C000531CDBB20137A9549E4203D00232EC5457
:1081D000D2B2F0E7320029000548FFF7AFFF441E96
:1081E000A041C4B2280002F01BF82000F8BDC04630
:1081F000E8190020F0B50024012685B0184B0F00C7
:1082000069461E7005000094FFF7FDFC154B01A99F
:108210000B806A3BFF3BCB715A330B72009B8C7116
:1082200009334B800E4B4E7108711C703A00092FB8
:108230000FD00D4F09223E700C4E28000094348060
:10824000FFF77CFF69462800FFF7DDFC328808490C
:108250003C702800FFF772FF012005B0F0BDC0465A
:10826000941D002009020000951E0020961E00208B
:10827000951D002070B5CE7892B005000C00022E3E
:108280000BD18B79C9792C4809021943FFF7B2FF4A
:10829000411E8841C0B212B070BD00F0CFFD210078
:1082A00000F06FFD002803D0C117081AC00FF2E7D5
:1082B000012E0ED1E279A37912021A431F49112A25
:1082C00013D8D2B2002A10D02800FFF737FF0120C0
:1082D000E1E7032EDFD1A378002B08D1E279A3795F
:1082E00012021A431649032AEBD90A78ECE7022B4B
:1082F00008D1E279A379120212491A432800FFF744
:1083000047FFC8E7012B05D1E279A37912021A438E
:108310000D49F3E7032BBED14122010001A801F072
:10832000B7FF00F08BFD01A900F03BFDE279A379D6
:1083300012021A4301A9E1E7E819002028C200004F
:1083400018C2000008C200001CC20000CBB20449E1
:108350005B01C9188B699B0B9B038B617047C046FF
:10836000A01E002037B5050048780C000B2810D857
:1083700001F072FD061B0F2B0F404561494C5A5D01
:10838000097801AA002906D1022311802800FFF7ED
:10839000B1FE01203EBD00231380284B1B78012B2A
:1083A00000D1137002230021F0E78A780023012A0C
:1083B00003D101AA1380224BF0E7204A1370214A0F
:1083C00093699B0B9B039361E3E78C78012C06D1A7
:1083D00000211B4B01AA1C7011702300D6E701205D
:1083E000002CD7D1154B174A187093699B0B9B0330
:1083F0009361CFE789782800FFF730FCC9E72800B0
:10840000FFF738FFC6E701230F4ACCE70B780020BF
:10841000DB06BFD12800FFF7DDFCA2780A4B0B4832
:108420001A60FFF791FACAE70123094ABBE78A7885
:10843000074B1A60C3E70020ACE7C046081A0020CB
:10844000101A0020A01E0020981E00208419002071
:108450009C1E00203A4BF7B51E780500002E5FD118
:10846000384C23689A8B12070DD5082231009A8365
:108470003000FFF793FA10222368FF33997A0A43FA
:108480009A72314B1E6023689A8B520701D50422E1
:108490009A83FF331A7A920603D52022597A0A4327
:1084A0005A721A7AD20623D569460800274AC0CAEA
:1084B000C0C0A268920B9203A26040225879024386
:1084C0005A7160230A7828001A422AD1FFF74AFF1E
:1084D0002368FF33002827D08022997952420A432B
:1084E0009A711A7A520603D54022597A0A435A726F
:1084F0007F2601252368FF331E722F00236808376B
:108500007F01DB19DB79002B07D0114BAA00D05873
:1085100000280DD003681B6898470135082DECD161
:10852000F7BDFFF7BFFBD3E720210A4A9171D8E7D7
:1085300029000948FFF7D8F92368DF19FE71ECE735
:10854000951E0020A01E0020981E0020D41B002095
:10855000EC190020FF5000418419002010B502489A
:10856000FFF778FF10BDC046E819002080235B00AC
:108570000380002343600733037270478300014880
:10858000C0187047C0190020836C402B09D03F22CF
:10859000036CC154036C013313400364836C0133D7
:1085A00083647047F7B505006846FFF759FA00265F
:1085B0004022019B013B02D32E6D961BFAE76846D1
:1085C0000193FFF754FAAB6D6846002B4FD1FFF7CC
:1085D00047FA2900019BA831013B5A1C0CD00C78AA
:1085E0005A1EE4B2002C05D168460193FFF73FFA0A
:1085F0002000FEBD1300F0E7684601930024FFF75A
:1086000036FA2A002900A0321368A431B4420ED0F1
:10861000086898420BD92800591CEB181160603388
:1086200019780830C9B2FFF7AFFF0134E9E70968EC
:108630009942DDD1002313600133AB656846FFF733
:108640000FFA2F002A000021019BA837013BF532C9
:10865000581CC9D0397010785E1E002805D01170E2
:1086600028000193FFF742FAEBE73300F0E7FFF74A
:10867000F7F92900019BF431013B5A1C06D00C7814
:108680005A1EE4B2002CAFD01300F6E768460193FF
:108690000024FFF7ECF92A002900EC321368F031CE
:1086A000B44202D0086898421DD8096899429FD107
:1086B000002368461360AB65FFF7D2F92F002A004C
:1086C0000021019BF437013BF532581C00D18BE7A8
:1086D000397010785E1E002811D0117028000193A7
:1086E000FFF704FAEAE72800591CEB181160AC33D5
:1086F00019780830C9B2FFF747FF0134CBE73300E0
:10870000E3E710B50400FFF74DFF206D10BD10B575
:108710000400FFF747FF236D002B03D0E36CE41840
:10872000207A10BD01204042FBE7F7B517000E008C
:108730000400FFF737FF6846FFF792F93F22002554
:108740009446019B013B5A1C19D0BD4215D2226DA3
:10875000002A12D00121226D4942002A0AD0604627
:10876000E26CA218117AE26C01320240E264226DDE
:10877000013A226571550135E7E7013BE3E76846B9
:108780000193FFF774F92800FEBD0000014B024A77
:108790001A607047A01E0020005000412023F7B54A
:1087A000474A0500D1690F200B43D3610122454997
:1087B0000B7813430B70444B1978814319700621D1
:1087C0001C782143197041490C7822430A701A78A9
:1087D00002401A70602219780A431A703C4B3D4AD5
:1087E0005A805F78FF09FCD13B4800F0A3FE0123CB
:1087F0003A4C3B4E2268300011780B4313708022B4
:108800003900520001F044FD22689378DB07FCD464
:1088100056621F26334B1B68590B980C9B01314045
:1088200030405B0FB14200D105211F2800D1023832
:10883000072B00D1043B31408901178D01912A4952
:1088400030400F40019939431185118D0700B14324
:10885000080038431085118D1803244B7F260B40E8
:1088600003430C2013850823D17881430B43032154
:10887000D3702268D3788B4301390B43D3702268BD
:10888000137833401370042322681678334313702F
:108890002268C1241389A400834315481381035916
:1088A0001B021B0A035180230360137811481943EC
:1088B000012311702B700021FEF7B0FEF7BDC046FA
:1088C00000040040584400413C44004159440041E8
:1088D000000C0040064000005D850000A01E002046
:1088E000A41E0020246080003FF8FFFFFF8FFFFFE1
:1088F00000E100E0841900200120704710B50368F2
:10890000014A1B6A984710BD13040000FC30006A3E
:10891000704787239B00C018C36880204000C01A9E
:1089200070470300FC331A6A002A03D0DB69C018C1
:10893000007D704701204042FBE710B5040000694C
:10894000FEF748FD22000023FC329361D3611362DD
:1089500087229200A4186360A360E36010BD8723A0
:1089600010B59B00C218D368002BFCD10069FEF73C
:1089700048FD10BDF0200140303948424841704761
:10898000F0231B011940802306209B0099420AD046
:108990000133FF330130994205D0802302385B0058
:1089A000994200D0002070470F200140002001298B
:1089B00003D00239481E8141481C70478B23F0B513
:1089C000182685B002919B000400C05C330008218A
:1089D0004343324D1700EB18595601F067F9304BFD
:1089E0000821E05C33004343EB18595601F05EF96F
:1089F0002C4BE25C0393022A09D11133E05CFF287F
:108A000005D008214643AE19715601F04FF98C2666
:108A1000B600A05DFF2819D0012101F0CFF818227F
:108A2000A35D21495A43AB56AD18DB0158188D217F
:108A3000890060501D4901225B188E218900635016
:108A400069688A408F21890062501A600122029B66
:108A500011002069FEF76EFD39002000FFF790FF3E
:108A6000390005002000FFF79FFF390006002000B5
:108A7000FFF780FF33000090290020690122FEF7F4
:108A800079FC0B4B2069E25C039BE15CFEF78FFCF9
:108A90002069FEF7ACFC05B0F0BDC046D4A80000CC
:108AA0002D0200002F020000184400411444004130
:108AB0002E020000802210B504005200002101F0B7
:108AC000E7FB23000022FC335A6020009A60DA6042
:108AD00010BD0000F7B51D0008AB1B780400009323
:108AE00009AB1B781600019300234360FA239B0017
:108AF0008360114B0F00083303601430FFF7DAFF77
:108B000020002130FF30FFF7D5FF8B236A469B0002
:108B10002761E654094B1278E554094B2000E254D2
:108B20006A46084B1279E2548C22313BFF3B92009B
:108B3000A3541032A354FEBD3CC200002D0200001D
:108B40002E0200002F020000F7B5EFF31083009310
:108B50000123019372B680260200FF25019BFC329F
:108B60007600013B5C1C0FD0D4685F1EB44209D074
:108B700054680155546801342C405460D468013461
:108B8000D460EEE73B00EDE768460193FEF76FFF28
:108B9000F7BD13B5EFF3108300930123019372B671
:108BA000019B5A1E0192002B15D00300FC33DA689A
:108BB000002A0DD09A68845C9A680132D2B29A6019
:108BC000DA68013ADA606846FEF751FF200016BD08
:108BD00001246442F7E701246846FEF748FF644237
:108BE000F4E710B504000069FEF729FC002805D061
:108BF0002069FEF734FC2069FEF726FC2069FEF7A9
:108C00000EFC00281BD02069FEF729FC0100200083
:108C10001430FFF799FF8C239B00E35CFF2B0ED0F1
:108C20002300FC331A6A80235B009B1A092B06DCA5
:108C30008D238F229B009200E358A2581A6020696E
:108C4000FEF708FC00280ED087239B00E318DB68A2
:108C5000002B14D020002130FF30FFF79AFFC1B263
:108C60002069FEF700FC2069FEF7DEFB002805D036
:108C70002069FEF7DDFB2069FEF7CDFB10BD206902
:108C8000FEF7FFFBEFE70000F8B5040000690D00F8
:108C9000FEF7E0FB87239B00E618002802D0F3686C
:108CA000002B34D001278022F3685200934223D155
:108CB000EFF310833B4210D1174B5B68DB05DB0DF4
:108CC000F1D0103B5BB2002B10DAF13A1340083BB5
:108CD0009B08124A9B009B181B682069FEF7BAFB91
:108CE0000028E0D02000FFF77CFFDCE79B08C033C2
:108CF0000B4A9B009B58F0E720002130FF302900F1
:108D0000FFF722FF2069FEF7B8FB0120F8BD29001C
:108D10002069FEF7A8FBF8E700ED00E01CED00E09D
:108D200000E100E010B504001430FFF732FF8C239F
:108D30009B00E35CFF2B0ED02300FC331A6A8023D8
:108D40005B009B1A0A2B06DD8E238F229B0092006C
:108D5000E358A2581A6010BDFEE770B50E0000255A
:108D60004468002C0BD0236831005B6820009847D2
:108D7000002802DB2D18E468F3E701256D42280086
:108D800070BD70B50D004468002C08D02368290020
:108D90009B6820009847002802D1E468F4E720008F
:108DA00070BD70B50D004468002C07D02368290001
:108DB0002000DB689847E4682D18F5E72C7070BD3B
:108DC00070B50D004468002C08D0236829001B688A
:108DD00020009847002802D1E468F4E7200070BD25
:108DE000F8B542788B790D00017A9B1804000020B9
:108DF0008B4222DC6368834219D1656000262378A8
:108E00006A71EA792B719B182370AB79B34213D93D
:108E1000AB68B7006078DF19FFF7B0FB3B6801363D
:108E200003606378F6B201336370EEE70B00D96834
:108E30000029FBD1DD60E1E70120F8BD70B5012616
:108E4000054D064C2B68334203D12000FFF78EFB03
:108E50002E60200070BDC046A41F0020A81F002067
:108E6000F7B506000D000C008B180193019B671BE2
:108E70009C4207D0336821781B6830009847013442
:108E80000028F3D13800FEBD70B5040008000D00C5
:108E900001F03DFB2368020029005B682000984731
:108EA00070BD10B50B1E02D0FFF7EEFF03001800D7
:108EB00010BD10B5FFF7F5FF10BD10B503688A6847
:108EC0005B680968984710BD10B5FFF7EAFF10BD51
:108ED00010B503681B68984710BD000010B5024923
:108EE000FFF7D2FF10BDC0467AAC000070B5040099
:108EF000FFF7D7FF05002000FFF7F0FF401970BD16
:108F000070B50500FFF7D9FF04002800FFF7E6FF62
:108F1000201870BD70B50400FFF7C3FF05002000E6
:108F2000FFF7DCFF401970BDF0B58BB06B46150044
:108F3000002205330600DA770800012D00D80A2543
:108F400009AC290001F018F8CAB213003733070042
:108F5000DBB2092902D813003033DBB2013C2370A5
:108F6000002FEED121003000FFF79BFF0BB0F0BDCA
:108F700010B5002A04D10368C9B21B68984710BD18
:108F8000D2B2FFF7D1FFFAE710B5FFF7F1FF10BD3E
:108F900010B5FFF7EDFF10BD0B6803604B68436031
:108FA0008B68836000230B604B608B60704710B54B
:108FB00004000068002801D001F032F9200010BD43
:108FC00010B504000068002801D001F029F9002341
:108FD0002360A360636010BD70B504000D000068DD
:108FE000013101F005FA031E01D0012028C470BD33
:108FF000036810B50400002B04D043688B4201D3F2
:10900000012010BD2000FFF7E7FF0028F9D0A3687A
:10901000002BF5D122681370F3E770B50E00110034
:1090200004001500FFF7E4FF002804D12000FFF73B
:10903000C7FF200070BD2A003100A560206801F044
:109040000BF900232268A1685354F2E7002370B59E
:1090500004000D00036043608360994207D008005C
:1090600001F055FA290002002000FFF7D6FF20008A
:1090700070BD70B5050008000C0001F048FA210031
:1090800002002800FFF7C9FF70BD002313B50400DC
:1090900001AA036043608360117011005370FFF7F1
:1090A000E8FF200016BD1FB5040000230800236060
:1090B0006360A36001A900F006FB200001A9FFF78F
:1090C000D8FF200004B010BD10B5002304008AB002
:1090D00023606360A360080001A900F0F0FA20009B
:1090E00001A9FFF7C6FF20000AB010BD10B500238C
:1090F00004008AB023606360A360080001A900F047
:10910000E2FA200001A9FFF7B4FF20000AB010BD69
:1091100010B5002304008AB023606360A3600800D8
:1091200001A900F068FA200001A9FFF7A2FF2000C2
:109130000AB010BD10B5002304008AB0236063603C
:10914000A360080001A900F08FFA200001A9FFF731
:1091500090FF20000AB010BD70B505000C008842D9
:109160000CD0006801F05CF823682B60A368AB604A
:1091700063686B6000232360A360636070BD10B5FB
:109180000B000400884205D00968002904D09A68C1
:10919000FFF743FF200010BDFFF712FFFAE700239F
:1091A00010B50400036043608360FFF7E8FF200010
:1091B00010BD10B50400FFF7CFFF200010BD10B5A3
:1091C0000400002903D0FFF754FF200010BDFFF773
:1091D000F7FEFAE7F7B5040001911600002902D165
:1091E00000252800FEBD0125002AFAD08368D71883
:1091F0003900FFF7FDFE051EF2D02368A268019931
:109200009818320001F028F800222368A760DA5588
:10921000E7E710B58A680968FFF7DCFF10BD70B595
:10922000050008000C0001F072F92100020028007E
:10923000FFF7D0FF70BD002310B5994202D0FFF7B1
:10924000EEFF0300180010BD07B56B46D971073358
:1092500001221900FFF7BEFF0EBD1FB504000A2250
:109260000800694600F02BFA69462000FFF7D7FF97
:1092700004B010BD10B58A6809680400FFF7AAFFA2
:10928000002802D12000FFF79BFE200010BD10B582
:109290000400002904D12000FFF792FE200010BD39
:1092A000FFF7C9FF0028F6D0F8E710B50400FFF774
:1092B000CBFF002802D12000FFF782FE200010BD66
:1092C00010B50400FFF7C9FF002802D12000FFF706
:1092D00077FE200010BD026810B50B68002A13D07D
:1092E000002B0CD181681800002907D0107805E008
:1092F00089681000002901D01878404210BD19007B
:10930000100001F0E9F8F9E7002BF1D11800F5E7BA
:10931000826810B594468A680023944504D1FFF70B
:10932000DAFF43424341DBB2180010BD836810B539
:10933000002B07D10120002903D00878434258416F
:10934000C0B210BD0068002901D10078F6E701F035
:10935000C3F8F3E783688B4203D903685818002BDE
:1093600002D10023014803707047C046B41F00209B
:10937000836810B5934207D90468A01801F09EF8DD
:10938000002801D0001B10BD01204042FBE710B5B2
:109390000022FFF7EDFF10BD836810B5934208D996
:1093A00004680968A01801F0EEF8002801D0001B3D
:1093B00010BD01204042FBE710B50022FFF7ECFF93
:1093C00010BDF8B583680500934202D801204042E1
:1093D000F8BD541C002203681B191F781A70066818
:1093E000300001F0ACF837550028EFD02B68C01AD8
:1093F000EEE710B583685A1EFFF7E3FF10BD0000CB
:10940000F8B506000F0014001D009A4201D92C0087
:10941000150009493000FFF719FEBA68A24208D9C1
:10942000AA4200D92A003968121B09193000FFF737
:10943000F4FD3000F8BDC0467CAC000010B50468F7
:10944000002C07D02078002804D001F04BF92070C0
:109450000134F7E710BDF8B507680600002F22D0E9
:109460008468002C1FD03D00287800F0B5FE00284D
:1094700001D00135F8E7013C3C19207800F0ACFE42
:10948000002803D0A54201D8013CF6E70134621B55
:10949000B260AF4203D22900380000F0E6FE00219E
:1094A0003268B368D154F8BD0368002010B5834218
:1094B00002D0180000F057FE10BDFEE7034B10B5B8
:1094C0001B68002B00D0984710BDC046B81F002075
:1094D00070B50F490F4CA14204D100F021F900F002
:1094E000F7F8FEE70C4D00238D42F6D0CA18E818B5
:1094F000A24205D3094B8242EFD00949002204E081
:10950000006804331060F1E704C38B42FCD3E4E746
:10951000000000207002002090C3000070020020B4
:10952000D81F002010B500F064F8002801D100F029
:1095300055F810BD014B18607047C046B81F002099
:10954000014B18687047C046BC1F0020F7B5134890
:10955000012284461249134C8E68636805689B0E8D
:109560001340019288686268019F920E3A406746F4
:109570003F6893420ED1BD420CD186420AD35B199B
:10958000FA254868AD00861B07486B437043000D01
:10959000C018FEBD3D0013000600E3E7BC1F00201D
:1095A00010E000E000ED00E05555000070B5041E2D
:1095B00010D0FFF7CBFF050000F01AF8FFF7C6FF49
:1095C000054B401B9842F7D9FA23013C9B00ED184C
:1095D000002CF3D170BDC046E703000010B5034A6C
:1095E00013680133136000F0D3FB10BDBC1F0020D3
:1095F000704700207047F0B50C008BB016000029B2
:1096000026D0931E222B2DD80A2A05D1002803DA52
:109610000127404201AD0AE00027FBE7310000F0DE
:10962000ABFCCBB2092916D830332B7001352A0098
:109630000028F3D101ABAB42F0D02300002F02D0C1
:109640002D21631C217001A98A4206D800221A70BC
:1096500020000BB0F0BD5733E7E7013A11781970DD
:109660000133F0E70024F3E7F0B50D008BB01700ED
:1096700000290ED0931E222B1FD801AC26002300F8
:10968000002809D1A64207D02A00B34210D80023EF
:10969000137028000BB0F0BD390000F06DFCCBB2A8
:1096A000092903D8303323700134E8E75733FAE748
:1096B000013B197811700132E7E70025E9E710B5A1
:1096C000FFF799FF10BD10B5FFF7CEFF10BD704733
:1096D00010B500F0D5F800F05BFDFFF7F8FF0120B2
:1096E000FFF764FF084C2000FFF758F82000FEF752
:1096F0009BFAF9F78DF8F8F77FFE044B002BFAD0B0
:1097000000E000BFF7E7C046E819002000000000B5
:1097100010B500F07BFD10BD10B500F081FD10BD4F
:109720001E2270B546484749436893431C3A134389
:10973000436008238C6923438B61434C434B9C82D9
:109740009C8A14439C82DC681442FCD00124404A69
:1097500014701578254203D055786DB2002DF8DBD2
:1097600001249460547864B2002CFBDB394C5460C3
:10977000547864B2002CFBDB8224E40154805478DA
:1097800064B2002CFBDB02249C840E34DD6825428D
:10979000FCD0314CDC621024DD682542FCD09D8C6D
:1097A0002E4C2C439C841024DD682542FCD00224DE
:1097B0009D8C80262C439C844024DD683542FCD05F
:1097C000DD682542F9D01024DD682542FCD0002454
:1097D0009460547864B2002CFBDB214C54605478C4
:1097E00064B2002CFBDB1C6A1E4D2C4080251C62E1
:1097F0001C6AAC431C62032393601B4B5360537879
:109800005BB2002BFBDB0023FF240B72174A4B7269
:109810008B72CB72164B1A60164B174A1B68116875
:109820009A065B01C90E2340520F12020B431343E9
:10983000124A1385802342681343436070BDC046BB
:1098400000400041000400400C06000000080040F9
:10985000000C004001050100B905FF7D040A00006D
:1098600000070300FFFCFFFF03060100006CDC02A1
:1098700064000020246080002060800000400042DE
:10988000FA21314B10B51868890000F0EFFA2F4B20
:109890000138984256D82E492E4A4860C020136A93
:1098A00000061B021B0A03431362002407238C607B
:1098B0000B608021136A09061B021B0A0B4313620B
:1098C000FC22254B196A0A431A62FC22196A92018A
:1098D0000A431A62A022196AD2020A431A62E0B24B
:1098E0000021013400F06AF90F2CF8D11B4B1C0049
:1098F0005A7852B2002AFBDB194A5A80194B1A00D7
:10990000597EC9090129FBD0E421C90099803F2172
:10991000D970537EDB09012BFBD0C02300205B01F3
:109920001361907000F02EF863785BB2002BFBDBC4
:109930000D4B0E4A6380D379DB09012BFBD0412309
:10994000537010BDFEE7C04664000020FFFFFF001B
:1099500010E000E000ED00E000040040000C0040DA
:109960001E4000000040004221400000004800422C
:10997000914202D002D98A1AD0407047521A9040C0
:10998000FBE70000164A00B51300517EC909012902
:10999000FBD00138042816D81969124A0A400F2151
:1099A0001A615A788A4300F057FA0308060B03003D
:1099B000110001220A435A7000BD11000322F9E789
:1099C00011000222F6E7F02311691B050B430F215A
:1099D000136153788B43190002230B435370EBE759
:1099E00000400042FFFFFFF018234343F0B56A4AEE
:1099F00087B09B18DA6806000C000092920722D507
:109A00001B7C5BB2002B01D0142B1AD1634B0A22B2
:109A100019682000FFF7ACFF614A1300D179C9092A
:109A20000129FBD08005800D1081DA79D209012A45
:109A3000FBD0022219780A431A70DA79D209012A76
:109A4000FBD007B0F0BD0827009A544D3A40019270
:109A500000D191E012229B5E296820001022019320
:109A6000FFF786FF019B05001F126B461C79009BC8
:109A70000421DB0600D40521300000F017F9494B22
:109A8000BA00D658484BDA5D002A54D10132DA5573
:109A900046490F3202A800F0DFFB02AA7B009B5A66
:109AA0008022D2011A43424B5A805A78D209012AA5
:109AB000FBD0022297421BD9338893433380F37B38
:109AC000DB09FCD13288403313433380F37BDB095D
:109AD000FCD10C34ADB26400A553F37BDB09FCD19F
:109AE0003288023313433380F37BDB09FCD1A8E7D0
:109AF000336893432F4A33601300B1681142FCD19D
:109B00000222F16B0A43F263B2681A42FCD11034AC
:109B1000A40034196560B2681A42FCD1264A326446
:109B2000B2681A42FCD1022231680A433260B2683C
:109B30001A42FCD185E7022F07D90C34ADB264007C
:109B4000A553F37BDB09FCD17BE702237279134336
:109B50007371184B1A00B1681942FCD11C34A4006F
:109B6000A551B3681342FCD1022331790B43337101
:109B7000B3681342FCD164E7012100F01FF82968A3
:109B80003A002000FFF7F4FE01997F2800DD012153
:109B9000300000F05FF854E7D4A80000680000200F
:109BA000004800423C000020C01F002070C200009E
:109BB000000C0040FF0F7F00FFFF0000182330B5AE
:109BC0001D00040045430820204A5519285601303D
:109BD00014D0032912D808006343D156D31800F0DB
:109BE0003BF902280E1B5868CB010221184A9B182A
:109BF0001A1840321170012282405A6030BD5868F4
:109C0000CB010621124A9B181A184032117001220A
:109C100082405A609A61F1E75868CB0106210C4AEC
:109C20009B181A1840321170012282405A605A6102
:109C3000E4E75868CB010221054A9B181A18403204
:109C40001170012282409A60D8E7C046D4A8000073
:109C5000004400411823F0B508245843114A131852
:109C60001C5701341BD0012635005F688356BD4068
:109C70000D4ADB019A18906805420BD10C00601E5A
:109C80008441D2194032107834400336A400B043E6
:109C900020431070044A9B18002901D15D61F0BD7A
:109CA0009D61FCE7D4A80000004400411822424313
:109CB000F8B52C4E0300B218127A52B214000132D9
:109CC0000ED0481C00240C280AD800F0C5F8072044
:109CD000202020202020200B0B0B0B0001246442AD
:109CE0002000F8BD092905D10021D8B2FFF766FF91
:109CF0000024F5E70A2902D1D8B20839F6E7002492
:109D00000B29EDD1D8B20A39FFF758FFE8E7182040
:109D10004343F2185568F3562C00134ADB016E08D2
:109D200017389B18C9B204409E19002C0DD00F247F
:109D300030363278090122401143C9B25B193170C3
:109D400040331A7810431870D2E732000F273032B0
:109D500016785B19BE433143117040331A781043B3
:109D60001870BDE7D4A800000044004110B50400FD
:109D7000FDF7B9FD014B1C6010BDC0466C00002012
:109D80000122024B52421A607047C0466C0000200C
:109D9000164A10B51368591C26D0013B1360002BDE
:109DA00022D172B6124B134A0433934213D9124A8A
:109DB00001211000147D0C42FCD02021148BFF31B6
:109DC0009B085B0021431183D3610C4B138001235B
:109DD000027D1A42FCD0BFF34F8F094B094ADA606B
:109DE000BFF34F8FC046FDE710BDC0466C0000209A
:109DF00000200000030200000040004102A5FFFF18
:109E000000ED00E00400FA050B0010B50100180099
:109E100000F0B0F910BD10B5002A01D000F01CFA16
:109E200010BD030010B500680833984201D0FFF759
:109E300073FC10BD10B5012A02D10B78037010BD60
:109E4000FFF7E9FFFBE710B5521AFFF7F3FF10BD6C
:109E500010B500F081F9000002B4714649084900CC
:109E6000095C49008E4402BC7047C046002243088A
:109E70008B4274D303098B425FD3030A8B4244D3D2
:109E8000030B8B4228D3030C8B420DD3FF22090214
:109E900012BA030C8B4202D31212090265D0030BD3
:109EA0008B4219D300E0090AC30B8B4201D3CB03C9
:109EB000C01A5241830B8B4201D38B03C01A52410B
:109EC000430B8B4201D34B03C01A5241030B8B420D
:109ED00001D30B03C01A5241C30A8B4201D3CB02F8
:109EE000C01A5241830A8B4201D38B02C01A5241DD
:109EF000430A8B4201D34B02C01A5241030A8B42E0
:109F000001D30B02C01A5241CDD2C3098B4201D3F7
:109F1000CB01C01A524183098B4201D38B01C01A75
:109F2000524143098B4201D34B01C01A52410309EC
:109F30008B4201D30B01C01A5241C3088B4201D39B
:109F4000CB00C01A524183088B4201D38B00C01A48
:109F5000524143088B4201D34B00C01A5241411A6F
:109F600000D20146524110467047FFE701B500207C
:109F700000F0F0F802BDC0460029F7D076E7704740
:109F800003460B437FD4002243088B4274D303095A
:109F90008B425FD3030A8B4244D3030B8B4228D3FB
:109FA000030C8B420DD3FF22090212BA030C8B4221
:109FB00002D31212090265D0030B8B4219D300E0C1
:109FC000090AC30B8B4201D3CB03C01A5241830B46
:109FD0008B4201D38B03C01A5241430B8B4201D3F6
:109FE0004B03C01A5241030B8B4201D30B03C01A1F
:109FF0005241C30A8B4201D3CB02C01A5241830A99
:10A000008B4201D38B02C01A5241430A8B4201D3C7
:10A010004B02C01A5241030A8B4201D30B02C01AF1
:10A020005241CDD2C3098B4201D3CB01C01A524158
:10A0300083098B4201D38B01C01A524143098B42E1
:10A0400001D34B01C01A524103098B4201D30B01CA
:10A05000C01A5241C3088B4201D3CB00C01A5241EF
:10A0600083088B4201D38B00C01A524143088B42B4
:10A0700001D34B00C01A5241411A00D2014652414D
:10A08000104670475DE0CA0F00D04942031000D36C
:10A090004042534000229C4603098B422DD3030AC1
:10A0A0008B4212D3FC22890112BA030A8B420CD3D1
:10A0B000890192118B4208D3890192118B4204D3FA
:10A0C00089013AD0921100E08909C3098B4201D37A
:10A0D000CB01C01A524183098B4201D38B01C01AB4
:10A0E000524143098B4201D34B01C01A524103092B
:10A0F0008B4201D30B01C01A5241C3088B4201D3DA
:10A10000CB00C01A524183088B4201D38B00C01A86
:10A110005241D9D243088B4201D34B00C01A52415D
:10A12000411A00D20146634652415B10104601D3EA
:10A130004042002B00D54942704763465B1000D374
:10A14000404201B5002000F005F802BD0029F8D01A
:10A1500016E770477047C04610B5062000F08EF92C
:10A16000012000F027FB10B50A22002100F0A6FA1A
:10A1700010BD000010B5040004481300002804D0EE
:10A180000A000220210000E000BF10BD0000000016
:10A1900070B500260C4D0D4C641BA410A64209D1CD
:10A1A000002600F009FB0A4D0A4C641BA410A642CD
:10A1B00005D170BDB300EB5898470136EEE7B30008
:10A1C000EB5898470136F2E7400200204002002099
:10A1D000400200206802002010B5040000F008F8DA
:10A1E000082300194078184010BDEC300068704713
:10A1F000044B1B681B6A002B00D1034BEC3318681F
:10A200007047C04670000020D400002010B5034BFA
:10A210000100186800F08EF810BDC04670000020E4
:10A2200010B5034B0100186800F03AF810BDC046A5
:10A230007000002082B0002900D101A9101E06D0B4
:10A24000002B06D013780B601078431E984102B0A3
:10A25000704702204042FAE7002310B59A4200D12D
:10A2600010BDCC5CC4540133F8E710B5884202D964
:10A270008B18984203D3002307E08B5C8354013A88
:10A28000FBD210BDCC5CC45401339A42FAD1F8E73A
:10A2900003001218934200D1704719700133F9E797
:10A2A00070B50500002910D00C1F2368002B00DAC0
:10A2B000E418280000F02FFA1D4A1368002B05D17E
:10A2C00063601460280000F027FA70BDA34209D92A
:10A2D000216860188342F3D118685B6841182160D7
:10A2E000EEE713005A68002A01D0A242F9D9196892
:10A2F0005818A0420BD120680918581819608242DA
:10A30000E0D110685268411819605A60DAE7A0423B
:10A3100002D90C232B60D5E721686018824203D153
:10A32000106852684118216062605C60CAE7C046EC
:10A33000C81F0020032370B5CD1C9D4308350600BF
:10A340000C2D1ED20C25A9421DD8300000F0E3F9D7
:10A35000254A14682100002919D1244C2368002BB8
:10A3600003D1300000F04EF820602900300000F0EA
:10A3700049F8431C2BD10C233000336000F0CCF99A
:10A3800003E0002DDFDA0C233360002070BD0B6882
:10A390005B1B19D40B2B03D90B60CC18256003E091
:10A3A0004B688C420DD11360300000F0B5F92000ED
:10A3B00007220B30231D9043C31AE7D05A42E250C4
:10A3C000E4E763600C00EFE70C004968C3E7032390
:10A3D000C41C9C43A042E1D0211A300000F012F8C6
:10A3E000431CDBD1C7E7C046C81F0020CC1F00209C
:10A3F00010B5034B0A000100186800F08EF910BD7B
:10A4000070000020002370B5064C05000800236092
:10A4100000F0C2F9431C03D12368002B00D02B604D
:10A4200070BDC046D41F002070B504000D001F2968
:10A4300004D9162303600120404270BD436C002BF9
:10A4400004D08A009B181A68002A08D1200000F066
:10A4500031F82A000100200000F01AF8EDE7002092
:10A46000012AEAD0511C03D1162301302360E4E70E
:10A47000002428001C6090472000DEE710B5034B45
:10A4800001001868FFF7D0FF10BDC0467000002023
:10A49000002370B5064C050008001100236000F091
:10A4A00073F9431C03D12368002B00D02B6070BDCF
:10A4B000D41F002010B500F05FF910BDC9B20378B9
:10A4C000002B04D08B4200D170470130F7E74B429C
:10A4D000594149420840F7E702780B78002A03D037
:10A4E000013001319A42F7D0D01A7047030030B5DD
:10A4F0001C78002C09D1181A30BDA542FBD00132BE
:10A500001578002DF9D10133F2E70A00F8E70023AE
:10A51000C25C0133002AFBD1581E7047002330B5BE
:10A520009A420AD0013AC45CCD5CAC4204D1934259
:10A5300002D00133002CF6D1631B180030BD70B57A
:10A5400000240D00A14206D12100FFF7B7FF04004F
:10A5500006E01C00581C2900FFF7B0FF031EF8D1CD
:10A56000200070BD030030B51C78002C07D00A0015
:10A5700002E0A54205D001321578002DF9D1181A54
:10A5800030BD0133F0E710B50378002B0FD10B7805
:10A590005A4253415B42184010BD0023CA5C002A56
:10A5A000FAD0C45C944201D10133F7E7013003785B
:10A5B000002BF2D11800EFE7F0B51F000E0087B0B6
:10A5C0000590019102920C983478FFF70EFE082254
:10A5D00000194378751C134036D12D2C36D1B51C8B
:10A5E00074780126002F62D0102F09D1302C07D1AA
:10A5F00020222B789343582B54D110276C780235A6
:10A600002D4B3900F31818000393FFF7B5FC0491A4
:10A6100001210023494202008C46180021003039F4
:10A6200009291AD80C00A74223DD591C09D063461A
:10A63000824206D302D10499A14202DB012378436E
:10A6400020182C780135E9E72E00BCE72B2C01D02F
:10A650001E00C7E7B51C7478FAE7210041391929B3
:10A6600001D8373CDFE721006139192901D8573C6F
:10A67000D9E75A1C08D1059A23331360029B03982B
:10A68000002B09D107B0F0BD002E00D04042029A45
:10A69000002AF7D0002B01D06B1E0193029B019A78
:10A6A0001A60EFE73024002FAAD10827A8E7302C42
:10A6B0009ED00A27A4E7C046FFFFFF7F37B51300EF
:10A6C000064A05001068046A002C00D1044C0A00F8
:10A6D00000942900FFF770FF3EBDC04670000020C7
:10A6E000D400002010B50400FFF782FD03220019FA
:10A6F00043781340012B00D12034200010BD0B1EE5
:10A7000004D0FF2A04D98A2303608B3B18007047CA
:10A710000A700123FAE770477047F8B507000D008B
:10A720001600002905D11100FFF704FE04002000E7
:10A73000F8BD002A03D1FFF7B3FD3400F7E700F0BE
:10A7400012F82C00B042F2D231003800FFF7F2FDCF
:10A75000041EECD029003200FFF77EFD29003800EE
:10A76000FFF79EFDE3E70B1F1B68181F002B01DAA4
:10A770000B58C0187047000058220120014B40427E
:10A780001A607047D41F002058220120014B40421C
:10A790001A607047D41F0020044A1368002B00D1B0
:10A7A000034B1818106018007047C046D01F0020D7
:10A7B000D81F0020FEE7C046F8B5C046F8BC08BC6C
:10A7C0009E467047F8B5C046F8BC08BC9E46704728
:10A7D00073735265616465725F496E70757442751A
:10A7E00066666572007373526561646572007373A7
:10A7F0005265616465725553425F496E707574426B
:10A80000756666657200737352656164657255534F
:10A810004200636F6D6D616E640075736200686104
:10A8200072647761726500756E646566696E6564F1
:10A83000007072696F72697479006572726F72006C
:10A84000696E666F72657175657374006578707294
:10A85000657373696F6E70617273657200646562AF
:10A8600075670074657874696E666F0068656C70F2
:10A8700000696E7465726E616C0065787465726EE5
:10A88000616C00636D6400687700756E00707269BA
:10A890000065727200697271006570006462670021
:10A8A00074786900686C700065787400496E69742A
:10A8B00069616C697A656400536F6C656E6F696479
:10A8C00020636F6E74726F6C6C65722076312E30FF
:10A8D000000000000000000016000000080000005A
:10A8E0001C000000FF00000400040600000000003F
:10A8F00017000000080000001C000000FF00010419
:10A9000001040700000000000A0000000800000029
:10A910001C000000120000010001FF000000000008
:10A920000B000000080000001C00000013000101E3
:10A930000101FF00010000000A0000000800000003
:10A940001C000000FF00000500050A0001000000D7
:10A950000B000000080000001C000000FF000105C3
:10A9600001050B00000000001400000008000000BA
:10A970002C000000FF0002000200040000000000A4
:10A9800015000000080000002C000000FF0003007C
:10A99000030005000000000010000000020000009D
:10A9A0001C000000FF000002000200000000000088
:10A9B000110000000200000004000000FF00FFFF83
:10A9C000FFFF010000000000130000000200000073
:10A9D0001C000000FF0001030103FF000000000055
:10A9E0000800000003000000040000001000FFFF4A
:10A9F000FFFF10000000000009000000030000003D
:10AA0000040000001100FFFFFFFFFF000100000035
:10AA1000170000000300000004000000FF00FFFF1B
:10AA2000FFFFFF000100000016000000030000000F
:10AA300004000000FF00FFFFFFFFFF000000000018
:10AA40000200000001000000060000000000FFFFFF
:10AA5000FFFFFF00010000000200000001000000F5
:10AA6000040000000A00FFFFFFFF020001000000D9
:10AA70000300000001000000040000000B00FFFFC5
:10AA8000FFFF0300000000000400000001000000C0
:10AA90001C000000040000000000FF000000000097
:10AAA00005000000010000001C000000050001007E
:10AAB0000100FF000000000006000000010000008F
:10AAC000040000000600FFFFFFFFFF000000000081
:10AAD0000700000001000000040000000700FFFF65
:10AAE000FFFFFF000000000018000000060000004B
:10AAF00000000000FF00FFFFFFFFFF00000000005C
:10AB0000190000000600000000000000FF00FFFF29
:10AB1000FFFFFF000000000012000000080000001E
:10AB200004000000FF00FFFFFFFFFF000000000027
:10AB3000030000000800000004000000FF00FFFF09
:10AB4000FFFFFF00000000000C00000003000000F9
:10AB500000000000FF00FFFFFFFFFF0000000000FB
:10AB60000D0000000300000000000000FF00FFFFD8
:10AB7000FFFFFF00000000000E00000008000000C2
:10AB800000000000FF00FFFFFFFFFF0000000000CB
:10AB90000F0000000300000000000000FF00FFFFA6
:10ABA000FFFFFF00000000001B0000000800000085
:10ABB00000000000FF00FFFFFFFFFF00000000009B
:10ABC0001C0000000800000000000000FF00FFFF64
:10ABD000FFFFFF0001000000080000000800000067
:10ABE00000000000FF00FFFFFFFFFF00010000006A
:10ABF000090000000100000018000000030001042B
:10AC0000010409000000000000000000080000002E
:10AC100000000000FF00FFFFFFFFFF00000000003A
:10AC2000010000000800000000000000FF00FFFF1E
:10AC3000FFFFFF0042756666657265644F7574704C
:10AC40007574204572726F723A206E656564207467
:10AC50006F2063616C6C20636F6E6E656374282E69
:10AC60002E2920666972737420696E20736574756D
:10AC7000702829007E7E0A007E7E0D0A00617661C2
:10AC8000696C61626C65466F7257726974652829D8
:10AC90002072657475726E73203000596F75206E66
:10ACA00065656420746F2075736520746865202065
:10ACB00062756666657265644F75747075742E632F
:10ACC0006F6E6E6563742873747265616D2C20629B
:10ACD000617564726174652920746F207370656397
:10ACE0006966792074686520626175647261746553
:10ACF00000616E6420616464206578747261206311
:10AD0000616C6C7320746F206E6578744279746521
:10AD10004F75742829206173206F6E6C79206F6ED7
:10AD20006520627974652069732072656C65617352
:10AD3000656420656163682063616C6C2E000000AF
:10AD40000000000000000000E32E00008D2D000038
:10AD5000A52B0000212C0000C92B0000E52B0000D2
:10AD6000032C0000496E76616C69642073656C6524
:10AD70006374696F6E2072616E67650076656374D7
:10AD80006F723A3A5F4D5F7265616C6C6F635F69B9
:10AD90006E736572740057726F6E67206E756D62A8
:10ADA0006572206F6620617267756D656E74732CB5
:10ADB00020676F7420002065787065637465642077
:10ADC0000057726F6E67206E756D626572206F66D8
:10ADD00020617267756D656E747300626F6F6C00D1
:10ADE000666C6F61740075696E74380075696E7495
:10ADF000313600636F6D6D616E64730072657475DA
:10AE0000726E6F6E6C7900696D6D656469617465F1
:10AE10000065787072657373696F6E0061646400B9
:10AE200072656D6F7665006E616D65006D696C6C45
:10AE3000697365636F6E6473006D6963726F7365C8
:10AE4000636F6E647300686572747A007265717501
:10AE50006573746F6E6C790072657475726E72656D
:10AE60007175657374006F7574707574617373694F
:10AE7000676E6D656E7400536F66747761726500FE
:10AE800048617264776172650052656D6F74650028
:10AE90006C697374006C730068696464656E2F6814
:10AEA0003A6D6F64756C65732F6D3A636F6D6D618C
:10AEB0006E64732F633A696E7374616E6365732F8A
:10AEC000693A696E7374616E6365636F756E7473EE
:10AED0002F69633A7265637572736976652F7200C4
:10AEE0004C6973747320616C6C20636F6D6D616E5F
:10AEF000647320616E64206D6F64756C657320757A
:10AF00006E646572207468652063757272656E7414
:10AF1000206D6F64756C6520646570656E64696E24
:10AF200067206F6E2074686520706172616D657452
:10AF300065727320676976656E3B2020202020278C
:10AF400068696464656E2720696E636C75646573F7
:10AF5000206E6F726D616C6C792068696464656ED7
:10AF600020636F6D6D616E64732C20276D6F647547
:10AF70006C65732720696E636C7564657320616E00
:10AF800079207375626D6F64756C65732C2027630F
:10AF90006F6D6D616E64732720696E636C75646597
:10AFA0007320636F6D6D616E64732C2027696E73FF
:10AFB00074616E636573272073686F7773206461B3
:10AFC000746120666F72206561636820696E6469D0
:10AFD00076696475616C20696E7374616E63652057
:10AFE0006F662061206D6F64756C652C20202020B9
:10AFF000202027696E7374616E6365636F756E746C
:10B00000732720696E636C75646573206E756D625D
:10B010006572206F6620696E7374616E636573205C
:10B020006F662065616368206D6F64756C652C20A8
:10B030002772656375727369766527206C6973740E
:10B040007320616E64206368696C64206D6F647541
:10B050006C6573202F20636F6D6D616E64732000CB
:10B0600073686F77732074686973206272696566AC
:10B07000206578706C616E6174696F6E206F6620F8
:10B08000616C6C20636F6D6D616E647320616E64C2
:10B09000206D6F64756C65732C2073686F777320F7
:10B0A0007468652068656C7020666F7220616C6CD6
:10B0B000207375626D6F64756C65732061732077A2
:10B0C000656C6C206966202772656375727369769A
:10B0D00065270064756D70646174610064756D70DE
:10B0E0000044756D707320616C6C20646174612024
:10B0F000746F20626520736176656420666F7220CC
:10B100007468652063757272656E74206D6F647506
:10B110006C652C2077696C6C206C69737420746882
:10B12000652064617461206F6620616C6C207375AA
:10B13000626D6F64756C65732061732077656C6CEC
:10B1400020696620277265637572736976652700CA
:10B1500068696464656E006D6F64756C6573006921
:10B160006E7374616E63657300696E7374616E6390
:10B1700065636F756E7400696300726563757273E1
:10B1800069766500446F206E6F7420757365206D5D
:10B19000652E0046756E6374696F6E2000206E6FB9
:10B1A0007420696D706C656D656E746564006C7398
:10B1B0003A20005B73656C656374696F6E5D203A5D
:10B1C00020005B73656C656374696F6E5D00203A87
:10B1D00020286E6F7420696D706C656D656E746586
:10B1E00064290068656C703A00446F206E6F7420AB
:10B1F000757365206D65206569746865722E000041
:10B200000000000000000000598D0000598D000072
:10B21000598D0000713D0000753E00008D3C00001E
:10B220000D400000713A0000913A0000B53F000067
:10B23000D1410000766572004765747320746865BB
:10B240002063757272656E74206669726D776172C3
:10B25000652076657273696F6E00646562756770EC
:10B2600072696E7400647000636F6D6D616E647CF2
:10B270007573627C68617264776172657C756E64F7
:10B280006566696E65647C7072696F726974797CD9
:10B290006572726F727C696E666F726571756573C7
:10B2A000747C65787072657373696F6E70617273A8
:10B2B00065727C64656275673A317C3000547572E2
:10B2C0006E73206F6E206F72206F666620736572DA
:10B2D00069616C20666565646261636B20666F728C
:10B2E0002074686520676976656E206974656D00F5
:10B2F00072657175657374696E666F00727169004D
:10B300005265747269766573207261746865722023
:10B310007468616E20736574732064617461206168
:10B3200073736F6369617465642077697468206101
:10B3300020636F6D6D616E642C2069662061707092
:10B340006C696361626C650073617665616C6C70D9
:10B350006172616D65746572730073617000536131
:10B3600076657320616C6C206176616C6961626CDA
:10B370006520706172616D6574657273006C6F61D8
:10B3800064616C6C706172616D6574657273006C80
:10B390006170004C6F61647320616C6C2061766138
:10B3A0006C6961626C6520706172616D6574657253
:10B3B00073007265736574616C6C706172616D6548
:10B3C00074657273007261700052657365747320E6
:10B3D000616C6C20736176656420706172616D656B
:10B3E00074657273007265736574007273740030F3
:10B3F0007C31005265736574732074686520456BF9
:10B400006461686C204641522C20636F6E646974DD
:10B41000696F6E616C006E69636B005365747320B5
:10B42000746865206E69636B6E616D65206F662060
:10B430007468697320756E6974006E6F6F706572E1
:10B440006174696F6E006E6F7000446F206162738B
:10B450006F6C7574656C792C20706F736974697684
:10B46000656C792C206E6F7468696E6700312E31BF
:10B4700061323032363032313131363137353100A8
:10B480004E6F20626F6F746C6F61646572207265BD
:10B4900073657420696D706C656D656E74656400AC
:10B4A000436F6D6D616E64206E6F7420666F756E94
:10B4B000643A2000436F6D6D616E64206661696C53
:10B4C00065643A200057726F6E6720636F6D6D611F
:10B4D0006E6420617267756D656E74733A200057F3
:10B4E000726F6E6720636F6D6D616E64206172674D
:10B4F000756D656E742076616C7565733A200055C4
:10B500006E6B6E6F776E20726573706F6E736520F1
:10B51000003A30003A31004E6F2072657365742036
:10B52000696D706C656D656E746564004669726DF9
:10B53000776172652076657273696F6E20636861EA
:10B540006E676564212050726576696F7573207629
:10B55000657273696F6E3A20004261736520744DA5
:10B560006F64756C654944206973204E554C4C2CB2
:10B57000206572726F72732061726520676F696EE9
:10B580006720746F20656E73756500436F6D6D6124
:10B590006E6420696E646578206F7574206F662014
:10B5A000626F756E64730000000000000000000010
:10B5B0009D450000214500001D450000713D000033
:10B5C000753E0000F5510000015200002D450000BD
:10B5D00029450000BB520000D5520000254500005F
:10B5E0004945000027450000414500005D45000039
:10B5F0007D4500003D450000000000000000000007
:10B60000475300004B530000415300004F530000CC
:10B6100000000000000000005153000065530000CE
:10B620004153000079530000737461727473576959
:10B630007468002066726F6D496E64657820002022
:10B640003E2000206C656E6774682000203E2063F9
:10B650006861722A20617267207374726C656E2E45
:10B6600000206F6620275C30270073746F6B656E57
:10B670000020746F6B656E20536166655374726948
:10B680006E67200020666F7220746F6B656E2027D6
:10B69000006E657874546F6B656E007265616455F9
:10B6A0006E74696C546F6B656E00207761732070E7
:10B6B00061737365642074696D656F757420666F5E
:10B6C0007220746865206563686F2073657474699F
:10B6D0006E672C206D6574686F6420666F726D6193
:10B6E000742069733A2D0020202072656164546FC4
:10B6F0006B656E556E74696C2873747265616D2C20
:10B70000746F6B656E2C64656C696D6974657273BA
:10B710002C736B6970546F44656C696D69746572E4
:10B720002C6563686F4F6E2C74696D656F75745FFF
:10B730006D7329002053616665537472696E6720CA
:10B740006E65656473206361706163697479206FED
:10B7500066206174206C6561737420322C206F6EDA
:10B76000652063686172202B206F6E652064656CB4
:10B77000696D6974657200202D2D20696E70757475
:10B78000206C656E677468206578636565647320F6
:10B7900063617061636974792000212120457272B0
:10B7A0006F723A00202D2D207265616420275C3075
:10B7B000272066726F6D2053747265616D2E00775D
:10B7C0007269746500203E2075696E74385F742A52
:10B7D00020617267207374726C656E2E00207B206E
:10B7E000007D2000206F662030004572726F723A33
:10B7F00020002E636861724174282920696E646597
:10B80000782000203E3D20002E6C656E677468280D
:10B8100029203A2000636F6E6361740020776173A2
:10B82000207061737365642061204E554C4C204636
:10B8300028202920706F696E7465720020636F750F
:10B840006E742000202D20696E64657820002077BA
:10B850006173207061737365642061204E554C4C98
:10B8600020706F696E74657220666F722064656CFB
:10B87000696D6974657273002077617320706173FC
:10B88000736564206120656D707479206C697374D0
:10B89000206F662064656C696D697465727300530E
:10B8A000616665537472696E6720636C65616E557D
:10B8B000702064657465637465642062756666658E
:10B8C00072206F76657272756E2062792065787469
:10B8D00065726E616C20636F64652E00636F6D70BE
:10B8E000617265546F0020776173207061737365B6
:10B8F000642061204E554C4C20706F696E746572E7
:10B90000002E73657443686172417428002C275CB3
:10B910003027293B002053657474696E6720636883
:10B920006172616374657220746F20275C30272018
:10B930006E6F7420616C6C6F7765642E002E73657A
:10B9400074436861724174282920696E64657820A7
:10B950000020496E707574206172672077617320D2
:10B960002700737562737472696E67002062656781
:10B97000696E496478203E20656E644964782000D1
:10B9800020726573756C74205361666553747269B7
:10B990006E670075746638696E6465780020656E40
:10B9A00064496478203E206C656E6774682829209D
:10B9B000004572726F723A2063534641202F206314
:10B9C000726561746553616665537472696E67462A
:10B9D000726F6D43686172417272617928002C2028
:10B9E0002E2E2E292073697A656F6628636861722E
:10B9F000417272617929203D3D2073697A656F66D5
:10BA000028636861722A292E200A436865636B20C7
:10BA1000796F75206172652070617373696E67203C
:10BA20006120636861725B5D20746F206372656181
:10BA3000746553616665537472696E6746726F6DA3
:10BA4000436861724172726179204F52207573654B
:10BA500020636861725B355D206F72206C61726774
:10BA6000657220636C656172207468697320457229
:10BA7000726F720A2020546F2077726170206120EB
:10BA8000636861722A2075736520656974686572E0
:10BA90002063726561746553616665537472696E83
:10BAA0006746726F6D43686172507472282E2E293A
:10BAB0002C2063534650282E2E29206F722063724B
:10BAC0006561746553616665537472696E67467229
:10BAD0006F6D436861725074725769746853697A04
:10BAE00065282E2E292C206353465053282E2E20B5
:10BAF00029004572726F723A2063726561746553F2
:10BB0000616665537472696E6746726F6D436861F2
:10BB10007241727261795769746853697A65280055
:10BB20002C202E2E2E2C203029207761732070613E
:10BB300073736564207A65726F20706173736564D6
:10BB400020666F722061727261792073697A650074
:10BB50004572726F723A20637265617465536166F3
:10BB600065537472696E6746726F6D4368617241A6
:10BB70007272617928002C202E2E2E29207061737C
:10BB80007365642061207A65726F206C656E6774DE
:10BB900068206172726179004572726F723A205347
:10BBA000616665537472696E6728002C202E2E2EF4
:10BBB0002920776173207061737365642061204E62
:10BBC000554C4C20706F696E74657220666F7220E0
:10BBD0006974732063686172206172726179002CEC
:10BBE000202E2E2E29207761732070617373656477
:10BBF0002061204E554C4C20706F696E7465722028
:10BC0000666F7220696E697469616C2076616C750B
:10BC1000652E002C202E2E2E2920726571756573DD
:10BC2000742073697A653A0020657863656564738A
:10BC300020617661696C61626C65206D656D6F7203
:10BC4000792E2052657475726E696E67207A6572FE
:10BC50006F20636170616369747920536166655315
:10BC60007472696E672E002C202E2E2E29206E6590
:10BC7000656473206361706163697479206F662005
:10BC80000020496E697469616C2076616C7565206D
:10BC9000617267207761732027004572726F723A74
:10BCA0002063726561746553616665537472696E71
:10BCB0006746726F6D436861725074725769746839
:10BCC00053697A6528002C202E2E2E29207061734E
:10BCD00073656420756E7465726D696E61746564F8
:10BCE00020627566666572206F66207374726C657B
:10BCF0006E203E3D00205472756E63617465642051
:10BD000076616C75652073617665642069732027A0
:10BD100000203D2000462822002229002063617077
:10BD20003A00206C656E3A005761726E696E673A30
:10BD3000002020202020202000202D2D2D2000203C
:10BD400066726F6D496E646578206973200028699A
:10BD50002E652E20636861725B005D290020666F8E
:10BD600072207468652066697273742000206368AD
:10BD7000617273206F662074686520696E707574D7
:10BD80002E0020496E707574206172672077617390
:10BD90002000206261736520617267207761733AC9
:10BDA0000020204D75737420626520696E207261D9
:10BDB0006E6765203220746F20313600000000006D
:10BDC0000000000009550000D9640000F96200007D
:10BDD000E3540000FCFFFFFF00000000616500006D
:10BDE00011640000F95400004553000000000000F9
:10BDF0000000000009550000D9640000F96200004D
:10BE0000E3540000FCFFFFFF00000000616500003C
:10BE100011640000F9540000455300005361666549
:10BE2000537472696E6752656164657220457272FF
:10BE30006F723A206E65656420746F2063616C6C6C
:10BE400020636F6E6E656374282E2E2E293B20664C
:10BE50006972737420696E20736574757028290087
:10BE6000212120496E70757420657863656564656D
:10BE700064206275666665722073697A652E205348
:10BE80006B697070696E6720496E7075742075708B
:10BE9000746F206E6578742064656C696D69746573
:10BEA000722E0A00656E6761676500302D36353584
:10BEB000333500456E67616765732074686520736C
:10BEC0006F6C656E6F6964207573696E6720746846
:10BED000652031737420617267756D656E742061C1
:10BEE0007320686172646E657373007265737400A9
:10BEF000302D3100466F726365732074686520735E
:10BF00006F6C656E6F696420746F20697473207242
:10BF100065737420706F736974696F6E2C20616E25
:10BF200020617267756D656E74206F6620302077B2
:10BF3000696C6C206C656176652074686520736F30
:10BF40006C656E6F69642061742069747320637519
:10BF50007272656E74207374617465207768696CA1
:10BF60006520616E79206F746865722076616C75EA
:10BF7000652077696C6C20646973656E67616765BD
:10BF80002074686520736F6C656E6F6964006D6105
:10BF900078666F7263650078660030202D20363534
:10BFA0003533350053657420736F6C656E6F69644B
:10BFB000206D6178696D756D20757361626C6520A7
:10BFC000666F726365006D696E666F7263650069A6
:10BFD000660053657420736F6C656E6F6964206DC5
:10BFE000696E696D756D20757361626C6520666F31
:10BFF00072636500666F7263656D756C7469706CF1
:10C0000069657200666D0030202D20310053657423
:10C0100020736F6C656E6F696420666F7263652054
:10C020006D756C7469706C69657200656E676167C7
:10C03000656475726174696F6E0075530053657441
:10C040007320746865206475726174696F6E206F07
:10C05000662074686520736F6C656E6F6964206814
:10C06000697420696E2075532C20696620612076E2
:10C07000616C7565206F662030206973207365746C
:10C080002074686520736F6C656E6F6964207769D2
:10C090006C6C206E6F7420646973656E6761676590
:10C0A00020756E74696C206120736F6C656E6F69AA
:10C0B00064646973656E6761676520636F6D6D6148
:10C0C0006E6420686173206265656E2067697665BD
:10C0D0006E2E205741524E494E472121204841564D
:10C0E000494E472054484520534F4C454E4F4944F4
:10C0F000204F4E20464F522041205350414E204F5A
:10C1000046205345434F4E445320434F554C442003
:10C1100044455354524F59205448452043495243B3
:10C12000554954525921210045676167696E67205E
:10C13000736F6C656E6F6964207769746820666FD1
:10C140007263652000736F000000000000000000B3
:10C15000AD6B0000096B00000D6B0000713D00002D
:10C16000753E00008D3C00000D400000B16C0000E9
:10C17000116B0000B53F0000D141000000C201007A
:10C18000000008000000000000000000257600000C
:10C190005D780000217600004178000021780000E1
:10C1A000997800007D7800001D7600001F76000061
:10C1B00011780000BD7800004F780000397600004B
:10C1C000A175000065770000C9750000F0FFFFFF52
:10C1D000000000000178000055770000E3780000BF
:10C1E0000D7600000000000000000000257B00002C
:10C1F0002B870000038700000F8700008D79000067
:10C200008F7900007D7A000041726475696E6F203D
:10C210004D4B525A65726F000403090441726475F4
:10C22000696E6F204C4C430012010002EF02014086
:10C2300041234F80000101020301000000000000C3
:10C2400000000000898C0000618E0000138900004E
:10C250005F8900000D890000258D00002389000002
:10C26000FD880000BD8900003B890000F9880000BE
:10C270001A001A001B001B001C001C001D001D00E2
:10C280004300504F534958000020202020202020F8
:10C290002020282828282820202020202020202076
:10C2A0002020202020202020208810101010101086
:10C2B00010101010101010101004040404040404D2
:10C2C000040404101010101010104141414141416C
:10C2D000010101010101010101010101010101014E
:10C2E000010101011010101010104242424242425E
:10C2F000020202020202020202020202020202021E
:10C3000002020202101010102000000000000000C5
:10C31000000000000000000000000000000000001D
:10C32000000000000000000000000000000000000D
:10C3300000000000000000000000000000000000FD
:10C3400000000000000000000000000000000000ED
:10C3500000000000000000000000000000000000DD
:10C3600000000000000000000000000000000000CD
:10C3700000000000000000000000000000000000BD
:10C3800000000000000000000000000000000000AD
:10C390000000000001010101010101000101010093
:10C3A000010000007CAC00007CAC0000B8A80000DC
:10C3B000010000000000000000000000000000007C
:10C3C000000000000000000000000000002000420B
:10C3D0000024004200280042002C004200300042AD
:10C3E000003400420418002001000000FFFFFFFF9E
:10C3F000FFFFFFFF40420F0008000000FFFFFFFFAC
:10C400007400002000000000000000000000000098
:10C41000000000000000000000000000000000001C
:10C42000000000000000000000000000000000000C
:10C4300000000000000000000000000000000000FC
:10C4400000000000000000000000000000000000EC
:10C4500000000000000000000000000000000000DC
:10C460000000000043000000000000000000000089
:10C4700000000000000000000000000000000000BC
:10C480000000000043000000000000000000000069
:10C49000000000000000000000000000000000009C
:10C4A0000000000043000000000000000000000049
:10C4B000000000000000000000000000000000007C
:10C4C0000000000043000000000000000000000029
:10C4D000000000000000000000000000000000005C
:10C4E0000000000043000000000000000000000009
:10C4F000000000000000000000000000000000003C
:10C5000000000000430000000000000000000000E8
:10C51000000000000000000000000000000000001B
:10C5200000000000430000000000000000000000C8
:10C5300000000000000000000000000000000000FB
:10C5400000000000FFA6000035A20000000000006F
:10C5500088C200003BB900007CAC00007CAC00004D
:10C560007CAC00007CAC00007CAC00007CAC00002B
:10C570007CAC00007CAC00007CAC0000FFFFFFFF47
:10C58000FFFFFFFFFFFFFFFFFFFF00000100415320
:10C5900043494900000000000000000000000000C6
:10C5A00000000000000000000000000000004153F7
:10C5B00043494900000000000000000000000000A6
:10C5C000000000000000000000000000000000006B
:10C5D000DD20000019250000CD2800009D38000056
:10C5E000114400007D4D0000A1680000257100008D
:10C5F000797900008D870000B52000000000000060
:04000003000094D194
:00000001FF
