:0200000460009A
:100000004643464200000156000000000103030081
:1000100000000000000000000000000000000000E0
:1000200000000000000000000000000000000000D0
:1000300000000000000000000000000000000000C0
:1000400000000000010408000000000000000000A3
:100050000000200000000000000000000000000080
:100060000000000000000000000000000000000090
:100070000000000000000000000000000000000080
:10008000EB04180A063204260000000000000000FD
:10009000050404240000000000000000000000002F
:1000A0000000000000000000000000000000000050
:1000B0000604000000000000000000000000000036
:1000C0000000000000000000000000000000000030
:1000D00020041808000000000000000000000000DC
:1000E0000000000000000000000000000000000010
:1000F0000000000000000000000000000000000000
:10010000D8041808000000000000000000000000F3
:100110000204180804200000000000000000000095
:1001200000000000000000000000000000000000CF
:10013000600400000000000000000000000000005B
:1001400000000000000000000000000000000000AF
:10015000000000000000000000000000000000009F
:10016000000000000000000000000000000000008F
:10017000000000000000000000000000000000007F
:10018000000000000000000000000000000000006F
:10019000000000000000000000000000000000005F
:1001A000000000000000000000000000000000004F
:1001B000000000000000000000000000000000003F
:1001C000000100000010000001000000000000001D
:1001D000000001000000000000000000000000001E
:1001E000000000000000000000000000000000000F
:1001F00000000000000000000000000000000000FF
:10020000FFFFFFFFFFFFFFFFFFFFFFFFFFFFFFFFFE
:10021000FFFFFFFFFFFFFFFFFFFFFFFFFFFFFFFFEE
:10022000FFFFFFFFFFFFFFFFFFFFFFFFFFFFFFFFDE
:10023000FFFFFFFFFFFFFFFFFFFFFFFFFFFFFFFFCE
:10024000FFFFFFFFFFFFFFFFFFFFFFFFFFFFFFFFBE
:10025000FFFFFFFFFFFFFFFFFFFFFFFFFFFFFFFFAE
:10026000FFFFFFFFFFFFFFFFFFFFFFFFFFFFFFFF9E
:10027000FFFFFFFFFFFFFFFFFFFFFFFFFFFFFFFF8E
:10028000FFFFFFFFFFFFFFFFFFFFFFFFFFFFFFFF7E
:10029000FFFFFFFFFFFFFFFFFFFFFFFFFFFFFFFF6E
:1002A000FFFFFFFFFFFFFFFFFFFFFFFFFFFFFFFF5E
:1002B000FFFFFFFFFFFFFFFFFFFFFFFFFFFFFFFF4E
:1002C000FFFFFFFFFFFFFFFFFFFFFFFFFFFFFFFF3E
:1002D000FFFFFFFFFFFFFFFFFFFFFFFFFFFFFFFF2E
:1002E000FFFFFFFFFFFFFFFFFFFFFFFFFFFFFFFF1E
:1002F000FFFFFFFFFFFFFFFFFFFFFFFFFFFFFFFF0E
:10030000FFFFFFFFFFFFFFFFFFFFFFFFFFFFFFFFFD
:10031000FFFFFFFFFFFFFFFFFFFFFFFFFFFFFFFFED
:10032000FFFFFFFFFFFFFFFFFFFFFFFFFFFFFFFFDD
:10033000FFFFFFFFFFFFFFFFFFFFFFFFFFFFFFFFCD
:10034000FFFFFFFFFFFFFFFFFFFFFFFFFFFFFFFFBD
:10035000FFFFFFFFFFFFFFFFFFFFFFFFFFFFFFFFAD
:10036000FFFFFFFFFFFFFFFFFFFFFFFFFFFFFFFF9D
:10037000FFFFFFFFFFFFFFFFFFFFFFFFFFFFFFFF8D
:10038000FFFFFFFFFFFFFFFFFFFFFFFFFFFFFFFF7D
:10039000FFFFFFFFFFFFFFFFFFFFFFFFFFFFFFFF6D
:1003A000FFFFFFFFFFFFFFFFFFFFFFFFFFFFFFFF5D
:1003B000FFFFFFFFFFFFFFFFFFFFFFFFFFFFFFFF4D
:1003C000FFFFFFFFFFFFFFFFFFFFFFFFFFFFFFFF3D
:1003D000FFFFFFFFFFFFFFFFFFFFFFFFFFFFFFFF2D
:1003E000FFFFFFFFFFFFFFFFFFFFFFFFFFFFFFFF1D
:1003F000FFFFFFFFFFFFFFFFFFFFFFFFFFFFFFFF0D
:10040000FFFFFFFFFFFFFFFFFFFFFFFFFFFFFFFFFC
:10041000FFFFFFFFFFFFFFFFFFFFFFFFFFFFFFFFEC
:10042000FFFFFFFFFFFFFFFFFFFFFFFFFFFFFFFFDC
:10043000FFFFFFFFFFFFFFFFFFFFFFFFFFFFFFFFCC
:10044000FFFFFFFFFFFFFFFFFFFFFFFFFFFFFFFFBC
:10045000FFFFFFFFFFFFFFFFFFFFFFFFFFFFFFFFAC
:10046000FFFFFFFFFFFFFFFFFFFFFFFFFFFFFFFF9C
:10047000FFFFFFFFFFFFFFFFFFFFFFFFFFFFFFFF8C
:10048000FFFFFFFFFFFFFFFFFFFFFFFFFFFFFFFF7C
:10049000FFFFFFFFFFFFFFFFFFFFFFFFFFFFFFFF6C
:1004A000FFFFFFFFFFFFFFFFFFFFFFFFFFFFFFFF5C
:1004B000FFFFFFFFFFFFFFFFFFFFFFFFFFFFFFFF4C
:1004C000FFFFFFFFFFFFFFFFFFFFFFFFFFFFFFFF3C
:1004D000FFFFFFFFFFFFFFFFFFFFFFFFFFFFFFFF2C
:1004E000FFFFFFFFFFFFFFFFFFFFFFFFFFFFFFFF1C
:1004F000FFFFFFFFFFFFFFFFFFFFFFFFFFFFFFFF0C
:10050000FFFFFFFFFFFFFFFFFFFFFFFFFFFFFFFFFB
:10051000FFFFFFFFFFFFFFFFFFFFFFFFFFFFFFFFEB
:10052000FFFFFFFFFFFFFFFFFFFFFFFFFFFFFFFFDB
:10053000FFFFFFFFFFFFFFFFFFFFFFFFFFFFFFFFCB
:10054000FFFFFFFFFFFFFFFFFFFFFFFFFFFFFFFFBB
:10055000FFFFFFFFFFFFFFFFFFFFFFFFFFFFFFFFAB
:10056000FFFFFFFFFFFFFFFFFFFFFFFFFFFFFFFF9B
:10057000FFFFFFFFFFFFFFFFFFFFFFFFFFFFFFFF8B
:10058000FFFFFFFFFFFFFFFFFFFFFFFFFFFFFFFF7B
:10059000FFFFFFFFFFFFFFFFFFFFFFFFFFFFFFFF6B
:1005A000FFFFFFFFFFFFFFFFFFFFFFFFFFFFFFFF5B
:1005B000FFFFFFFFFFFFFFFFFFFFFFFFFFFFFFFF4B
:1005C000FFFFFFFFFFFFFFFFFFFFFFFFFFFFFFFF3B
:1005D000FFFFFFFFFFFFFFFFFFFFFFFFFFFFFFFF2B
:1005E000FFFFFFFFFFFFFFFFFFFFFFFFFFFFFFFF1B
:1005F000FFFFFFFFFFFFFFFFFFFFFFFFFFFFFFFF0B
:10060000FFFFFFFFFFFFFFFFFFFFFFFFFFFFFFFFFA
:10061000FFFFFFFFFFFFFFFFFFFFFFFFFFFFFFFFEA
:10062000FFFFFFFFFFFFFFFFFFFFFFFFFFFFFFFFDA
:10063000FFFFFFFFFFFFFFFFFFFFFFFFFFFFFFFFCA
:10064000FFFFFFFFFFFFFFFFFFFFFFFFFFFFFFFFBA
:10065000FFFFFFFFFFFFFFFFFFFFFFFFFFFFFFFFAA
:10066000FFFFFFFFFFFFFFFFFFFFFFFFFFFFFFFF9A
:10067000FFFFFFFFFFFFFFFFFFFFFFFFFFFFFFFF8A
:10068000FFFFFFFFFFFFFFFFFFFFFFFFFFFFFFFF7A
:10069000FFFFFFFFFFFFFFFFFFFFFFFFFFFFFFFF6A
:1006A000FFFFFFFFFFFFFFFFFFFFFFFFFFFFFFFF5A
:1006B000FFFFFFFFFFFFFFFFFFFFFFFFFFFFFFFF4A
:1006C000FFFFFFFFFFFFFFFFFFFFFFFFFFFFFFFF3A
:1006D000FFFFFFFFFFFFFFFFFFFFFFFFFFFFFFFF2A
:1006E000FFFFFFFFFFFFFFFFFFFFFFFFFFFFFFFF1A
:1006F000FFFFFFFFFFFFFFFFFFFFFFFFFFFFFFFF0A
:10070000FFFFFFFFFFFFFFFFFFFFFFFFFFFFFFFFF9
:10071000FFFFFFFFFFFFFFFFFFFFFFFFFFFFFFFFE9
:10072000FFFFFFFFFFFFFFFFFFFFFFFFFFFFFFFFD9
:10073000FFFFFFFFFFFFFFFFFFFFFFFFFFFFFFFFC9
:10074000FFFFFFFFFFFFFFFFFFFFFFFFFFFFFFFFB9
:10075000FFFFFFFFFFFFFFFFFFFFFFFFFFFFFFFFA9
:10076000FFFFFFFFFFFFFFFFFFFFFFFFFFFFFFFF99
:10077000FFFFFFFFFFFFFFFFFFFFFFFFFFFFFFFF89
:10078000FFFFFFFFFFFFFFFFFFFFFFFFFFFFFFFF79
:10079000FFFFFFFFFFFFFFFFFFFFFFFFFFFFFFFF69
:1007A000FFFFFFFFFFFFFFFFFFFFFFFFFFFFFFFF59
:1007B000FFFFFFFFFFFFFFFFFFFFFFFFFFFFFFFF49
:1007C000FFFFFFFFFFFFFFFFFFFFFFFFFFFFFFFF39
:1007D000FFFFFFFFFFFFFFFFFFFFFFFFFFFFFFFF29
:1007E000FFFFFFFFFFFFFFFFFFFFFFFFFFFFFFFF19
:1007F000FFFFFFFFFFFFFFFFFFFFFFFFFFFFFFFF09
:10080000FFFFFFFFFFFFFFFFFFFFFFFFFFFFFFFFF8
:10081000FFFFFFFFFFFFFFFFFFFFFFFFFFFFFFFFE8
:10082000FFFFFFFFFFFFFFFFFFFFFFFFFFFFFFFFD8
:10083000FFFFFFFFFFFFFFFFFFFFFFFFFFFFFFFFC8
:10084000FFFFFFFFFFFFFFFFFFFFFFFFFFFFFFFFB8
:10085000FFFFFFFFFFFFFFFFFFFFFFFFFFFFFFFFA8
:10086000FFFFFFFFFFFFFFFFFFFFFFFFFFFFFFFF98
:10087000FFFFFFFFFFFFFFFFFFFFFFFFFFFFFFFF88
:10088000FFFFFFFFFFFFFFFFFFFFFFFFFFFFFFFF78
:10089000FFFFFFFFFFFFFFFFFFFFFFFFFFFFFFFF68
:1008A000FFFFFFFFFFFFFFFFFFFFFFFFFFFFFFFF58
:1008B000FFFFFFFFFFFFFFFFFFFFFFFFFFFFFFFF48
:1008C000FFFFFFFFFFFFFFFFFFFFFFFFFFFFFFFF38
:1008D000FFFFFFFFFFFFFFFFFFFFFFFFFFFFFFFF28
:1008E000FFFFFFFFFFFFFFFFFFFFFFFFFFFFFFFF18
:1008F000FFFFFFFFFFFFFFFFFFFFFFFFFFFFFFFF08
:10090000FFFFFFFFFFFFFFFFFFFFFFFFFFFFFFFFF7
:10091000FFFFFFFFFFFFFFFFFFFFFFFFFFFFFFFFE7
:10092000FFFFFFFFFFFFFFFFFFFFFFFFFFFFFFFFD7
:10093000FFFFFFFFFFFFFFFFFFFFFFFFFFFFFFFFC7
:10094000FFFFFFFFFFFFFFFFFFFFFFFFFFFFFFFFB7
:10095000FFFFFFFFFFFFFFFFFFFFFFFFFFFFFFFFA7
:10096000FFFFFFFFFFFFFFFFFFFFFFFFFFFFFFFF97
:10097000FFFFFFFFFFFFFFFFFFFFFFFFFFFFFFFF87
:10098000FFFFFFFFFFFFFFFFFFFFFFFFFFFFFFFF77
:10099000FFFFFFFFFFFFFFFFFFFFFFFFFFFFFFFF67
:1009A000FFFFFFFFFFFFFFFFFFFFFFFFFFFFFFFF57
:1009B000FFFFFFFFFFFFFFFFFFFFFFFFFFFFFFFF47
:1009C000FFFFFFFFFFFFFFFFFFFFFFFFFFFFFFFF37
:1009D000FFFFFFFFFFFFFFFFFFFFFFFFFFFFFFFF27
:1009E000FFFFFFFFFFFFFFFFFFFFFFFFFFFFFFFF17
:1009F000FFFFFFFFFFFFFFFFFFFFFFFFFFFFFFFF07
:100A0000FFFFFFFFFFFFFFFFFFFFFFFFFFFFFFFFF6
:100A1000FFFFFFFFFFFFFFFFFFFFFFFFFFFFFFFFE6
:100A2000FFFFFFFFFFFFFFFFFFFFFFFFFFFFFFFFD6
:100A3000FFFFFFFFFFFFFFFFFFFFFFFFFFFFFFFFC6
:100A4000FFFFFFFFFFFFFFFFFFFFFFFFFFFFFFFFB6
:100A5000FFFFFFFFFFFFFFFFFFFFFFFFFFFFFFFFA6
:100A6000FFFFFFFFFFFFFFFFFFFFFFFFFFFFFFFF96
:100A7000FFFFFFFFFFFFFFFFFFFFFFFFFFFFFFFF86
:100A8000FFFFFFFFFFFFFFFFFFFFFFFFFFFFFFFF76
:100A9000FFFFFFFFFFFFFFFFFFFFFFFFFFFFFFFF66
:100AA000FFFFFFFFFFFFFFFFFFFFFFFFFFFFFFFF56
:100AB000FFFFFFFFFFFFFFFFFFFFFFFFFFFFFFFF46
:100AC000FFFFFFFFFFFFFFFFFFFFFFFFFFFFFFFF36
:100AD000FFFFFFFFFFFFFFFFFFFFFFFFFFFFFFFF26
:100AE000FFFFFFFFFFFFFFFFFFFFFFFFFFFFFFFF16
:100AF000FFFFFFFFFFFFFFFFFFFFFFFFFFFFFFFF06
:100B0000FFFFFFFFFFFFFFFFFFFFFFFFFFFFFFFFF5
:100B1000FFFFFFFFFFFFFFFFFFFFFFFFFFFFFFFFE5
:100B2000FFFFFFFFFFFFFFFFFFFFFFFFFFFFFFFFD5
:100B3000FFFFFFFFFFFFFFFFFFFFFFFFFFFFFFFFC5
:100B4000FFFFFFFFFFFFFFFFFFFFFFFFFFFFFFFFB5
:100B5000FFFFFFFFFFFFFFFFFFFFFFFFFFFFFFFFA5
:100B6000FFFFFFFFFFFFFFFFFFFFFFFFFFFFFFFF95
:100B7000FFFFFFFFFFFFFFFFFFFFFFFFFFFFFFFF85
:100B8000FFFFFFFFFFFFFFFFFFFFFFFFFFFFFFFF75
:100B9000FFFFFFFFFFFFFFFFFFFFFFFFFFFFFFFF65
:100BA000FFFFFFFFFFFFFFFFFFFFFFFFFFFFFFFF55
:100BB000FFFFFFFFFFFFFFFFFFFFFFFFFFFFFFFF45
:100BC000FFFFFFFFFFFFFFFFFFFFFFFFFFFFFFFF35
:100BD000FFFFFFFFFFFFFFFFFFFFFFFFFFFFFFFF25
:100BE000FFFFFFFFFFFFFFFFFFFFFFFFFFFFFFFF15
:100BF000FFFFFFFFFFFFFFFFFFFFFFFFFFFFFFFF05
:100C0000FFFFFFFFFFFFFFFFFFFFFFFFFFFFFFFFF4
:100C1000FFFFFFFFFFFFFFFFFFFFFFFFFFFFFFFFE4
:100C2000FFFFFFFFFFFFFFFFFFFFFFFFFFFFFFFFD4
:100C3000FFFFFFFFFFFFFFFFFFFFFFFFFFFFFFFFC4
:100C4000FFFFFFFFFFFFFFFFFFFFFFFFFFFFFFFFB4
:100C5000FFFFFFFFFFFFFFFFFFFFFFFFFFFFFFFFA4
:100C6000FFFFFFFFFFFFFFFFFFFFFFFFFFFFFFFF94
:100C7000FFFFFFFFFFFFFFFFFFFFFFFFFFFFFFFF84
:100C8000FFFFFFFFFFFFFFFFFFFFFFFFFFFFFFFF74
:100C9000FFFFFFFFFFFFFFFFFFFFFFFFFFFFFFFF64
:100CA000FFFFFFFFFFFFFFFFFFFFFFFFFFFFFFFF54
:100CB000FFFFFFFFFFFFFFFFFFFFFFFFFFFFFFFF44
:100CC000FFFFFFFFFFFFFFFFFFFFFFFFFFFFFFFF34
:100CD000FFFFFFFFFFFFFFFFFFFFFFFFFFFFFFFF24
:100CE000FFFFFFFFFFFFFFFFFFFFFFFFFFFFFFFF14
:100CF000FFFFFFFFFFFFFFFFFFFFFFFFFFFFFFFF04
:100D0000FFFFFFFFFFFFFFFFFFFFFFFFFFFFFFFFF3
:100D1000FFFFFFFFFFFFFFFFFFFFFFFFFFFFFFFFE3
:100D2000FFFFFFFFFFFFFFFFFFFFFFFFFFFFFFFFD3
:100D3000FFFFFFFFFFFFFFFFFFFFFFFFFFFFFFFFC3
:100D4000FFFFFFFFFFFFFFFFFFFFFFFFFFFFFFFFB3
:100D5000FFFFFFFFFFFFFFFFFFFFFFFFFFFFFFFFA3
:100D6000FFFFFFFFFFFFFFFFFFFFFFFFFFFFFFFF93
:100D7000FFFFFFFFFFFFFFFFFFFFFFFFFFFFFFFF83
:100D8000FFFFFFFFFFFFFFFFFFFFFFFFFFFFFFFF73
:100D9000FFFFFFFFFFFFFFFFFFFFFFFFFFFFFFFF63
:100DA000FFFFFFFFFFFFFFFFFFFFFFFFFFFFFFFF53
:100DB000FFFFFFFFFFFFFFFFFFFFFFFFFFFFFFFF43
:100DC000FFFFFFFFFFFFFFFFFFFFFFFFFFFFFFFF33
:100DD000FFFFFFFFFFFFFFFFFFFFFFFFFFFFFFFF23
:100DE000FFFFFFFFFFFFFFFFFFFFFFFFFFFFFFFF13
:100DF000FFFFFFFFFFFFFFFFFFFFFFFFFFFFFFFF03
:100E0000FFFFFFFFFFFFFFFFFFFFFFFFFFFFFFFFF2
:100E1000FFFFFFFFFFFFFFFFFFFFFFFFFFFFFFFFE2
:100E2000FFFFFFFFFFFFFFFFFFFFFFFFFFFFFFFFD2
:100E3000FFFFFFFFFFFFFFFFFFFFFFFFFFFFFFFFC2
:100E4000FFFFFFFFFFFFFFFFFFFFFFFFFFFFFFFFB2
:100E5000FFFFFFFFFFFFFFFFFFFFFFFFFFFFFFFFA2
:100E6000FFFFFFFFFFFFFFFFFFFFFFFFFFFFFFFF92
:100E7000FFFFFFFFFFFFFFFFFFFFFFFFFFFFFFFF82
:100E8000FFFFFFFFFFFFFFFFFFFFFFFFFFFFFFFF72
:100E9000FFFFFFFFFFFFFFFFFFFFFFFFFFFFFFFF62
:100EA000FFFFFFFFFFFFFFFFFFFFFFFFFFFFFFFF52
:100EB000FFFFFFFFFFFFFFFFFFFFFFFFFFFFFFFF42
:100EC000FFFFFFFFFFFFFFFFFFFFFFFFFFFFFFFF32
:100ED000FFFFFFFFFFFFFFFFFFFFFFFFFFFFFFFF22
:100EE000FFFFFFFFFFFFFFFFFFFFFFFFFFFFFFFF12
:100EF000FFFFFFFFFFFFFFFFFFFFFFFFFFFFFFFF02
:100F0000FFFFFFFFFFFFFFFFFFFFFFFFFFFFFFFFF1
:100F1000FFFFFFFFFFFFFFFFFFFFFFFFFFFFFFFFE1
:100F2000FFFFFFFFFFFFFFFFFFFFFFFFFFFFFFFFD1
:100F3000FFFFFFFFFFFFFFFFFFFFFFFFFFFFFFFFC1
:100F4000FFFFFFFFFFFFFFFFFFFFFFFFFFFFFFFFB1
:100F5000FFFFFFFFFFFFFFFFFFFFFFFFFFFFFFFFA1
:100F6000FFFFFFFFFFFFFFFFFFFFFFFFFFFFFFFF91
:100F7000FFFFFFFFFFFFFFFFFFFFFFFFFFFFFFFF81
:100F8000FFFFFFFFFFFFFFFFFFFFFFFFFFFFFFFF71
:100F9000FFFFFFFFFFFFFFFFFFFFFFFFFFFFFFFF61
:100FA000FFFFFFFFFFFFFFFFFFFFFFFFFFFFFFFF51
:100FB000FFFFFFFFFFFFFFFFFFFFFFFFFFFFFFFF41
:100FC000FFFFFFFFFFFFFFFFFFFFFFFFFFFFFFFF31
:100FD000FFFFFFFFFFFFFFFFFFFFFFFFFFFFFFFF21
:100FE000FFFFFFFFFFFFFFFFFFFFFFFFFFFFFFFF11
:100FF000FFFFFFFFFFFFFFFFFFFFFFFFFFFFFFFF01
:10100000D100204321160060000000000000000015
:10101000201000600010006000B4046000000000B8
:101020000000006000C0040000000000FFFFFFFFA0
:10103000FFFFFFFFFFFFFFFFFFFFFFFFFFFFFFFFC0
:10104000FFFFFFFFFFFFFFFFFFFFFFFFFFFFFFFFB0
:10105000FFFFFFFFFFFFFFFFFFFFFFFFFFFFFFFFA0
:10106000FFFFFFFFFFFFFFFFFFFFFFFFFFFFFFFF90
:10107000FFFFFFFFFFFFFFFFFFFFFFFFFFFFFFFF80
:10108000FFFFFFFFFFFFFFFFFFFFFFFFFFFFFFFF70
:10109000FFFFFFFFFFFFFFFFFFFFFFFFFFFFFFFF60
:1010A000FFFFFFFFFFFFFFFFFFFFFFFFFFFFFFFF50
:1010B000FFFFFFFFFFFFFFFFFFFFFFFFFFFFFFFF40
:1010C000FFFFFFFFFFFFFFFFFFFFFFFFFFFFFFFF30
:1010D000FFFFFFFFFFFFFFFFFFFFFFFFFFFFFFFF20
:1010E000FFFFFFFFFFFFFFFFFFFFFFFFFFFFFFFF10
:1010F000FFFFFFFFFFFFFFFFFFFFFFFFFFFFFFFF00
:10110000FFFFFFFFFFFFFFFFFFFFFFFFFFFFFFFFEF
:10111000FFFFFFFFFFFFFFFFFFFFFFFFFFFFFFFFDF
:10112000FFFFFFFFFFFFFFFFFFFFFFFFFFFFFFFFCF
:10113000FFFFFFFFFFFFFFFFFFFFFFFFFFFFFFFFBF
:10114000FFFFFFFFFFFFFFFFFFFFFFFFFFFFFFFFAF
:10115000FFFFFFFFFFFFFFFFFFFFFFFFFFFFFFFF9F
:10116000FFFFFFFFFFFFFFFFFFFFFFFFFFFFFFFF8F
:10117000FFFFFFFFFFFFFFFFFFFFFFFFFFFFFFFF7F
:10118000FFFFFFFFFFFFFFFFFFFFFFFFFFFFFFFF6F
:10119000FFFFFFFFFFFFFFFFFFFFFFFFFFFFFFFF5F
:1011A000FFFFFFFFFFFFFFFFFFFFFFFFFFFFFFFF4F
:1011B000FFFFFFFFFFFFFFFFFFFFFFFFFFFFFFFF3F
:1011C000FFFFFFFFFFFFFFFFFFFFFFFFFFFFFFFF2F
:1011D000FFFFFFFFFFFFFFFFFFFFFFFFFFFFFFFF1F
:1011E000FFFFFFFFFFFFFFFFFFFFFFFFFFFFFFFF0F
:1011F000FFFFFFFFFFFFFFFFFFFFFFFFFFFFFFFFFF
:10120000FFFFFFFFFFFFFFFFFFFFFFFFFFFFFFFFEE
:10121000FFFFFFFFFFFFFFFFFFFFFFFFFFFFFFFFDE
:10122000FFFFFFFFFFFFFFFFFFFFFFFFFFFFFFFFCE
:10123000FFFFFFFFFFFFFFFFFFFFFFFFFFFFFFFFBE
:10124000FFFFFFFFFFFFFFFFFFFFFFFFFFFFFFFFAE
:10125000FFFFFFFFFFFFFFFFFFFFFFFFFFFFFFFF9E
:10126000FFFFFFFFFFFFFFFFFFFFFFFFFFFFFFFF8E
:10127000FFFFFFFFFFFFFFFFFFFFFFFFFFFFFFFF7E
:10128000FFFFFFFFFFFFFFFFFFFFFFFFFFFFFFFF6E
:10129000FFFFFFFFFFFFFFFFFFFFFFFFFFFFFFFF5E
:1012A000FFFFFFFFFFFFFFFFFFFFFFFFFFFFFFFF4E
:1012B000FFFFFFFFFFFFFFFFFFFFFFFFFFFFFFFF3E
:1012C000FFFFFFFFFFFFFFFFFFFFFFFFFFFFFFFF2E
:1012D000FFFFFFFFFFFFFFFFFFFFFFFFFFFFFFFF1E
:1012E000FFFFFFFFFFFFFFFFFFFFFFFFFFFFFFFF0E
:1012F000FFFFFFFFFFFFFFFFFFFFFFFFFFFFFFFFFE
:10130000FFFFFFFFFFFFFFFFFFFFFFFFFFFFFFFFED
:10131000FFFFFFFFFFFFFFFFFFFFFFFFFFFFFFFFDD
:10132000FFFFFFFFFFFFFFFFFFFFFFFFFFFFFFFFCD
:10133000FFFFFFFFFFFFFFFFFFFFFFFFFFFFFFFFBD
:10134000FFFFFFFFFFFFFFFFFFFFFFFFFFFFFFFFAD
:10135000FFFFFFFFFFFFFFFFFFFFFFFFFFFFFFFF9D
:10136000FFFFFFFFFFFFFFFFFFFFFFFFFFFFFFFF8D
:10137000FFFFFFFFFFFFFFFFFFFFFFFFFFFFFFFF7D
:10138000FFFFFFFFFFFFFFFFFFFFFFFFFFFFFFFF6D
:10139000FFFFFFFFFFFFFFFFFFFFFFFFFFFFFFFF5D
:1013A000FFFFFFFFFFFFFFFFFFFFFFFFFFFFFFFF4D
:1013B000FFFFFFFFFFFFFFFFFFFFFFFFFFFFFFFF3D
:1013C000FFFFFFFFFFFFFFFFFFFFFFFFFFFFFFFF2D
:1013D000FFFFFFFFFFFFFFFFFFFFFFFFFFFFFFFF1D
:1013E000FFFFFFFFFFFFFFFFFFFFFFFFFFFFFFFF0D
:1013F000FFFFFFFFFFFFFFFFFFFFFFFFFFFFFFFFFD
:10140000884207D0904205D251F8043B40F8043B93
:101410008242F9D8704700BF884204D2002340F8C6
:10142000043B8142FBD870472DE9884800F09EF9C3
:101430000824604B604AC3F8544160496048FFF794
:10144000DFFF604A60496148FFF7DAFF60496148A1
:10145000FFF7E2FF604C4FF0E0214FF470000023F3
:101460005E4AC1F8880D44F823200133B02BFAD12D
:101470005B4B80215B4A03F8011B9342FBD14FF089
:10148000E0254C4E4FF08039DFF888B1DFF888A1B5
:101490004FF0FF31C5F8084D0027C6F80491C6F893
:1014A00000B1C6F8F490C6F8F0A0D5F8243DDFF8F6
:1014B0006C8143F4E0234C4AC5F8243DD8F81C3035
:1014C00023F07F0343F04003C8F81C30D8F82430E1
:1014D00023F07F0343F04003C8F824309166D166BF
:1014E0001167516700F04AF9404B4149A363414BF2
:1014F000E36363236B610323AF612B613E4BC5F84C
:10150000203DD5F8FC3D43F08073C5F8FC3D3B4BD6
:101510001A6842F001021A605B680B6000F0AAF9D9
:10152000C6F804913648C6F800B1C6F8F490C6F87B
:10153000F0A000F0CDFBD8F86C10324B324A41F4E9
:101540004051C8F86C101F60C3F80871C3F81871D7
:10155000C3F82871C3F83871936BDB0708D442F6DF
:1015600015632A4951651365936B43F00103936337
:10157000254A274C936843F00113936000F068F804
:1015800000F0BAFB00F0A4F900F0F2F82368132B86
:10159000FCD900F035FA2368B3F5967FFBD300F051
:1015A000EBF800F0E7F800F09FFB00F0A1FB30BF84
:1015B000FDE700BF00800D40ACD20300D41F0060E7
:1015C00000000000C0BE002084F203600000002084
:1015D00060C40120C0BE002000BC002071E30000F8
:1015E00000E400E0A0E400E000C00A408DCA000072
:1015F00038C2012091CA000000002020001000E045
:101600000046C3230040084000400D400000C05683
:101610003CC201201B1018200C0D111300C00F40FC
:10162000074B4FF42A01074A07485A641864074ACF
:1016300099639546BFF34F8FBFF36F8FFFF7F4FEAB
:1016400000C00A40FFFFAAAA0700200000000420F3
:10165000104BA020104AD96E41F4403110B4D96625
:1016600040F23764D96E41F44071D9665464906495
:10167000936C1B06FCD4094A40F23761A0235164E5
:101680009364936C13F08003FBD1054A13705DF8EB
:10169000044B704700C00F4000400C4000800C40DD
:1016A0001EC40120B1F5607FF8B50E460F4628BF75
:1016B0004FF46076054672B6234B00247022186002
:1016C0002146224B22481C8000F006FBCFB1214668
:1016D0001F484FF0010C4A0901F01F03013150F877
:1016E00022400CFA03F38E4243EA040340F822300E
:1016F000F1D8284600234380013300F582709E42D2
:10170000F9D8144C25780DB162B6F8BD082000F068
:10171000F7FA8022104902710560104A00F0E0FAE1
:101720002378002BF0D10E4B0E4AC3F858210E49F6
:10173000D0204FF0E023402281F84600C3F8082172
:101740000123237062B6F8BD58DD0020FCC30120E0
:1017500060DD002014C4012069BC00001B100100E2
:1017600000BC002075BC000000E400E0704700BF32
:10177000704700BF704700BF00BF704710B44FF004
:10178000E023002110242B48C3F8941DC3F89C4D7E
:101790001124C3F8A00D2848C3F89C4D1224C3F8A7
:1017A000A00D2648C3F89C4D254AC3F8A00D254C32
:1017B00042F015022448C3F89C4DC3F8A00D234CF9
:1017C0002348C3F89C4DC3F8A00D224CC3F89C2DB0
:1017D0002148224AC3F8A04DC3F89C0DC3F8A02DA0
:1017E00002F5A0221E4C0C321E48C3F89C4DC3F8D3
:1017F000A02D1D4AC3F89C0D1C4CC3F8A02D01223E
:101800001B48C3F89C4DC3F8A00DC3F8942DBFF33B
:101810004F8FBFF36F8FC3F8501FBFF34F8FBFF3CE
:101820006F8FD3F8142D5DF8044B42F44032C3F8A7
:10183000142D70473F000010250008030900100018
:1018400060C40120130020002100020714000020C2
:1018500025000813090000101600202027000B1394
:1018600017000040180000602F000B0719000070DF
:101870002F000B13F0B4154A40274FF480314FF47A
:1018800080564FF400554FF4404443F24200136930
:1018900013F0020F0ED113F4005F0FD013F4805F2A
:1018A0000ED0002BF3DA13F4803F0BD15B060BD57F
:1018B000F0BC7047946151619061E8E75561E6E7DB
:1018C0005661E4E79161E2E75761E0E700800D408F
:1018D0003F4A03203F49F3EE095AD2F880304FF0D7
:1018E000000C9FED3D6A23F001039FED3C5A30B49C
:1018F000C2F88030C2F89000D1F8E010384DCBB279
:10190000384C39482B6007EE903A0B0DC1F30B2190
:10191000F8EEE77A06EE903A07EE101A334BB8EE7F
:10192000C77A2160F8EEE66A314937EEC66A37EECB
:10193000C55A76EEC76A77EEE57A26EE266AC3EDDB
:10194000006A25EE265AD2F8803067EEA64AC0ED2E
:10195000007AC6EE275A274885EE276AC4EEA76AA2
:1019600075EE875AFCEEE55A36EE076A15EE904A98
:10197000BCEEC66A43EA045376EE877AC2F880303A
:1019800016EE103AD2F89041FCEEE77A01EA0341F4
:10199000214317EE903AC2F89011C3F30B03D2F82B
:1019A00090110B431449C2F89031D2F8803043F0C3
:1019B0000203C2F88030114B80F840C0C1F84031BA
:1019C0004FF0E023012230BCC3F80821704700BF6C
:1019D00000810D4000441F400000AA420000B442B4
:1019E000AC440120A8440120B0440120B4440120AB
:1019F0000000FF0F00E400E000BC002055E50000FF
:101A0000314B40F6617210B5C3F8202140F2044416
:101A100000F07AF92D4A2E49D2F880302D4843F053
:101A20000303C2F880302C4BC1F8604102681A42AF
:101A300003D1D1F8A8319A071BD0254A4FF00041B5
:101A4000244B5963D2F8403143F00203C2F84031CD
:101A5000D2F840319B07FBD44FF400304FF0E02127
:101A60001C4B4FF00042C1F88C0219209A6300F021
:101A70002BF9184A4FF08040154C002190630A2042
:101A8000164B11604FF42072C4F8A801184600F0FC
:101A900023F94FF4800203464FF4810040F24311D2
:101AA0001860C4F858311A640D4B0E4AC4F8481136
:101AB000C3F804224FF0E0224FF400310123C2F8B2
:101AC0000C11C4F8403110BD00800D4000C00F4023
:101AD00000002E4000900D40001C1E000000002061
:101AE00000BC002061E7000008B50E4B1B6E9B0791
:101AF00000D4FBBE72B60C4B00200C4AC3F8400168
:101B000003F160430A49A3F55F2311649D46BFF3C7
:101B10004F8F4FF400130748074ADB6902609B6848
:101B2000984700BF00441F4000002E4000C00A40FC
:101B30000300200000802020000012EB43690A4AC5
:101B400003EB011010B4037A084C02EB0313D3E942
:101B500001321460C2681A6003690BB142691A60ED
:101B60005DF8044B704700BFF49B002061F8010052
:101B70004369027E03EB021292F808C08C451CD028
:101B80001A7AFF2A19D0914210B5044616D01A7E4F
:101B9000FF2A06D00121D3E9002312681A4201D19D
:101BA000217610BD064B0522204603EB0C135B6823
:101BB0001A60FFF7C3FF2176F3E770470021EAE7D9
:101BC000F49B002043690A4A03EB011010B490F81B
:101BD0002830084C02EB0313D3E901321460C26AC7
:101BE0001A60036B0BB1426B1A605DF8044B7047CF
:101BF000F49B002061F801004369427E03EB02126E
:101C000092F828C08C451ED093F82820FF2A1AD0BD
:101C1000914210B5044617D093F83820FF2A06D019
:101C20000121D3E9002312681A4201D1617610BD67
:101C3000064B0522204603EB0C135B681A60FFF786
:101C4000C1FF6176F3E770470021EAE7F49B0020CB
:101C5000164942698B6B23F47C0343F4802370B5EF
:101C60008B630446124DD2E900130A681A430369D4
:101C70000A60022200211A610E4A19619A64012247
:101C80005A629D624FF43035DD624FF001159E6C53
:101C90001E6519629D651A61017EFFF74FFF617E27
:101CA0002046BDE87040FFF78DBF00BF00C00F4069
:101CB000B80B05053B372819F8B500BFF8BC08BCC0
:101CC0009E467047000000005FF800F075C20000FB
:101CD0005FF800F085BF00005FF800F08585030025
:101CE0005FF800F06DD600005FF800F08D8603000D
:101CF0005FF800F095D700005FF800F0E9E1000020
:101D00005FF800F0D9D800005FF800F09DEE000009
:101D100001010000010F0000E144000035BB00009C
:101D20008DD100000DD2000091D2000015D300002B
:101D300099D300001DD40000A1D40000C5E5000027
:0C1D4000851801005569020005880200AA
:101D4C0007080C0B06050F000D0EFFFF0304070818
:101D5C000C0B06050F000D0EFFFF03040000000125
:101D6C000101010101010000180354006500650028
:101D7C006E007300790020004D00490044004900BA
:101D8C0018035400650065006E0073007900640050
:101D9C00750069006E006F000403090409029500C8
:101DAC00030100C032080B0002020201000904000A
:101DBC0000010202010005240010010524010101AB
:101DCC0004240206052406000107058203100010F6
:101DDC0009040100020A000000070503024000008C
:101DEC000705830240000009040200020103000001
:101DFC00072401000125000624020101000624022B
:101E0C000202000924030103010201000924030258
:101E1C000401010100090504024000000000052531
:101E2C0001010109058402400000000005250101A3
:101E3C000300000009029500030100C032080B00EA
:101E4C000202020100090400000102020100052443
:101E5C0000100105240101010424020605240600DA
:101E6C00010705820310000509040100020A0000A5
:101E7C0000070503020002000705830200020009A7
:101E8C0004020002010300000724010001250006E2
:101E9C0024020101000624020202000924030103AA
:101EAC0001020100092403020401010100090504D7
:101EBC000200020000000525010101090584020051
:101ECC000200000005250101030000000A060002C3
:101EDC00EF0201400100000070C00F40C000000084
:101EEC001200000013000000D0841F40010000000D
:101EFC00FF000000FF0000000000000000000000D8
:101F0C001300000013000000CC841F4001000000EF
:101F1C00FF000000FF0000000000000000000000B7
:101F2C001C000000E917010070C00F40000C0000FD
:101F3C001100000011000000E0841F4002000000AE
:101F4C002400000012000000E0841F40010000008B
:101F5C001000000011000000DC841F400200000093
:101F6C002500000012000000DC841F40010000006E
:101F7C001E000000F517010080C00F400000000398
:101F8C001900000010000000E8841F400100000050
:101F9C00FF000000FF000000000000000000000037
:101FAC001800000010000000E4841F400100000035
:101FBC00FF000000FF000000000000000000000017
:081FCC001F00000001180100D4
:101FD40000000000000000000000000000000000FD
:101FE40000000000000000000000000000000000ED
:101FF400F8B54FF084439D695A6915400DD0244FBC
:1020040001269D6195FAA5F4B4FA84F457F82430B6
:1020140006FA04F49847A543F4D11E4B9D695A6906
:1020240015400DD01C4F01269D6195FAA5F4B4FA14
:1020340084F457F8243006FA04F49847A543F4D1FD
:10204400164B9D695A6915400DD0154F01269D61A7
:1020540095FAA5F4B4FA84F457F8243006FA04F493
:102064009847A543F4D10F4B9D695A6915400DD08B
:102074000D4F01269D6195FAA5F4B4FA84F457F83E
:10208400243006FA04F49847A543F4D1F8BD00BF00
:1020940010B600200040004290B6002000800042AC
:1020A40010B7002000C0004290B700200548064B3E
:1020B4001B1AD90F01EBA301491002D0034B03B142
:1020C40018477047C0BE0020C0BE002000000000BA
:1020D40008B5054B1BB105490548AFF30080BDE8C1
:1020E4000840FFF7E3BF00BF0000000010440120D8
:1020F40000C004604FF0040C0021802280F804C06A
:10210400C1800281704700BF002280210271C28019
:102114000181704730B583B005461020CDE9002118
:102124000DF0C2FB0446DDE9002100F09BF801211B
:1021340020462C6003B0BDE8304000F09DB800BFDD
:10214400C18070470181704730B5002183B00546D6
:10215400044601910123009181721A4655F80A0B35
:10216400294600F0A5F8012302222946206800F040
:102174000BF9638922795BBA9BB2134112B918B285
:1021840003B030BD98B2B3F5006FA8BF40F47040FF
:1021940000B203B030BD00BF82F001021A4B41EA25
:1021A4000222C1880A4301890A430146134370B5D8
:1021B400C3F30722012684B0002504468672037304
:1021C4003346C272032251F80A0BCDE9005503913C
:1021D40000F06EF848F20303257303990322019576
:1021E400638133460095206800F062F8022233468A
:1021F40003996281032220682573CDE9005500F01C
:1022040057F804B070BD00BF0080FFFF70B5002117
:1022140082B0012605460191044600913246867239
:10222400334655F80A0B294600F042F83346022299
:102234002946206800F0A8F8608940BAC0F3C0308D
:1022440002B070BD90F8A23090F8A3209A4205D94C
:102254005A1C034480F8A220987E70474FF0FF3048
:10226400704700BF4FF0000C42602022017080F8DC
:1022740008C0C260704700BF38B5044640680D46C8
:102284003CF072FE012121720DB9084638BD207858
:102294006268884082F8301182F82F1182F8A50014
:1022A400606811F015F9B0FA80F0400938BD00BF3C
:1022B4002DE9F041079F15469846C3683A449A426F
:1022C40016D80278044643680E46520083F8A520C7
:1022D400012283F8302183F82F2167B1069B53B183
:1022E40040683A46069903685B689847874202D07B
:1022F4000020BDE8F081606831462A4603685B68C7
:1023040098478542F4D14146606811F0E1F8B0FA8B
:1023140080F04009BDE8F0812DE9F84315460646F2
:102324000F46D2B20178406811F050F9854224D1A9
:1023340005B30024DFF84C90A04613E090F8A2C047
:1023440090F8A32062450CF10102844418D980F866
:10235400A2209CF81A30013407F80830A4B2A54230
:10236400A04607D97068026852694A45E6D090478A
:10237400C3B2F0E70120BDE8F8830020BDE8F8838C
:10238400FF23E8E77502000002B32DE9F041064699
:102394000F4698461546002401E0A54213D92A1B8E
:1023A400F368391930469A4228BF1A46AB1AA34239
:1023B4008CBF002308F001031444FFF7ADFF00288D
:1023C400EBD1BDE8F0810120BDE8F0810120704728
:1023D40030B482B00C4602AB03E90600C37C002B88
:1023E40030D072B6C37CDA0708D54FF0E0214569D6
:1023F400D1F880212A408262C1F880219D0708D546
:102404004FF0E0218569D1F884212A40C262C1F8E5
:102414008421590708D54FF0E021C569D1F88821F6
:102424002A400263C1F888211A0708D54FF0E02139
:10243400056AD1F88C212A404263C1F88C21DB065D
:102444002FD462B683689C4235D0224B84609B694A
:10245400214AC3F30111C3F3826352F821100133FB
:10246400B1FBF3F2CCB1944227D8B2FBF4F3B2FB44
:10247400F3F294422CD3B3F5817F20D3174CC4607C
:10248400036803220020019918615A6201221C6426
:1024940019661A6102B030BC70479942EFD3531CDD
:1024A400E9E74FF0E022416AD2F890310B408363B0
:1024B400C2F89031C5E7C468E2E70024DFE7022BE5
:1024C400FBD9023B5A08140244EA02441C43D6E7EF
:1024D4001A46E4E700C00F40108D0020FF7F7F0004
:1024E4002DE9F84F2DED048BBDF83840042C3DD96F
:1024F4001E460133054688469BB21746042B3BD93A
:10250400B31C93460A469BB2042B3DD808EBC30A7E
:1025140007EBC309D2E9000132F078FB08EE100A98
:10252400DBE9000132F072FB07EE900A05F5C453B3
:1025340005F58055C8EE278AD3ED007AF4EEE87AE3
:10254400F1EE10FA12DDDAE9000132F05FFB08EE79
:10255400100AD9E9000132F059FB07EE900A88EE1F
:10256400279AF4EEC98AF1EE10FA10D4601C80B2F6
:10257400BDEC048BBDE8F88F01EBC30207EBC30B82
:10258400B31C9BB2042BC1D9B946C246C2E708EBBF
:10259400C608F6003744D8E9000132F037FB08EEEC
:1025A400100AD7E9000132F031FB07EE900AB0EED1
:1025B400005A05F67C02C8EE277AE31E05F6880564
:1025C40000209BB207EE103AF6EE005AF7EE006ACE
:1025D400B8EEC77A76EEE86AC2ED006AB0EE676AD2
:1025E40077EEC97AA8EEC56A67EEA57A36EE096A6F
:1025F400C7EE866A76EE877AC5ED007AB8E700BF43
:102604002DE9F04F00F5805300F128028046B0F820
:1026140020A02DED028B89B008EE102A00F15002A3
:10262400C146069393F8783808EE902A029383699A
:102634000393C36904934023059300F54063504614
:1026440007930021079E09EB40034A4606EB400826
:102654008E468446B3F880602033B2F8800020327E
:10266400B2F858B0801BB2F868A0B3F8706010FBE1
:1026740000F00446C517B3F858002F46ABEB000B27
:10268400B3F86800AAEB000AB2F87000801B264673
:10269400CBFB8B67CAFB8A67C0FB806771184EEB64
:1026A400070E9845D6D1039B6046049ACB184EEB8F
:1026B4000207029A9C460393A0FB0163511C09EB99
:1026C400C2020497C9B200FB0E3304290291C2E985
:1026D4000A63C2E914C7C9E906C727D88BB20699A9
:1026E40018EE902A0090029881F8780818EE101AD3
:1026F4004846FFF7F5FEE0B1059B013B9BB205930D
:10270400002B9ED1B0F5C06F8246C8461FD301236B
:102714000020DDE905129A4682F8901882F88F1895
:10272400002182F87838C9E9060110E000230293F9
:10273400D5E70123069A0021C84682F890089A46F4
:10274400002082F8783882F88F38C9E90601A8F8A1
:1027540020A009B0BDEC028BBDE8F08F2DE9F0415B
:10276400002180460BF042FB002847D008F5805436
:1027740094F88C68002E00F0948094F88D28034619
:10278400002A3DD094F8792894F88E38511C02F22E
:102794002462C9B208EB820284F879185060002BD5
:1027A40065D017292AD941F6900541F6F00708F1BA
:1027B400780C454447442E4656F8040FACF1020207
:1027C400031D00F5827033F8021B984222F8021FA1
:1027D400F9D1BE420CF5807CEED155F8040F0BF014
:1027E400B9FAAF42F9D100260023012284F88D689A
:1027F40084F8902884F88E3884F87938BDE8F0811C
:1028040094F8792894F88E08511C02F23C62C9B2FB
:1028140008EB820284F879185360A8B31729EDD91C
:1028240041F6F00541F6501708F1780E4544474447
:10283400AC465CF8040FAEF10202031D00F5827091
:1028440033F8021B834222F8021FF9D1BC450EF56E
:10285400807EEED155F8040F0BF07CFABD42C3D054
:1028640055F8040F0BF076FABD42F3D1BCE794F8A7
:102874009038D3B91729C1D994F89038002B92D045
:102884004046FFF7BDFE8EE794F89038CBB9172980
:10289400B4D994F89038002BC2D04046FFF7B0FE6C
:1028A400BEE7BDE8F0410BF055BA4046FFF7A8FE7D
:1028B40094F87938172BA1D994F88E38002BDBD0F3
:1028C40071E74046FFF79CFE94F87938172B95D9A9
:1028D40094F88E38002BDCD0A2E700BF0000000083
:1028E40072B64FF0000C00F5805300F5C45200217D
:1028F40083F890C803F6880C82ED000A03F67C0284
:102904009FED097B1160012280ED067B0284A3F810
:102914007828CCF8001040F2011183F88E28A3F82F
:102924008C1862B6704700BF000000000000000071
:1029340072B600F5805393F88F2802F0FF0012B1AD
:10294400002283F88F2862B6704700BF72B641F642
:1029540088030344D3ED007A62B69FED020A80EE49
:10296400270A704700442C4772B641F67C0303449F
:1029740093ED000A62B6704710B5002104460BF0CF
:1029840035FAC8B1031DB4F91EC0B4F9201000F51E
:10299400827E33F9022B9445A8BF94469142B8BF76
:1029A40011467345F5D10123A4F81EC02184237771
:1029B400BDE810400BF0CEB910BD00BF2DE9F041C9
:1029C400002180460BF012FAF8B100F1140100F571
:1029D4008A7CD8E9082351E9047651E90254C7FBFB
:1029E400C723C6FBC623C5FBC523C4FBC4231031C0
:1029F4006145F0D1D8F828100131C8E90823C8F896
:102A04002810BDE8F0410BF0A5B9D8F828300133FF
:102A1400C8F82830BDE8F08138B572B69FED127B56
:102A24000023826AD0E90845836280ED087B62B6A0
:102A3400D2012046294632F02FF932F0EFF807EEA2
:102A4400900AF5EE407AF1EE10FA06D4B1EEE70AF8
:102A5400DFED077A80EE270A38BD00EE100A2EF06B
:102A64004FFFF5E7AFF30080000000000000000016
:102A740000FEFF462DE9F04F83B00021044600908C
:102A84000BF0C0F9019000284ED000F1040A04F1C3
:102A9400380900F58278504659E9022359E908C7F4
:102AA40059E9066559E90441C3F30D038B460168EE
:102AB4003CFB013337FB1B3336FB0B3335FB123343
:102AC40034FB023323F38F3EC3F30D033CFB11337A
:102AD40037FB013336FB1B3335FB0E3334FB123328
:102AE40023F38F32CEEA024240F8042B8045C3F32D
:102AF4000D03DBD159F8040C49E9031200F000423C
:102B040009F12009002843EA020349F8243CC2DB06
:102B1400019C0022009821460BF044F9204603B0A2
:102B2400BDE8F04F0BF016B903B0BDE8F08F00BF5D
:102B340003291FD8183030B400EB41134C0172B68E
:102B440029B153F8041C41F0004143F8041C1168F6
:102B540055680151D969D2E9034001F000415D6033
:102B6400644295684042D961C3E90254186162B66F
:102B740030BC7047704700BF2DE9F04F2DED028B3C
:102B840085B008EE100A0BF08FF8002800F0CD8015
:102B9400684B8146684D1B68D3F810A005F5B263F5
:102BA400AAF102020193AA4238BF9A46634B38BF86
:102BB40005F28E52D3F800B0934516D8A2EB0B025F
:102BC40040F25A45AA4233DC40F22D2857101546EC
:102BD4005B4CB8EB620830D04FEA4806A118204697
:102BE400324637F01BFCA01928E0019B551B40F22C
:102BF4002D21A3EB0B066F1007EB660773108F42B2
:102C040075DDB6F58B6F00F38780C91A32464D0027
:102C14004B4C16464FF0000840F22D2720465946EB
:102C24000CF0A8FD2A46A01943490CF0A3FD09E0C5
:102C3400434C4FF0000840F22D2720462A465946BF
:102C44000CF098FD3C4B019A924528BF9A463B4BA9
:102C5400B7F5FE7FC3F800A041DD04EB4804394E0C
:102C6400B4421BD2DFF8F0C0374F384DDCF80030E7
:102C74003868B4F900201B1A900303EB823282FBFC
:102C840005314FEA810141EA937323F38F3224F82B
:102C9400022BB442EDD3CCF800303860284F09F150
:102CA400020C2B4E07F5806E3A462A4B2124002055
:102CB400002101E033F9024F32F8025B9E42C5FB6A
:102CC4008401F7D120F34F3008372CF8020FBE45AA
:102CD400EAD10022494618EE100A0BF063F8484680
:102CE40005B0BDEC028BBDE8F04F0BF033B8B1EB8F
:102CF400070815D0124C4FEA4802039304EB47012E
:102D04002046029237F08AFB039B029A08EB0301E8
:102D1400A01832464E0082E7002540F25A4277E777
:102D2400074C32460F46204679E705B0BDEC028BCE
:102D3400BDE8F08F14DE0020C0BE0020D0AE00201D
:102D440050D80020AADC00201CDE002000B0FB3F8D
:102D5400C45100206C51002020DE002010B5044630
:102D64000BF0BCFB204610BD1B2800F29180F8B587
:102D7400484D04462B5CFF2B00F08980464AF6EE52
:102D8400007A9FED466A052192ED007A0026444BB5
:102D940043F2230EB8EE477A4FF0020CDA8B272069
:102DA400404FC7EE066A22F008021204120CDA83BE
:102DB4004122A3F86E106B21A3F87420A3F86A6073
:102DC400A3F86660E6EEA77AFDEEE77A17EE902A9E
:102DD40092B2A3F86020A3F87020A3F86CE0A3F8E3
:102DE40078C0A3F86A60DA8B92B242F00802DA8300
:102DF4003B6F43F440033B670DF058FA2A4B1A68C3
:102E040012F0404F01D01E601E60274B41F21001AA
:102E140026481A682C5D02251043254A04F00F0445
:102E24001860D86821434FF4E04440F01000D860A3
:102E340042F24870C3F8B040C3F8B810002150649F
:102E44001020936C1B4C43F02003936410602046C5
:102E54000BF0EAFA23681848002218491860184849
:102E6400596018614FF432702179D8829D820CB276
:102E7400D88314489A83C3E90252A5F292559D61FE
:102E840040F82420104B114A40F82420D976F8BD8C
:102E9400704700BF4C1D006038AC002000442C4833
:102EA40000801E4000C00F4000003B401000002086
:102EB40000800C4014DE0020C8003B4000000101EB
:102EC400C0BE002000C00E4000800E4017000080ED
:102ED400024A0349034827F057BB00BFDCAE002079
:102EE4008D0D000014DE002008B541B10B680846C2
:102EF4009B6898470028C8BF00F1FF3008BD0368ED
:102F04009B6898470028C8BF00F1FF3008BD00BF88
:102F140000B59DF804C02AB3072923D947F6FE7EDD
:102F2400714528BF714689B2C263104A43730023B6
:102F3400A0F840104FF47A7102604FF4005280F808
:102F44000FC0436003738160A0F84230436402877A
:102F54004362837380F82C30C0E90733C0E90C3333
:102F64005DF804FB00F110020821DDE74C89002024
:102F74002DE9F0410B680446002601631546DB6821
:102F8400C0E907160846A66198470A200BF05AF9CB
:102F94006562002D3BD1E06903689B689847636BC9
:102FA4009842B8BF184602286EDCDFF82882844FA6
:102FB400844E6563E0690CF0F3FEE56941461D2229
:102FC4002B6828465B68984728460CF0E9FEE569BB
:102FD40039462B222B6828465B68984728460CF014
:102FE400DFFEE5694C2231462B6828465B6898472A
:102FF40028460CF0D5FEE0690CF0D2FEE0690368C7
:10300400DB68984741F288300BF01CF9D2E707EEF1
:10301400905A6663B8EE677A9FED675BB7EEC77A3E
:1030240085EE076BFCEEC67B17EE903ADBB9664E75
:10303400C4ED067AE0690CF0B3FEE5695C22314622
:103044002B6828465B68984728460CF0A9FEE0697F
:103054000CF0A6FEE0690368DB68984741F288300B
:103064000BF0F0F8E6E70133B4F84620A4F8426028
:103074006664A361BAB9002384F82C30A3730BF0FF
:1030840035F9A062BDE8F0810138B4F84630A4F8FF
:10309400425065646063002B48D1002384F82C30CF
:1030A400A373BDE8F081B4F8403084F83860032B92
:1030B40020D8DBB1454A501E18447E2301E012F8A3
:1030C400013FE16B8B550026B4F84030B4F8421050
:1030D400013B4D1C9942B4F84630B8BFAEB201333F
:1030E4008242A4F84260A4F84630E8D1012384F86F
:1030F4003830C0E7364A7E23D51C01E012F8013F80
:10310400E16B8B550026B4F84030B4F84210013B13
:10311400481C9942B4F84630B8BF86B20133954290
:10312400A4F84260A4F84630E8D1DFE7B4F84030B0
:1031340084F83850032B1ED9254A7E23D01C01E085
:1031440012F8013FE16B4B550025B4F84030B4F858
:103154004210013B4E1C9942B4F84630B8BFB5B298
:1031640001339042A4F84250A4F84630E8D1012338
:1031740084F8383091E7002BF9D0144A501E1844D3
:103184007E2301E012F8013FE16B4B550025B4F8B2
:103194004030B4F84210013B4E1C9942B4F846301A
:1031A400B8BFB5B201339042A4F84250A4F84630F7
:1031B400E8D1DCE7AFF3008000000000A8CB684151
:1031C4008476002028760020B076002080760020C7
:1031D40078760020B075002070B50446C0690028D8
:1031E40075D0637B012B02D0002384F82C30636BF1
:1031F400002B39D0216AFFF777FEB4F84630626BB2
:1032040053B3A2B3002826DD98424FF00005A8BFAF
:103214001846064601E0B4F846300020002B72D070
:10322400B4F84020013BB4F844C0013AE16B0CF11E
:10323400010E944511F80C10A4F84630B8BF1FFADB
:103244008EF0A4F8440019B1E06903681B6898473C
:103254000135AE42DFD170BD002A31D08242FADCA2
:10326400606384F82C3070BDB4F8463043B30BF07F
:103274003DF8A36AA269C31A9342ECD3B4F846306A
:10328400A062002B41D0B4F84000B4F844200138C7
:10329400E16B8242895C34DA013292B2013BA4F8D8
:1032A40044209BB2A4F8463029B1E06903681B6846
:1032B4009847B4F84630002BCDD184F82C3070BD3B
:1032C400002384F82C300BF011F8A06270BD104C70
:1032D40010480CF065FD20683F220F4903685B68C5
:1032E40098470C480CF05CFD0A480CF059FD206826
:1032F4000368DB68984741F28830BDE870400AF003
:10330400A1BF0022CAE7FF219EE7FF21CDE700BF4E
:10331400B8AE0020BCAE002070750020C369DBB1DC
:1033240010B50446FFF758FF94F82C300BB1002079
:1033340010BDE369002BFAD0606B18B1216A1846FE
:10334400FFF7D2FDB4F84030B4F846209B1A042BA2
:10335400EEDD043B184410BD00207047C3694BB137
:1033640010B50446FFF738FFE0690368BDE8104074
:103374001B69184718467047C3694BB110B504461A
:10338400FFF72AFFE0690368BDE810405B6918474E
:103394004FF0FF30704700BFC3694BB110B504460E
:1033A400FFF71AFFE0690368BDE810409B691847FE
:1033B4004FF0FF30704700BF38B5C369C3B104464E
:1033C40003E02046A5B1FFF707FF636BB4F846504E
:1033D400002BF6D0D4E90701FFF786FD636B984212
:1033E400A3EB0003D4BFED1860632046002DEAD19F
:1033F40038BD00BF0346B0F8400070B5B3F846408E
:10340400001B904228BF1046F8B10139B3F842E0DE
:103414000E1811F801CFDC6B04F80EC04FF0000E4B
:10342400B3F840C0B3F842400CF1FF3C651C64455E
:10343400B3F846C0B8BF1FFA85FE0CF1010C8E42EA
:10344400A3F842E0A3F846C0E3D170BD70B50446CA
:103454000D46FFF7C1FE637B4BB394F82C30002B71
:103464004ED1B4F84030B4F846609A1B042A47DDC4
:10347400002E62D1626B002A5FD0D4E90701FFF706
:1034840033FD002840F09080B4F84030B4F8466032
:103494009A1B042A51DC94F83830002B00F09180F8
:1034A4000122E37B002084F82C20A37370BDB4F8C0
:1034B4004010B4F8462084F83830914204D084F89F
:1034C400395024D8002070BD01200AF0BBFE2046EC
:1034D400FFF782FEB4F84020B4F846309A42F3D0A5
:1034E40084F83950EED9B4F84230E26BD554B4F8CC
:1034F4004020B4F84230013A93424FDB002313E0FA
:1035040094F83830A3B3E37B0020A37370BDB4F800
:103514004220E16B8D54B4F84020B4F84210013AD3
:10352400914201DA01318BB2B4F846200120A4F8AB
:1035340042301318A4F8463070BD00229E4284F82D
:10354400395084F83820BDD2B4F84230E16BCD5400
:10355400B4F84030B4F84210013B994221DBB4F88E
:1035640046300120A4F842200344A4F8463070BD3C
:10357400B4F84030B4F846209B1A032B08DD04222B
:1035840018492046FFF736FF012384F83830BAE79C
:10359400032215492046FFF72DFFF5E701339BB2BF
:1035A400C2E701318AB2DAE7E069294684F8395082
:1035B40003681B689847E37B012084F83860A37391
:1035C40070BD042A08D0032207492046FFF712FFE2
:1035D400012384F8383063E702492046FFF70AFFE5
:1035E400F6E700BF7876002080760020C3690BB12F
:1035F400FFF72CBF184670472DE9F04104460E46EC
:103604001746FFF7E9FD637BDBB9BFB17B1E751E6F
:10361400DFF858821E4405E0E3690BB1FFF716FF9B
:10362400B5420BD015F8011F2046236884F83910E1
:103634001B684345F0D09847B542F3D13846BDE8FE
:10364400F081636BB4F84650002B40F09C8094F8F2
:103654002C30002B6CD0002D40F08D80B4F84680C7
:10366400B8F1000F40F08480656B002D00F0958068
:10367400D4E90701FFF738FCB84228BF38460546AD
:10368400002800F08A80E06931462E442A46036807
:103694005B68984716F8013C781B84F8388084F8F6
:1036A4003930B0B3B4F84020031DB4F84610A2EB8F
:1036B400010C9C4573DB002306EB000C84F83830C6
:1036C4001CF801CC84F839C001E0B4F846108A42F1
:1036D4001BD916F803E04FF0000CB4F84210E26B6B
:1036E40002F801E0B4F84020B4F8421002F1FF3EC1
:1036F40001F101087145B4F84610B8BF1FFA88FCFF
:103704000131A4F842C0A4F8461001339842DCD831
:103714000544AF4206D994F83830002B48D0012331
:1037240084F82C30E37B2F46A3733846BDE8F08140
:10373400002D93D0A37B002B90D02368484A9B682C
:1037440093426ED1E36933B12046FFF745FD94F807
:103754002C30002B42D00020B842BFF67FAF94F843
:103764003830002B66D00123002784F82C3065E71D
:103774003846002595E794F83830002B41D0E37B98
:103784000027A3735AE7D4E90701FFF7ADFB636B86
:1037940098420BDC1B1A1D4459E7384681E7BCF1FB
:1037A400030FB6DDBCF10400B3D084E760634EE7D9
:1037B400B4F84030B4F846209B1A032B08DD0422E9
:1037C40028492046FFF716FE012384F83830A6E77F
:1037D400032225492046FFF70DFEF5E7E369002B98
:1037E400B9D0606B18B1216A1846FFF77DFBB4F8B5
:1037F4004030B4F846209B1A042BADDD043B18443A
:10380400AAE7B4F84030B4F846209B1A032B0BDC2B
:10381400032215492046FFF7EDFD012384F83830D3
:10382400ADE72046984797E704220E492046FFF764
:10383400E1FDF2E7B4F84030B4F846209B1A032BBC
:1038440008DC032208492046FFF7D4FD012384F84D
:10385400383088E7042203492046FFF7CBFDF5E71B
:103864004D13000078760020807600201D1600009D
:10387400C3690BB1FFF7C0BE1846704700207047FC
:10388400704700BF0020704700207047704700BF9A
:10389400024B186803681B68184700BFB8AE0020C5
:1038A400024B186803685B68184700BFB8AE002075
:1038B400024B18680368DB68184700BFB8AE0020E5
:1038C40008460EF08BB900BF0EF078B90EF032B98D
:1038D4000123024A43761370704700BF13C40120CA
:1038E4000022C16842610A70704700BF806A704755
:1038F4002DE9F041354C2368002B48D005460E468F
:1039040000293AD11A681846314953680522984764
:10391400EB699BB12068202103681B689847D5F8A0
:103924001C802768B8F1000F09D0404639F0D0F860
:103934003B680246414638465B68984727683B68BF
:103944000522244938465B68984700230A222969DE
:1039540020680CF041FA206805221F4903685B685F
:10396400984700230A22696920680CF035FA86B961
:103974002068BDE8F0410CF013BA18460CF010FAB8
:1039840020680722154903685B689847C0E7BDE8CB
:10399400F08120680222124903685B689847EE6848
:1039A40025684EB1304639F093F82B68024631460B
:1039B40028465B68984725682B68284627211B689A
:1039C40098472068BDE8F0410CF0EAB954DD0020C6
:1039D400348600200C860020148600202C860020CB
:1039E4001C860020036910B50446E3B1C268D05CAC
:1039F400D118C8B101211048617601700021D15459
:103A0400E06839F065F80D4B6061186890B103689F
:103A14003C220B495B6898470A4B20461978BDE85D
:103A24001040FFF765BFC16800230B70E06839F0F0
:103A34004FF8606110BD00BF13C4012054DD0020A5
:103A440038550020AFB80020037E10B504460BB1F2
:103A5400FFF7C8FF6069B0FA80F0400910BD00BFED
:103A640038B5037E044653B1FFF7BCFF237E2569B6
:103A740013B12046FFF7B6FF6069281A38BD0569FF
:103A84006069281A38BD00BF037E70B504460D4630
:103A94000BB1FFF7A7FFE46820464CB139F018F8E2
:103AA4002B680246214628465B68BDE870401847EB
:103AB40070BD00BF037E10B504460BB1FFF792FF43
:103AC4000123E068237610BD037D30B5044683B03E
:103AD4006BB104380190FFF785FF237DE56813B1CE
:103AE4000198FFF77FFF2069281A03B030BDC5682D
:103AF4002069281A03B030BD70B5104D2B68DBB1B6
:103B04001A6804462021184613689847E4695CB192
:103B14002D68204638F0DCFF21462B6802462846F3
:103B24005B68BDE87040184728680A2204490368A6
:103B3400BDE870405B68184770BD00BF54DD0020CD
:103B4400545600202DE9F04704461646A54A1F4660
:103B540008980023226018329DF8288062609DF83E
:103B64002420E061A360637684F82430227642B393
:103B7400B8F1010F25D0042923D19B4904209B4D82
:103B8400012263610B709A4B62761A70C4E90310C8
:103B9400286898B103682C2296495B6898472046A8
:103BA400FFF7AAFF286840F21312934903685B6881
:103BB4009847924B20461978FFF79AFE2046BDE8B5
:103BC400F087002E00F09B804B1EE66003332AD85A
:103BD4008B4B994228BF19464D1EB7F1000A256147
:103BE40018BF4FF0010ABE4218BF4FF0000ABAF1E5
:103BF400000F25D1C4F814A086F800A007BB7B4DA4
:103C040001237B4A2868637613700028D6D00368A2
:103C140012227C495B6898472046FFF76DFF2868AD
:103C240033227949C2E7002A4ED0B8F1000F4BD0B5
:103C3400002900F0BC80304638F04AFF0546CCE746
:103C440005F5807036F0FAF8814600287ED036F00B
:103C5400FDF84FF000097A1E12F8011F002968D000
:103C640009F10109A945F7D9BAF1000F00F0E08084
:103C7400002365615E4A735501235C4D1370286807
:103C8400637600289AD003685B68B8F1000F00F0EF
:103C940021812B225D4998472046584EFFF72CFF7F
:103CA40028682E225A4903685B68984749460023CE
:103CB4000A2228680CF090F83178002940F00E812F
:103CC4002046FFF715FE79E70023474A474D484948
:103CD40013702868E260C4E9043301230B7063762F
:103CE40000283FF46BAF036825224A495B68984774
:103CF4002046FFF701FF28682122474956E73B4D3C
:103D04000123394A3A4928680B7066611670637654
:103D1400C4E9032600283FF451AF0368122239494D
:103D24005B6898472046FFF7E7FE286833223B4943
:103D34003CE7BAF1000F00F0C58000232046C4F828
:103D4400149006F809307355BDE8F0870123284A1A
:103D5400264D6061137030702868637600B3036881
:103D6400122228495B6898472046FFF7C5FE286859
:103D740014222B4903685B6898474B460A22216941
:103D840028680CF029F8286826493E2203685B68F5
:103D940098471A4B2046C4F810901978FFF7A8FDED
:103DA400114A00232046C4E90323BDE8F087012318
:103DB4000F480E4D0C4A03702868616111706376D8
:103DC400C4E9032100283FF4F9AE03682D22164903
:103DD4005B6898472046FFF78FFE28682F22134917
:103DE400E4E600BFCC88002050DD002054DD002034
:103DF40013C401206056002090560020AFB8002064
:103E0400FEFFFF7F50580020985800205C59002086
:103E140088590020045800202C58002064580020A1
:103E2400CC580020E4580020A4570020D457002088
:103E3400314D0123314A28681370637600283FF41A
:103E4400BDAE036812222E495B6898472046FFF7EF
:103E540053FE286819222B4903682B4E5B68984748
:103E6400534649460A2228680BF0B6FF28682749BA
:103E7400132203685B689847317800293FF420AF28
:103E840028680BF08DFF28680722214903685B68C6
:103E94009847286818221F4903685B689847D5F833
:103EA4000080384638F014FED8F80030024639460F
:103EB4005B68404698472868272103681B68984731
:103EC4003178FDE630464A46394636F0A7FAD4E959
:103ED400036532E7252210499847DDE628680BF090
:103EE4005FFF286807220A4903685B6898472868C7
:103EF4001B220A49D0E700BF54DD002013C401206F
:103F04005058002024590020AFB80020B858002091
:103F14002C8600204059002004580020B859002065
:103F24002DE9F047414C07469DF8209020689DF804
:103F340024A0002855D01E460368154688465B68B1
:103F440006223B4998473846FFF7D6FD20680322EE
:103F5400384903685B68984755EA06032ED0002D5C
:103F64004CD0BAF1000F3ED12068222103681B68AF
:103F740098472668284638F0ABFD33680246294640
:103F84005B68304698472068222103681B6898477D
:103F940020680BF005FF20681322274903685B683B
:103FA40098474146002320680A220BF015FF234B53
:103FB40038461978BDE8F047FFF79ABCB9F1000F0D
:103FC400E6D02068272103681B6898472068494683
:103FD40003681B6898472068272103681B68984773
:103FE400D6E7BDE8F0872668284638F071FD2946F3
:103FF4003368024630465B689847C9E72068032265
:104004000F4903685B6898472568304638F060FDBF
:104014002B680246314628465B689847206802228E
:10402400084903685B689847B2E700BF54DD002085
:10403400A0550020EC7C0020F8850020AFB80020BB
:10404400F0850020F485002070B5134E336813B357
:104054001A6805460C4618461049536806229847C4
:104064002846FFF749FD30682E2103681B689847EE
:104074004CB13568204638F02BFD21462B680246AA
:1040840028465B6898473068022205490368BDE802
:1040940070405B68184770BD54DD0020A0550020B7
:1040A400647C0020037E2DE9F04104460E4615464B
:1040B4000BB1FFF797FC731C626900F09680B24263
:1040C400174680F095800123DFF844814A496376DE
:1040D4000B70D8F80030002B30D048492046FFF749
:1040E400B3FFD8F800000722454903685B68984786
:1040F400002331460A22D8F800000BF06DFED8F8F0
:10410400000003223F4903685B6898472046FFF795
:10411400F3FCD8F800000C223B4903685B6898471D
:104124000A2200236169D8F800000BF055FE374BD2
:1041340020461978FFF7DCFB6269174600239D428D
:104144003FD90121324E2C48617601703168002933
:1041540049D02A492046FFF777FF306807222D49C6
:1041640003685B689847294600230A2230680BF0ED
:1041740033FE30680322234903685B68984720466E
:10418400FFF7BAFC30680C221F4903685B68984744
:1041940000230A22616930680BF01EFE3068092290
:1041A4001D4903685B6898470A2200233946306832
:1041B4000BF012FE154B20461978FFF799FB626944
:1041C400D51B75B10132E3687919D21BD81919448A
:1041D400521B36F023F96369E26800215B1B6361BB
:1041E400D154BDE8F0811D46EBE700231746A6E74E
:1041F400931B3746A3E700BF13C40120C854002013
:10420400F0550020C052002080540020AFB8002098
:1042140054DD0020D0540020D85400202DE9F0476C
:10422400514C054616461F46DDF820809DF8249023
:10423400DDF828A0FFF708FF206813224B49036824
:104244005B68984700230A22314620680BF0C4FDBE
:104254002B7E002B4AD1BAF1000F5CD1444E317849
:1042640000293ED020680BF09BFD206807224149BD
:1042740003685B68984757EA080313D1B9F1000F44
:104284002ED020680F223C4903685B689847206859
:10429400272103681B6898472068494603681B6800
:1042A400984718E020680F22334903685B689847F1
:1042B4002068002F42D0036827211B689847D4F850
:1042C4000080384638F004FCD8F8003002463946FD
:1042D40040465B6898472068272103681B68984715
:1042E40031782846BDE8F047FFF702BB20680B226F
:1042F400224903685B689847711C0A2200232068DE
:104304000BF06AFD206802221D4903685B68984728
:10431400BAF1000FA2D020680F221A4903685B6823
:10432400984751460A22002320680BF055FD206867
:104334001422154903685B6898478FE703680322D2
:1043440012495B6898472768404638F0C1FB3B68D0
:104354000246414638465B689847206802220C4969
:1043640003685B689847BBE754DD0020F8850020AC
:10437400AFB800202C860020848600204C860020C4
:10438400588600205C8600206C860020F085002082
:10439400F485002070B5134E336813B31A680546CC
:1043A4000C46184610495368082298472846FFF7D8
:1043B400A3FB30682E2103681B6898474CB135680D
:1043C400204638F085FB21462B68024628465B6868
:1043D40098473068022205490368BDE870405B686D
:1043E400184770BD54DD002020860020647C002026
:1043F4002DE9F0411E460B7E0D460746144613B1C7
:104404000846FFF7EFFA3B7E13B13846FFF7EAFAA6
:104414007B6944EA06021A4300F0AD80601C00F098
:104424009180711C00F0A180A64280F08780012257
:10443400DFF8688154497A760A706A76D8F80020E1
:10444400D2B152493846FFF7A5FFD8F800000B2235
:104454004F4903685B6898473846FFF74DFBD8F827
:10446400000013224B4903685B6898474A4B38465F
:104474001978FFF73DFA7B699C4225D90122474C04
:1044840041497A760A706A762268002A71D03F49D7
:104494003846FFF77FFF20680B223D4903685B68BD
:1044A40098473846FFF728FB206813223C490368E5
:1044B4005B689847384B38461978FFF719FA7C69D6
:1044C400A642234628BF26469E4230D0A6422ED07E
:1044D4002B7EA41B13B12846FFF784FA2B699C4258
:1044E40036D90123284A2D4E7B7613706B763368B8
:1044F400EBB126493846FFF7A7FD30681222294957
:1045040003685B6898472846FFF7F6FA3068132279
:10451400254903685B689847214600230A223068CE
:104524000BF05AFC1C4B28461978FFF7E1F90023DD
:10453400EA6828466B611370BDE8F081324626466E
:10454400144699E7721CF2D01C46A642F6D26EE7D6
:10455400F9682246E868314435F060FFEB680022D0
:104564006C6128461A55BDE8F081A34209D21E4663
:104574005DE71C46A4E7EB6828466A611A70BDE84B
:10458400F08126461C469FE713C401200C560020E8
:104594001856002024560020AFB8002054DD002017
:1045A400385600204C560020F88500202DE9F043B1
:1045B400984683B0037E04460D4616469DF828901F
:1045C4009DF82C700BB1FFF70DFA0023EA686B61BC
:1045D4001370237E13B12046FFF704FA6369002B9E
:1045E40077D000238DF804808DF80530002E75D027
:1045F4003146E06833F062FA0128024603D9B9F182
:10460400000F18BF012200212046FFF74BFDD4F80C
:104614001480B8F1000F56D03146E06837F02AF91B
:10462400804518BF47F001070646002F51D02B697B
:1046340083425CD20123DFF8DC80304A6376137056
:104644006B76D8F80030002B34D02D492046FFF784
:10465400FBFCD8F8000012222A4903685B689847DB
:104664002846FFF749FAD8F80000132226490368C0
:104674005B68984700230A223146D8F800000BF003
:10468400ABFBD8F800000C22204903685B6898470C
:10469400D8F800003246E16803685B689847D8F8A8
:1046A4000000272103681B689847194B2046197896
:1046B400FFF71EF9204632460021FFF7F3FC384687
:1046C40003B0BDE8F08309EA0707384603B0BDE844
:1046D400F0830027384603B0BDE8F08301AEE068FC
:1046E400314633F0EBF90128024688D88BE70346BC
:1046F400294600222046FFF77BFEDBE713C4012096
:10470400F0520020CC520020F8850020E052002016
:10471400AFB8002054DD002070B50F4D286810B1EB
:104724000E4B1B7803B970BD0C460BF039FB28689F
:1047340007220B4903685B68984728680E220949D9
:1047440003685B6898472146286800230A22BDE86D
:1047540070400BF041BB00BF54DD0020AFB8002017
:104764002C8600203C860020037E2DE9F04105467E
:104774000C4616460BB1FFF735F9002C57D0731CC5
:1047840020463BD038F0A4F96F69B7423AD20123EE
:10479400464F474A6B7613703B68002B2BD0454934
:1047A4002846FFF751FC38680B22434903685B68CD
:1047B4009847314600230A2238680BF00DFB38680D
:1047C40003223E4903683E4E5B6898472846FFF73C
:1047D40093F938680C223B4903685B689847696918
:1047E40000230A2238680BF0F7FA317800293BD10C
:1047F4002846FFF77DF80020BDE8F0816F6938F0A6
:1048040067F93E468319BB42F5D828B9F01BB0FAC4
:1048140080F04009BDE8F081EB6802462146981912
:1048240033F014F8B0FA80F04009BDE8F0810123B8
:104834001E4F1F4A6B7613703B68002BDBD01D495B
:104844002846FFF701FC38681A221F4903685B6891
:10485400984731462846FFF75FFF194B28461978D9
:10486400FFF746F82046C7E738680BF099FA38682E
:104874000722164903685B68984738681022144970
:1048840003685B689847D7F80080204638F020F921
:10489400D8F80030024621465B684046984738689D
:1048A400272103681B6898473178A1E754DD00206D
:1048B40013C40120A8520020B4520020C05200208A
:1048C400AFB8002080540020845500202C8600209E
:1048D400F85500202DE9F0471F46037E04460D4697
:1048E40016469DF820A09DF824900BB1FFF77AF8A6
:1048F4000023EA686B611370002E40D096F80080A4
:10490400B8F1000F1CD0237E13B12046FFF76AF8DC
:104914006369EBB1B9F1000F07D00022314620469C
:10492400FFF722FF08B1002F3CD13246294620462A
:10493400CDF824A008970023BDE8F047FFF736BE62
:1049440001231A4A1A4E637613706B76336823B9BF
:104954004FF000084046BDE8F08720461549FFF7B0
:1049640073FB30682622144903685B689847134B2D
:1049740020461978FEF7BCFF4046BDE8F0870123C6
:104984000A4A0B4F637613706B763B68002BDFD0BB
:1049940008492046FFF758FB38682922084903686C
:1049A400B046E2E74FF00108D4E700BF13C401208A
:1049B40054DD0020F052002010550020AFB8002034
:1049C400E454002070B50B4D2B688BB11968044674
:1049D400062218464B68084998472046FFF78CF88A
:1049E4002868032205490368BDE870405B681847DE
:1049F40070BD00BF54DD0020A0550020EC7C0020D9
:104A04002DE9F0431E46037E85B005460F46144645
:104A14000BB1FEF7E7FF6B6956BB03EB040857B312
:104A2400002C4CD007F1FF3E4FF0000C1EF8012F74
:104A34001AB10CF1010C6445F8D2A44548D32A6993
:104A440090457FD90123624A6B761370002E6CD196
:104A5400604B1B6843B13B4642465F49284602947B
:104A6400CDE90066FFF7DAFB284605B0BDE8F08320
:104A7400A046002FD4D10123DFF85881544A6B7625
:104A84001370D8F8003083B1002E76D02846FFF793
:104A940099FFD8F800001A22504903685B689847C8
:104AA4004F4B28461978FEF723FF002EDCD0002355
:104AB400EA6828466B61137005B0BDE8F083002EE8
:104AC400D2D0EB686C611C70284605B0BDE8F08359
:104AD40001233F4ADFF8FC8013706B76D8F800306E
:104AE400002BE2D0002E43D02846FFF76BFFD8F806
:104AF400000008223B490368DFF8E4905B689847AC
:104B0400214600230A22D8F800000BF065F9D8F8F2
:104B140000003549142203685B68984799F800102F
:104B240081BB2846FEF7E4FEBFE700243A4641462F
:104B340028462346CDE90044FFF7F2F9EB686C619F
:104B44001C70C1E726B10023EA686B6113706B69BE
:104B5400E86822463946184435F060FCEB680022C8
:104B64002846C5F8148003F8082005B0BDE8F08392
:104B740019492846FFF768FAB9E717492846FFF7A5
:104B840063FA86E7D8F800000BF00AF9D8F80000B9
:104B94000722164903685B689847D8F8000010227A
:104BA400134903685B689847D8F80040384637F0E3
:104BB4008FFF2368024639465B6820469847D8F839
:104BC4000000272103681B68984799F80010A8E79C
:104BD40013C4012054DD0020948600208455002055
:104BE400AFB8002098540020A45400202C86002044
:104BF400F85500202DE9F0474FF0000C84B006462C
:104C04000F461546D0F8148001F1FF3E1EF8014FFF
:104C14004CB30CF1010C6545F8D208EB050233697D
:104C24009A4214D9464B4748196801230370737696
:104C3400002944D0002430463B4643490094CDE942
:104C44000145FFF7EBFA204604B0BDE8F0870023E6
:104C54002A4639463046FFF7D3FE7069A0EB0800B8
:104C640004B0BDE8F0876545D7D90123354ADFF89C
:104C7400D08013707376D8F8003003B332493046CD
:104C8400FFF7E2F9D8F80000082230490368DFF89A
:104C9400D4A05B68984723460A222946D8F8000026
:104CA4000BF09AF8D8F800002949172203685B68CA
:104CB40098479AF8001031B93046FEF719FE0020E3
:104CC40004B0BDE8F087D8F800000BF069F8D8F814
:104CD400000007221F4903685B689847D8F8000062
:104CE4000F221D4903685B689847D8F80000032227
:104CF4001A4903685B689847C5B105F1FF393C461A
:104D04003D4414F8011B00230A22D8F800000BF0DC
:104D140063F8D8F80000E11B036801391B684945B2
:104D24002CBF20212C219847AC42EAD1D8F80000AE
:104D340002220B4903685B6898479AF80010BBE7A6
:104D440054DD002013C401202C540020985400206A
:104D5400345400202C860020848600204C540020EB
:104D640050540020AFB80020037E70B505460E46AF
:104D740014460BB1FEF736FE34B1224631462846BE
:104D8400BDE87040FFF736BF204670BD037D043890
:104D940030B50D4683B014461BB10190FEF722FED8
:104DA400019834B12246294603B0BDE83040FFF7EC
:104DB40021BF204603B030BD037EF0B5044685B064
:104DC4000E4615460BB1FEF70DFE9EB115B12769CF
:104DD400002F35D0002303A88DF80C608DF80D301A
:104DE40037F076FE2B46024603A92046FFF708FE5D
:104DF40005B0F0BD01231A4E1A4A63761370336866
:104E04007BB1CDB918492046FFF71EF93068082256
:104E1400164903685B689847154B20461978FEF7D6
:104E240067FD35B10023E26820466361137005B065
:104E3400F0BD204605B0F0BD2046FFF7C3FDE5E711
:104E44000121084A3B462046CDE9006711703A46E5
:104E54006176FFF765F8E368676120461F70C7E76E
:104E640054DD002013C4012094860020BC5400208B
:104E7400AFB80020037E70B5054684B00C460BB174
:104E8400FEF7B0FDFCB1D5E9043201329A4212D9E1
:104E94001B4901231B4809686B760370D1B10024B8
:104EA4002846194923460094CDE90144FFF7B6F991
:104EB400204604B070BD002221462846FFF77CFF3F
:104EC400012004B070BD01230D4E0E4A6B761370A1
:104ED400336813B9002004B070BD28460A49FFF7AF
:104EE400B3F830680522094903685B689847084BA2
:104EF40028461978FEF7FCFC204604B070BD00BFBC
:104F040054DD002013C401202C54002054540020EC
:104F1400AFB80020A0F10400FFF7ACBF2DE9F04FBB
:104F240085B01F46002390469DF840B00446536167
:104F34000E46D268BBF1010F9DF8385013702BD97F
:104F4400119B4BBB0123DFF8B892A74A4376137039
:104F540088F81930D9F80030D3B1A449FFF774F8B0
:104F6400D9F800A03C22A249DAF8003050465B6828
:104F7400984750460AF014FFD9F800904C229D49F6
:104F8400D9F8003048465B68984748460AF008FF5D
:104F9400CDF844B04FF0000B237E002B00F091803D
:104FA4002046FEF71FFD2369012B40F28E80237EED
:104FB40013B12046FEF716FD00238DF80C508DF832
:104FC4000D30002F00F002813946E06832F076FDA2
:104FD400002102462046FFF765F80023A362119BD7
:104FE40023B194F82430002B00F0F280DFF82092F3
:104FF400DFF820A233681B694B4540F0D7800CF0E2
:1050040099FD002800F09E80237E6569002B00F046
:1050140092802046FEF7E6FC23699D4280F0928050
:10502400227EA56A1AB12046FEF7DCFC23699D4264
:1050340080F0888033685B69534540F0BF800CF092
:10504400BDFD0546A36A0133A362002D00F08980EB
:10505400BBF1000F08D03368E8B2674A1B6893427B
:1050640040F0B0800CF0BAFD119B2BB1012384F801
:105074002430624B1B6823620F9B1A78002A00F0CD
:1050840098802946384636F043FB0028B2D00F9B5F
:105094001B78002B40F013813A4641462046EDB27E
:1050A400CDE90033FFF716FC0246002854D145B37E
:1050B400294601252046FFF77FFE284605B0BDE8B6
:1050C400F08F2369012B3FF677AF4D4D01234649FD
:1050D4002A6863760B7088F819303AB3204643493E
:1050E400FEF7B2FF2C684222464923682046002579
:1050F4005B68984720460AF053FE284605B0BDE891
:10510400F08F237E002B00F0CB802046FEF76AFC54
:10511400237E656913B12046FEF764FC2369AB4224
:1051240000F0948094F82450002D75D10025284671
:1051340005B0BDE8F08F23699D4203D2A56A9D4264
:10514400FFF478AF00233A4641462046CDE90033C8
:10515400FFF7C0FB0028D4D00125284605B0BDE8E0
:10516400F08F274D0123204A28686376137088F84E
:10517400193000283FF43EAF0AF012FE28680922D5
:10518400214903685B6898472046FEF7B5FC2D6803
:105194001A221E492B6828465B68984728460AF05D
:1051A400FFFD33681B694B453FF429AF30469847F0
:1051B40027E7E9B22046FFF7FFFD62E7304698474C
:1051C40005463FE70146304698474DE703AFFBE607
:1051D4000F9B1B78002B3FF409AF084B1B6823621D
:1051E400012384F8243001E713C40120FC52002079
:1051F4000C5300204C530020F11800003CC2012045
:1052040054DD00209C53002004540020105400203E
:10521400FD180000F91800002F4B226A1B689B1A26
:10522400119A934282D9002384F824306369002BB5
:1052340038D00F9B1B78002B39D1204601243A46E5
:10524400414601930094FFF745FB70E7234D01238A
:10525400234A28686376137088F81930A8B10AF0D5
:105264009FFD286809221F4903685B689847204608
:10527400FEF742FC28681C49222203685B689847B1
:105284001A4B20461978FEF733FB0025E268012308
:105294006561284615700F9A137005B0BDE8F08F4C
:1052A40065693BE70F9B1B78002B3FF43FAF00235E
:1052B400E26863611D4613700F9A137037E700228A
:1052C400E3680F98E9B215460270204662611A70CD
:1052D400FFF772FD2BE700BF3CC2012054DD002024
:1052E40013C4012004540020E0530020AFB8002070
:1052F40070B584B005461C469DF8246053B31C78F1
:10530400BCB901231B4E1C4A437613703368EBB1BE
:105314001A49FEF799FE30682622194903685B682A
:105324009847184B28461978FEF7E2FA204604B04D
:1053340070BD0A9C089DCDE902640024CDE90045B6
:10534400FFF7ECFD0446204604B070BD002420465F
:1053540004B070BD0123074E074A437613703368C7
:10536400002BF3D00549FEF76FFE30682922064969
:10537400D4E700BF54DD002013C40120FC520020F8
:1053840010550020AFB80020E45400202DE9F04768
:1053940084B0002514464FF0010A1A460C9B0E46B1
:1053A400019521460093CDF808A00446154BDDF87D
:1053B40034909DF838809DF83C70FEF7C3FB124B87
:1053C4004A46CDF800A02146E6623046C4F8309043
:1053D40001952360183363602B46FFF77BFAE06A7C
:1053E400FEF77EFA7F1B109B204618BF012784F826
:1053F4003480A36384F83570E586C4E9105504B09D
:10540400BDE8F087805F0020288A00202DE9F04164
:10541400056C84B0002D73D00746826B90F835304C
:10542400044617F8348F2946CDE901320246036B4E
:105434000097C06AFFF75CFF051E0646E06A18BFC6
:105444000125FEF753FA636C18446064B8F1000F49
:105454002BD194F83430002B4ED0AEB9A16B94F814
:105464003520236B0097CDE901212246216CE06AA7
:10547400FFF73EFF0546E06A003D18BF0125FEF731
:1054840035FA636C184460642B480AF089FC2B4B92
:1054940043222B49186803685B68984794F83630B0
:1054A40003B3284604B0BDE8F081002EF6D194F889
:1054B4003450002DF2D0A16B94F83520236B009763
:1054C400CDE901212246216CE06AFFF711FF054670
:1054D400E06A003D18BF0125FEF708FA636C184422
:1054E4006064DBE72046FEF7AFFA002818BF00250A
:1054F400284604B0BDE8F081002E08BF0025CDE7A2
:105504000E4C0D480AF04CFC206843220D490368F8
:105514005B68984708480AF043FC07480AF040FCD7
:1055240020680368DB68984741F2883008F08AFEF7
:10553400284604B0BDE8F081BCAE0020B8AE00201F
:10554400EC780020A8780020F8B504460023C06A4F
:1055540084F837301D4D1E4E1E4FFEF7C1F9206CE6
:1055640003681B69AB421CD10CF0E4FAE0B1206C77
:1055740003685B69B34223D10CF020FB10F0FF00F9
:105584001AD094F83530002BE9D0226C13681B68CC
:10559400BB4217D10CF022FB206C03681B69AB42A1
:1055A400E2D098470028E2D10123204684F8343021
:1055B400BDE8F840FFF72ABF2046FEF789F9CEE799
:1055C4009847DBE7014610469847C8E7FD180000F6
:1055D400F9180000F118000010B490F837200024E6
:1055E400C0E9101412B95DF8044B70475DF8044B20
:1055F400FFF7AABF036D0BB101207047406D00385F
:1056040018BF0120704700BF704700BF10B50446A3
:10561400806D18B134F01AFC0023A365236D2BB1FF
:1056240004F11800BDE8104005F08ABD636D002B3D
:10563400F6D110BD012BF0B5054695B03DD0022B37
:1056440040F2022001F104010CBF03460023684626
:1056540005F090FE129B002B38D05C2000260AF047
:1056640023F9214B04AF0446C0E90036019B3946B7
:10567400183040F80C3C1D4B40F8103C029B40F89D
:10568400083C9DF80C3000F8043C05F017FD184B5D
:105694004FF47A72A665A360164B6E602B60636844
:1056A4002E730133AA602C616360134B3846009358
:1056B40005F046FD284615B0F0BD44F2022304313E
:1056C400684605F057FE129B002BC6D1139B002B96
:1056D400C3D14FF47A71074A04AF2B732A602B614C
:1056E400C5E90131E1E700BFE88A0020448B0020CE
:1056F400C48A0020988A0020FC88002010B5044643
:10570400806D00B110BD4FF4807034F097FBA0653C
:10571400B0B10022236D02703BB101464FF4807298
:10572400184605F05DF9A06D10BD636D002BE9D03E
:1057340001464FF48072184602F000FEA06D10BDC1
:10574400014B1846A36510BD18C4012038B5056D7A
:105754006DB10BB1002038BD1146284603F07CFE24
:105764000028F7D02846BDE8384004F017B8446D47
:10577400002CEFD0204601F033FA0028EAD020466E
:10578400BDE8384002F0A6B88A79A2F150031B069E
:1057940022D402F26C72F0B54B7985B0046D0133FA
:1057A4000D798E784F78DBB209784CB1204601969A
:1057B4000095CDE90271022103F084FF05B0F0BD2C
:1057C400406D0028FAD001960095CDE902710221BE
:1057D40001F0C4FF05B0F0BD0020704710B50446C9
:1057E400006D80B1037813F0700F00D110BD00215B
:1057F40003F032FE606D0028F8D000220023BDE8DB
:10580400104001F0EDB9606D0028EFD090F8313010
:1058140013F0500FEAD000220023BDE8104001F03D
:10582400DFB900BF036D10B50C4682B02BB30DF188
:10583400060201A9184603F0B5F938B3BDF80430DF
:10584400BDF8062053EA020120D0C2F3451C02F041
:105854001F00D20AC3F34311400084F801C0A270B0
:105864005A0A013903F01F0302F5EA62207001208D
:1058740061712371A27102B010BD406D30B10DF1A0
:10588400060201A901F052F80028D7D1002002B085
:1058940010BD00BF036D10B50C4682B02BB30DF1E3
:1058A400060201A9184603F06DF938B3BDF80430B7
:1058B400BDF8062053EA020120D0C2F3451C02F0D1
:1058C4001F00D20AC3F34311400084F801C0A27040
:1058D4005A0A013903F01F0302F5EA62207001201D
:1058E40061712371A27102B010BD406D30B10DF130
:1058F400060201A901F008F80028D7D1002002B05F
:1059040010BD00BF10B5D0F884448EB00A4644B12F
:10591400002321466846009303F002FB80B90EB0D1
:1059240010BDD0F8881441B1234668460C9401F0A8
:1059340015FC50B900200EB010BD08460EB010BDC5
:10594400684603F041FD0EB010BD684601F0C4FC8A
:105954000028EFD0E3E700BF70B5D0F884548EB0D0
:1059640016465DB105F5896500230A466846294651
:10597400009303F053FA90B90EB070BDD0F88804C8
:105984000028F9D000F589640A462B46684621466A
:105994000C9501F067FB48B900200EB070BD32468B
:1059A4002946684603F01AFC0EB070BD3246214603
:1059B400684601F0E5FD0028EED0DDE710B5D0F82B
:1059C40084448EB00A464CB1002001232146009045
:1059D400684603F0A5FA80B90EB010BDD0F888145B
:1059E40041B1012368460C9401F0B8FB50B9002082
:1059F4000EB010BD08460EB010BD684604F096FB0C
:105A04000EB010BD684601F00DFC0028EFD0E3E7AE
:105A140030B5D0F884448FB00A464CB10025012338
:105A240004F589616846009503F082F90FB030BD32
:105A3400D0F888040028F9D000F58961012368466C
:105A44000C9401F01FFE0FB030BD00BF10B5D0F8AC
:105A540084448EB00A463CB1002321466846009334
:105A640003F05EFA0EB010BDD0F8881431B12346AD
:105A740068460C9401F072FB0EB010BD08460EB0DF
:105A840010BD00BF006990B10368154A1B699342B9
:105A940025D1036D63B1187810F0080007D0D869D8
:105AA4005B69C01A48BF6FF00040704718467047E2
:105AB400436D002BFAD093F8310010F00800F6D0B3
:105AC400186919685A69401A5B6862EB0303B0F1FC
:105AD400004F73F10003EAD36FF00040704718479A
:105AE400D1400000036973B11A68084952698A42B7
:105AF40007D1186D08B103F03BBB586D18B101F024
:105B040059B8184610474FF0FF307047ED3D00007C
:105B1400036963B11A68074992698A4208D1186D0A
:105B240008B103F0C9BD586D08B101F0A1BC7047BC
:105B340018461047AD3F000000B5006983B08DF8EA
:105B4400071060B10368104ADB68934215D1036DF6
:105B540043B101220DF10701184603F059FE03B0C9
:105B64005DF804FB406D0028F9D001220DF1070116
:105B740001F022FF03B05DF804FB01220DF10701DF
:105B8400984703B05DF804FBD53F0000036923B3D5
:105B94001968134A10B58C6882B0944214D1186DF8
:105BA40048B101220DF1070103F00EFA90B19DF8FE
:105BB400070002B010BD586D0028F8D001220DF185
:105BC400070100F027FFF1E701220DF10701184654
:105BD400A047EBE74FF0FF30EBE74FF0FF307047A3
:105BE400813E0000036D13B1586900217047436D75
:105BF40013B1D3E90001704718461946704700BF36
:105C0400036D13B1D86900217047436D13B1D3E913
:105C14000401704718461946704700BFF0B595B0A7
:105C240000224FF47A74244F1831054604A88DF8E5
:105C34000C200097CDE90124CDE9122205F0ECFAFD
:105C4400129B002B2DD05C20002609F02DFE019B19
:105C540004464660C36004A9029B183040F8083C1F
:105C64009DF80C3000F8043C144B40F8183C144BDD
:105C740040F8103C05F022FA124B4FF47A72A760F8
:105C84002B606368A66501336E602E73AA602C6175
:105C940063600D4B04A8009305F052FA284615B032
:105CA400F0BD139B002BCED1064A2B732A602B61C7
:105CB400C5E90134EDE700BFC48A0020E88A00206A
:105CC400448B0020988A0020FC880020F8B5054603
:105CD40090F8D00408B90146F8BDD5F88434002BF7
:105CE4004CD0DC69D5F89004013C002854D00368FA
:105CF400DB6B9847E0B1D5F8900478B303681B6C6C
:105D04009847A8B9D5F8900440B3036801215B6CA7
:105D14009847074610B3D5F8840458BBD5F888646F
:105D240033466EB9D5F8900490B900200146D3E704
:105D3400D5F88404E8B9D5F88834002BF5D00746A3
:105D4400184602F073FD06463FB1D5F8900428B119
:105D5400036800215B6C984700B1A41BD5F8843418
:105D6400FBB19B794FF40071994089B2A1FB040106
:105D7400F8BD002705F02CF80646E5E7D5F8883489
:105D8400D5F89004B3B1D3F830440028AFD1184605
:105D940002F04CFD0646E0E7184605F019F8064601
:105DA400DBE7D5F88864002EBFD0D6F83C14A1FBFD
:105DB4000401F8BD0028B8D01C4698E7036D13B160
:105DC400184603F0D5B9406D08B100F0F3BE4FF0AA
:105DD400FF307047836C13B1184603F0C9B9C06C27
:105DE40008B100F0E7BE4FF0FF307047036D33B1E8
:105DF4001B7813F0700F14BF012000207047406D12
:105E040030B190F8313013F0500F14BF012000204E
:105E1400704700BF90F8D03463B1D0F8843463B1D4
:105E24009A794FF40070D9699040013980B2A0FB8F
:105E340001017047184601467047D0F888040028CD
:105E4400F9D0D0F83C14D0F83004A1FB000170471D
:105E5400036D13B1184603F0B7B8406D08B100F0F4
:105E6400D9BD4FF0FF307047836C00B583B063B188
:105E740001220DF10701184603F0A6F801280CD100
:105E84009DF8070003B05DF804FBC06C28B1012243
:105E94000DF1070100F0BEFDF0E74FF0FF30F1E730
:105EA4002DE9F043D0F890548DB04DB198462B684D
:105EB40004462846DB699847B0F5405F064604D897
:105EC400002630460DB0BDE8F0834FF4007033F087
:105ED400B5FF07460028F3D00DF10409B6F1806F31
:105EE40002464346294648462ED901F06BFF064632
:105EF400384633F0ABFF002EE2D02B682846271D2E
:105F04001B6A984794F8C034FF2B21D0D4F8C434CA
:105F140004F5946502932846D4F8C8340393B4F87E
:105F2400C034ADF8043099E80E0007F0C7FA94F8CD
:105F3400B134C4F89054002BC3D101232946384608
:105F44001A4605F0A5F9BCE704F008FC0646CFE7BD
:105F540004F2944594F8CC14284605F0BFFF284673
:105F6400C4F8905405F0B0FA0028AAD10123D4F85B
:105F7400901438461A4605F08BF9A2E7036D13B165
:105F8400184603F099BB406D08B101F071BA70472F
:105F9400836C13B1184603F08FBBC06C08B101F0D9
:105FA40067BA7047036D13B1184603F031BC406DF6
:105FB40008B101F001BD7047836C13B1184603F0BA
:105FC40027BCC06C08B101F0F7BC704700B5836C06
:105FD40083B08DF8071043B101220DF10701184673
:105FE40003F016FC03B05DF804FBC06C0028F9D084
:105FF40001220DF1070101F0DFFC03B05DF804FBA1
:106004008A79A2F150031B0622D402F26C72F0B515
:106014004B7985B0046D01330D798E784F78DBB2FE
:1060240009784CB1204601960095CDE9027104210E
:1060340003F048FB05B0F0BD406D0028FAD001968E
:106044000095CDE90271042101F088FB05B0F0BD93
:1060540000207047836C53B1187810F008000DD0FD
:10606400D8695B69C01A48BF6FF000407047C36CC1
:10607400A3B193F8310010F0080000D170471869FB
:1060840019685A69401A5B6862EB0303B0F1004F68
:1060940073F10003F2D36FF0004070471846EDE748
:1060A400036D53B1187810F008000DD0D8695B69FE
:1060B400C01A48BF6FF000407047436DA3B193F816
:1060C400310010F0080000D17047186919685A6946
:1060D400401A5B6862EB0303B0F1004F73F10003F5
:1060E400F2D36FF0004070471846EDE70369D3B16F
:1060F4000E4810B41C68E46884420FD1186D18B1BE
:106104005DF8044B03F084BB586D18B15DF8044B83
:1061140001F052BC00205DF8044B7047184623463A
:106124005DF8044B18470020704700BFD53F0000BE
:1061340038B504460C4B806D236018B133F086FEED
:106144000023A365236D04F118054BB1284604F020
:10615400F7FF064B2846A36004F0F2FF204638BD43
:10616400636D002BF2D1F4E7E88A0020FC8800205C
:1061740038B504460E4B806D236018B133F066FECB
:106184000023A365236D04F118056BB1284604F0C0
:10619400D7FF084B2846A36004F0D2FF20465C21B9
:1061A40009F086FB204638BD636D002BEED1F0E785
:1061B400E88A0020FC88002070B5264B0446056957
:1061C4000360002D32D06E68013E6E6076BB2B6892
:1061D400214ADB6A934233D1A86D10B133F036FE05
:1061E400AE652B6D43B305F1180004F0A9FF2569D2
:1061F400E5B12B68194A5B68934228D1184BA86D06
:106204002B6018B133F022FE0023AB652B6D05F132
:106214001806C3B1304604F093FF124B3046AB600E
:1062240004F08EFF5C21284609F042FB204614212D
:1062340009F03EFB204670BD6B6D002BD3D1D6E731
:1062440028469847D3E76B6D002BE3D1E5E7284652
:106254009847EBE7988A00203D360000A1410000F2
:10626400E88A0020FC88002030B4029C11469C4639
:1062740034B1012C1CD0022C0ED0002030BC70474D
:10628400056DF5B14FF0FF33934274EB0C04F4D376
:10629400284630BC03F0E0B8026D0AB3D36959183C
:1062A4004CF10003002BE8D1104630BC03F0D4B805
:1062B400026D62B1536959184CF10003002BDCD113
:1062C400F2E7406D0028D8D030BC00F089BC406DA6
:1062D4000028D2D0D0E900238A184CEB0303F3E75B
:1062E400406D0028C9D0D0E9042330BC8A184CEB97
:1062F400030300F075BC00BF70B5244B0446056968
:106304000360002D32D06E68013E6E6076BB2B6850
:106314001F4ADB6A93422FD1A86D10B133F096FD6A
:10632400AE652B6D23B305F1180004F009FF256950
:10633400E5B12B68174A5B68934224D1164BA86DCC
:106344002B6018B133F082FD0023AB652B6D05F192
:106354001806A3B1304604F0F3FE104B3046AB6090
:1063640004F0EEFE5C21284609F0A2FA204670BD36
:106374006B6D002BD7D1DAE728469847D7E76B6DCA
:10638400002BE7D1E9E728469847EFE7988A0020F1
:106394003D360000A1410000E88A0020FC8800206E
:1063A400F0B5D0F8906485B00446002E42D090F841
:1063B400D05490F8D13485B1FE2B63D094F8D20434
:1063C40027283DD93368694630469B6C9847054673
:1063D400284684F8D05405B0F0BDFE2B26D090F8A2
:1063E400D204272849D994F8C034271DFF2B2DD077
:1063F400D4F8C43404F59466D4F8C8240193304620
:10640400B4F8C0340292ADF800306B460ECB07F0FE
:1064140055F894F8B134C4F8906463B90123314653
:1064240038461A4604F034FF054604E01F4B9B68C7
:106434009B03D8D40025284684F8D05405B0F0BD79
:1064440007F0A8FF051E18BF0125F4E704F29446DF
:1064540094F8CC14304605F041FD3046C4F89064FD
:1064640005F032F80028E6D10123D4F89014384618
:106474001A4604F00DFF0546DDE707F08BFF002800
:10648400B1D1D7E7336830465B6D9847421C034669
:1064940094D00028CFD194F8D124FE2ACAD1032164
:1064A40026201D4607F088FFC5E700BF0080004294
:1064B40018484FF0290C184A0023184910B4C0F8A2
:1064C4009424072280F8B1C44FF0FF0CC0F8A8143C
:1064D4004FF47F41124CC0F8AC24124AA0F8D014F7
:1064E400A0F89C3480F8B53480F8CC3480F8D2C459
:1064F4000460C0F8A0240C490C4A5DF8044BC0F8B1
:106504008434C0F88834C0F8903480F8BC3424F063
:106514003BB800BF28C90020BC8B002000093D0007
:10652400688B0020B889002039360000DCAE0020DA
:1065340030B5037883B0DC071DD50446406804F108
:1065440010020368E16801925B6A9847019A054664
:10655400A8B12378990708D56068D4E902311944B1
:1065640003685B6A984750B1237823F001032846F7
:10657400237003B030BD0125284603B030BD00258B
:10658400284603B030BD00BFF8B543680BB3C368F9
:1065940004460F4615468B4206D110F8103B05F011
:1065A40003052B432370F8BDFFF7C2FF88B16B07C7
:1065B40005D504F1100630460023E760EFE7606874
:1065C40004F110063946036832461B6998470028CF
:1065D400F1D10020F8BD00BF10B50446808982B017
:1065E40018B10023A38102B010BDD4E901318B425C
:1065F400F9D201AA184600F0B7F880B1019B606097
:10660400B3F5803F01D298B2EDE7980AC3F30903CA
:10661400A0F52150A3F5105380B2A381E3E74FF610
:10662400FF70E0E7B1F5807F21D810292ED84023F0
:106634004FF0200CB2FBF3F1B1F5806F20D203FBD5
:10664400112300B5B2FBFCFEB3FBFCF30CFB1E22D2
:106654004FEA910CDBB201322CF03F0CC9B203704B
:1066640042EA0C028170D2B242705DF804FB3F230F
:106674009C46802910D9B1F5FC7F0FD81B01D9E7BE
:10668400FF21FE234170037081707047202916D8C2
:1066940080234FF0200CCDE7DB00CBE7B1F57C7F06
:1066A40004D9B1F5FC6F03D89B01C3E75B01C1E7D3
:1066B400B1F57C6F94BFDB01C3EB0323BAE720235E
:1066C4009C46D6E77F28A2EB010205D812B10A4600
:1066D40002F8010B10467047B0F5006F0FD2012A83
:1066E40040D94FEA901C00F03F030A466CF03F008B
:1066F40063F07F0302F8020B10464B707047B0F54D
:10670400803F16D2022A2DD9C0F3851C00F03F0326
:10671400CA1C63F07F0300B54FEA103E6CF07F00A3
:106724008B706EF01F0E4870104681F800E05DF823
:1067340004FB032A16D94FEA904CC0F30532C0F388
:10674400851300F03F0062F07F026CF00F0C63F0E1
:106754007F0360F07F004A700A1DC87081F800C092
:106764008B70B7E70022B5E788423DD2034610B4E8
:1067740090F900001C7800282DDA04F0E000C0280D
:1067840034D004F0F000E02834D004F0F800F0280D
:1067940026D104F0070404201844884220D8013389
:1067A40013F8011B01F0C00C01F03F01BCF1800F94
:1067B40041EA841414D18342F2D1A4F180010F4B35
:1067C40099420DD8A4F55843B3F5006F08D314606B
:1067D4005DF8044B7047581C14605DF8044B704717
:1067E40000205DF8044B70470020704704F01F043C
:1067F4000220D1E704F00F040320CDE77FFF10004F
:106804007E283ED94FF0350C002330B4284C04E0E8
:1068140034F82120824220D80B46ACEB0302012A33
:1068240003EB5201F4D89BB234F82320904216D2E1
:106834004B2400231F4D04E035F8212082421ED84A
:106844000B46E21A012A03EB5201F5D89BB235F844
:10685400232082421FD030BC70478C46DDE704EB16
:106864008304821AE3789A42E2DA94F90230012B23
:1068740016D0D3B19BB2034430BC98B270470C46D7
:10688400DFE7A0F16103192B8CBF00230123A0EBE8
:10689400431398B2704705EB8305688830BC704792
:1068A40002F00102831A98B2D5E74EF2A033E2E770
:1068B400D0510020284F002070B500F1240384B08B
:1068C4008C46044601AD164693E8070085E80700A8
:1068D4004FEA4C122946206A01F0C4FE012806D171
:1068E40032462946206A01F0A1FE04B070BD0020A2
:1068F40004B070BD10B5044600F0BAFD002384F85E
:10690400313084F8333010BD38B514460D460022BA
:1069140000F12401006A01F089FE034620B1428996
:1069240001202A801B89238038BD00BF38B5144656
:106934000D46002200F12401006A01F077FE0346AF
:1069440020B1C28901202A809B89238038BD00BFE1
:1069540038B50D4690F8311009B1002038BD382201
:10696400044633F0F7FD012340222562184684F8DB
:10697400333084F8312038BDF0B40D46097820292D
:1069840003D115F8014F202CFBD0156095602C78AD
:106994002F2C11D084B16E1C3C2C1D4F35462AD8A7
:1069A400212C12D804F1FF3CBCF11E0F16D8002094
:1069B400F0BC704715F8014F202CFBD02F2CF9D0D8
:1069C4001D601146F0BC01F01FBDA4F1220C5FFA5A
:1069D4008CFC27FA0CFC1CF0010FE8D12E2C01D002
:1069E400202C0DD116F8014B002CE5D02F2CE3D030
:1069F4003C2C3546D4D95C2CD9D003D97C2CD6D0A8
:106A04009660EFE73E3C012CFAD80020F0BC7047BA
:106A1400012100052DE9F04F90F8333083B005468D
:106A2400DC0774D558060F46904640F1B080D5E98E
:106A34000023D5E9041018EB020443F10003A1423A
:106A440070EB0303C0F0A980B8F1000F5BD0464699
:106A540005F11809D5E90032D5F820A0DAF8384450
:106A64001C40C4F3080B002C70D1134370D195F86B
:106A740031305A064CBFDAF83424EA69AA619AF82C
:106A84004504023ADAF82C14630A824001EB5421DB
:106A94001144BBF1000F45D1B6F5007F42D3DAF8BB
:106AA4001C2291423ED0B6F5806F58D34FF0010BB3
:106AB4000BFA00FBABEB030B730A9B4528BF9B4609
:106AC40091424FEA4B240AD801EB0B039A4206D2B7
:106AD4000AF504700191FFF72BFD0199B8B1DAF8BA
:106AE40014025B460268D2F814A03A46D04770B14B
:106AF40023462744D5E900125B1842F10002361BF5
:106B0400C5E90032A8D1404603B0BDE8F08F95F83E
:106B140032304FF0FF3043F0020385F8323003B0D7
:106B2400BDE8F08FCBF5007400220AF50470B4427E
:106B340028BF3446FFF728FD0028E8D000EB0B01FE
:106B44002246384608F016FE2346D2E7AA6996E79D
:106B540095F833305B060ED5AA6901328EE7DAF870
:106B640014023A4603681B6998470028CFD04FF4B3
:106B740000731C46BDE74A465046A96901F0B4FDBE
:106B84000028C4DB0CD0D5F820A0AA6977E795F8D3
:106B9400313019077FF558AF49E7A1EB020853E7F5
:106BA40095F8313013F0500FB1D0A8EB06084046E9
:106BB400AAE700BFF0B583B00122044685690DF150
:106BC4000701D0E90067FFF725FF0128A5610CBF85
:106BD4009DF807004FF0FF30C4E9006703B0F0BD33
:106BE4002DE9F04F1F4690F8313083B00446D0F8B9
:106BF4001880002B51D01646D0E9001CBC4508BFB4
:106C040091425CD056EA07024DD01D0704D5D0E965
:106C14000402B042BA4140D394F83320751ED4F82C
:106C240020A0019247F1FF309AF845240932D2B2EC
:106C3400C2F1200ED540A2F1200900FA0EFB20FA81
:106C440009F045EA0B0505430198400633D4481E74
:106C540020FA02F24CF1FF3051EA0C0C00FA0EFE5D
:106C640020FA09F042EA0E0242EA000201D09542FB
:106C740029D25B064CBFDAF83434E369A36104F12A
:106C8400180906E0A169013D206A01F02DFD0028E4
:106C940003DD4A46002DF5D107E00020C4F8188032
:106CA40003B0BDE8F08F002383610120C4E90067CD
:106CB40003B0BDE8F08FE3692B44A361F5E701203D
:106CC40003B0BDE8F08FAD1AD9E700BF2DE9F04F4E
:106CD400174690F831208FB00546002A40F0D7803F
:106CE4008B4691F8311011F0500F00F0D08003F072
:106CF40003019A46032900F0CA80013103F0080019
:106D040041EA00030293002F00F0CB80396901F1BE
:106D14000E08B649A1FB0818DBE900104FEAD808B1
:106D2400014308F102085FFA88F805D00020002129
:106D3400CBF81820CBE900010024029B264643F03F
:106D440040030393202206A95846FFF763FE00B3CD
:106D5400202840F09C809DF918209DF81830002AC6
:106D6400C0F2A28034B9DBF80020A2F12009DBF8DC
:106D740018200192444501D20134E4B2002B00F002
:106D84001381202206A958460026FFF743FE002857
:106D9400DED11AF4007F7AD0029B9B0777D5002FAF
:106DA40075D0444517D2DDF804A0202206A9584620
:106DB400FFF730FE631C002861D0202867D12CB96E
:106DC400DBF80020DBF818A0A2F12009DCB2A04512
:106DD400EBD8CDF804A03822002128469BF8334094
:106DE40033F0B8FBDBF82030C4F38014019A2B6233
:106DF4000823002685F82C4085F831303B68C5E926
:106E040009297B60BE81B8F1000F33D008F1FF3946
:106E1400B346DFF8DCA15FFA89F901225946284616
:106E2400FFF74AFD044690B390F90020002A2EDBB8
:106E34002022002133F08EFB002E00F0BC80BBF139
:106E4400010F00F0D780C123A3461E3404F81E3C72
:106E5400BB8938461BB9D7E901239A4205D0FFF70D
:106E6400BBFB2BF8020FA345F2D101365FFA86FB78
:106E7400D845D2D8284600F0FBFA06460DE058461D
:106E8400DBF8186000F024FB002840F09180002318
:106E94001E4685F8313085F8333030460FB0BDE8F2
:106EA400F08F4FF0030847E756BB444538BF002432
:106EB400852B7FF447AF314638222846012633F02C
:106EC40049FB9DF81C209DF8193085F8303002F0FC
:106ED4003703D20658BF43F0080385F83130DBF896
:106EE4000030DBF82020203B2A62DBF81820C5E9BB
:106EF40009239BF83330C3F3801385F82C3021E742
:106F0400C02B28D0C12B7FF43CAF3A4606A92846B3
:106F140001F0EEF9E8B1BB89DBB9D7E901329A4255
:106F240017D11AF4006FB2D11AF4884F70D195F8C2
:106F3400333098076CD41AF4806FA8D11AF4804FB8
:106F4400ABD02846D5E90423FFF74AFE0028A4D194
:106F54009DE70646F6E6029B85F833309DF8193026
:106F64009B0702D5039B85F833300B9BEB61DDE96E
:106F74000823C5E90423DDE90C23C5E90223002F16
:106F8400CFD04FF000033A69BB813B687B609DF82A
:106F94001B309A427FF4F5AEBE8ABDF81C30F61A57
:106FA400B6FA86F67609CDE6002F7FF4F2AE6EE7E8
:106FB400CBF818600BE78523237085F8309084F8AC
:106FC4000190DAF80030002B46D00DF113020DF1D8
:106FD400160105A89847BDF814306381BDF8163032
:106FE40023819DF8133023753FE700BF8988888883
:106FF4004CDD0020C02384F801B02370029B63F0B1
:107004007F0385F833303B69E370BB8AA3802CE7A8
:1070140095F83130D9063FF53AAF13F001017FF40A
:1070240036AF1AF4806F89D095F8332092077FF534
:107034002EAF002B3FF42BAFD5E90032134304D01D
:1070440000220023A961C5E90023284600F042FC80
:1070540000283FF41CAF20E745F621236381E38138
:10706400638202E72DE9F043002597B0994690F832
:10707400313001921495ADF81450002B3ED191F8A3
:1070840031300F4613F0500F38D0137804461646AB
:107094002F2B37D04FF0000801AB02AA314620460F
:1070A400FFF76AFC50B3019E3378002B3ED00023D7
:1070B40002AA39462046FFF709FEF8B1A44608ADF6
:1070C40004F13007DCF800000CF1100C5CF80C1C27
:1070D400AE465CF8082C10355CF8043CBC45AEE8C0
:1070E4000F00EFD1DCF8000008AF2860204600F064
:1070F400BFF984F8318084F83380CDE7002017B0DD
:10710400BDE8F08316F8011F2F29FBD00196B1B911
:10711400382220463D6A33F01DFA012340222562BD
:10712400184684F8333084F83120E8E74B4602AA45
:1071340039462046FFF7CAFD17B0BDE8F083382270
:10714400002108A83D6A33F005FA012308AF109521
:107154008DF8533040238DF851309BE719B101F578
:107164008961FFF77FBF0846704700BF90F8313050
:1071740063B991F8313013F0500F07D00B6813F056
:107184001F0C03D113466246FFF7A0BD00207047D1
:107194008169F8B50446006A01B10131012201F0A8
:1071A40069F90128054632D901230146206A1A46A5
:1071B40001F0C0F9064650B3A3695BB394F83320D9
:1071C400510612D5591CA94218D022F04002E16997
:1071D40084F8332005E0206A01F0A8FA3946B0B1FA
:1071E400A3694F1C99423A46F5D34FF0FF32294622
:1071F400206A01F09BFA50B1A16911B93046A5612A
:10720400F8BD2A46206A01F091FA0028F6D100263A
:107214003046F8BD94F8333043F0400384F83330FB
:10722400ECE700BF90F833309A0736D5C16970B5E2
:107234000546A1B90024214607E0037803F07F0343
:10724400037095F830308B4229D30134012228464B
:10725400FFF732FBE1B20028EFD1002070BD5B06DE
:10726400006A34D590F84534D5E902240933013A4B
:10727400DBB244F1FF34C3F1200CDA40203B04FAC2
:107284000CFC24FA03F342EA0C021A4300230132F1
:1072940001F050F90028CDD1DFE70020704700232A
:1072A4002C6A85F83130204685F83330FFF740F9F1
:1072B4000028D2D004F50470FFF73AF90028CCD0A6
:1072C400D4F840040368BDE870401B6A184701F015
:1072D4004DFA0028AED1C0E790F83130DB0601D476
:1072E4000020704710B5002288B000230446FFF741
:1072F40077FC08E020281BD19DF900309DF8002080
:10730400002B15DB32B1202269462046FFF782FBB1
:107314000028EFD194F833300822204643F00203CA
:1073240084F8312084F83330FFF77CFF08B010BDB7
:10733400002008B010BD00BF2DE9F0414FF0000857
:1073440082B04A4F06464446414600223046FFF783
:10735400B3FA054630B10178C02969D0C1292BD0D0
:10736400852909D096F83230002043F0010386F8CD
:10737400323002B0BDE8F08196F8313003F03703C3
:1073840083803B6883B10DF103020DF1060101A86E
:107394009847BDF80630AB812B82BDF80430EB81F1
:1073A4006B829DF803306B75326A92F8103243F0A9
:1073B400010382F810322978A1F185000022B0FA85
:1073C40080F0400901E00422A95CE303012A02F1F0
:1073D400010243EA540311FA83F39CB201D1002859
:1073E400F1D11F2AF0D908F1010896F830305FFA7C
:1073F40088F18B42A9D2012206F12401306A01F0FE
:1074040015F90028AED0356A44802846FFF790F875
:107414000028A7D005F50470FFF78AF80028A1D04A
:10742400D5F8400403681B6A98470028A1D199E75E
:1074340096F8333013F0400F437814BF43F002033F
:1074440003F0FD034370D6E90401D6E90732C5E928
:107454000201D6E902016B61C5E9060192F8103216
:1074640043F0010382F810322978A5E74CDD0020AF
:1074740038B590F8313043B390F93320044690F88E
:107484003330002A0CDB056A2846FFF751F878B937
:1074940094F83230002043F0010384F8323038BDD0
:1074A40003F07F0380F83330BDE83840FFF744BF72
:1074B40005F50470FFF73CF80028E9D0D5F840043E
:1074C40003681B6A98470028E2D0012038BD00BF3A
:1074D40070B590F8313005465A064CD480682B6A52
:1074E400D3F83C341844B0F1806F01D3002070BD50
:1074F4002846FFF74DFE0028F8D0286A0024AE691C
:1075040090F84534023E9E40D0F82C341E44311984
:10751400052200F504700134FFF736F84FF40072C9
:1075240000210028E2D033F015F8286A012390F8EE
:10753400452493409C42EAD395F831305B0615D438
:1075440095F8332062F07F02D5E9023185F83320C3
:10755400D0F83C249B1841F10000AB60D5E904311C
:10756400E8609B1841F10001C5E904312846BDE8F3
:107574007040FFF77DBF006A01F0FEF9AFE700BF7E
:1075840070B5044690F831009CB0002310F0180F39
:107594000C931A9303D0206A0B6A984202D00020FD
:1075A4001CB070BD40F601236846FFF75BFD002860
:1075B400F5D0A44604F130060EADDCF800000CF161
:1075C400100C5CF80C1CAE465CF8082C10355CF80A
:1075D400043CB445AEE80F00EFD1DCF8000009AA82
:1075E40004F1240328609DF8305007CA83E807009B
:1075F40094F83330204684F8305063F07F0384F8E5
:107604003330FFF735FF0028C9D0002102220823B8
:107614000EA815918DF86B208DF86930FFF702FEE6
:10762400BEE700BF38B591F8313013F0500F02D1E6
:107634000025284638BD40F602230446FFF746FBE2
:107644000028F5D01023204684F83130FFF740FF9E
:1076540005460028ECD0A169002200232046E16100
:10766400FFF7BEFAC12294F8313084F83320002B9E
:10767400DFD04123204684F83330BDE83840FFF79B
:107684005BBE00BFF0B5002597B01F4690F83130BF
:107694000192ADF814501495002B46D191F8313075
:1076A4000E4613F0500F40D01378044611462F2B8A
:1076B4003ED001AB02AA2046FFF75EF9002834D081
:1076C400019B1B78002B41D0002302AA314620469F
:1076D400FFF7FCFA30B947B302AA31462046FFF758
:1076E400A1FF10B3A44608AD04F13006DCF8000095
:1076F4000CF1100C5CF80C1CAE465CF8082C103530
:107704005CF8043CB445AEE80F00EFD1DCF80000AF
:1077140008AE28602046FFF7EDF8019901AB02AAF4
:107724002046FFF729F90028CAD1002017B0F0BD80
:10773400013101910B782F2BFAD0316A08A8FFF799
:1077440007F90028F1D0019908AEB2E702AA314640
:107754002046FFF767FF17B0F0BD00BF2DE9F04FDB
:107764000E4690F8311083B009079DF830B09DF8AB
:1077740034909DF838809DF83C7040F18580A2F2E9
:10778400BC7294B27F2C7FD85A1E0B2A7CD80BF182
:10779400FF321E2A78D8B8F13B0F98BFB9F1170F02
:1077A4008CBF4FF0010A4FF0000A3B2F88BF4AF00C
:1077B400010ABAF1000F67D105460193FFF758FE9D
:1077C400002861D0019B51464BEA431B7B0817F00C
:1077D40001074BEA4424D34643EA481818BF6427F8
:1077E400A4B248EAC92806F001091FFA88F8002261
:1077F4002846FFF761F8002846D090F800C0BCF195
:10780400850F45D00CF14003DBB2012B3CD8ACF121
:1078140085010023B1FA81F1490902E0042310F83B
:1078240003C04FEACB32012B03F1010342EA5B02AE
:107834001CFA82F21FFA82FB01D10029EED11F2B20
:10784400EDD90AF1010A95F830305FFA8AF18B42DA
:10785400CDD2012205F12401286A00F0E7FE98B197
:107864002C6AA0F802B02046FEF762FE60B104F56F
:107874000470FEF75DFE38B1D4F8400403681B6A57
:1078840003B0BDE8F04F1847002003B0BDE8F08F07
:1078940095F831302A6A03F03703838092F8103266
:1078A40043F0010382F81032B9F1000F02D0A0F8BE
:1078B40010804482B20703D50775A0F8088044817C
:1078C400730703D54775A0F80C80C48190F800C0F5
:1078D4009DE700BF90F833309A0762D570B5C5694B
:1078E40082B00446A5B313F0400634D0006AA268FF
:1078F40090F845C4013AE1680CF1090C41F1FF31FB
:107904005FFA8CFCCCF1200E22FA0CF2ACF1200CC4
:1079140001FA0EFE21FA0CFCA16942EA0E0242EAC7
:107924000C02013219B3013D6D1A01312A4401914F
:1079340072BB63F07F03204694ED007B84F8333000
:1079440084ED027B84ED047BFFF792FD02B070BDF1
:10795400012002B070BD816961B90195C1612946F8
:10796400206A00F003FFC8B194F83330E1E70195D1
:10797400E161DDE701AA006A019600F0B5FE002886
:107984000CDB10D1019D002DE9D194F83330D0E700
:107994000023019900F0CEFD0028E5D1002002B0BB
:1079A40070BD002070474FF0FF32A169206A00F0DB
:1079B400BDFE0028E6D1F1E72DE9F04390F833301D
:1079C40083B004469D0740F1A18091461A070E46F4
:1079D40000F19580B9F1000F00F0288123684D462D
:1079E400206AA169D0F8382402EA0308C8F308071A
:1079F400B8F1000F40F09480002900F0D48094F88E
:107A040033305B0640F1EC8090F845C4D4E902328F
:107A14000CF1090C013B5FFA8CFC42F1FF32CCF112
:107A2400200E23FA0CF3ACF1200C02FA0EFE22FA1B
:107A34000CFCE26943EA0E0343EA0C031344994243
:107A440080F0D5800131A16190F845240239D0F845
:107A54002C3491401944B5F5007FC0F08A80B5F507
:107A6400806FC0F0A680012393406A0AA3EB080349
:107A7400934228BF1346D0F81C228A424FEA432877
:107A840009D35F18BA4206D2002280F810224FF0C0
:107A9400FF32C0F81C22D0F8140232460768BF6ACD
:107AA400B84798B343464644A5EB0805D4E90072A9
:107AB400D4E90401DB1942F1000298429141C4E97E
:107AC400003207D294F8331061F07F01C4E9043224
:107AD40084F83310002D83D1D4E9020198429141F6
:107AE400C0F09680534B1B68002B00F09D8094F8E7
:107AF4003330484663F07F0384F833300DE0D0E937
:107B04000423FFF76DF800287FF464AF94F8323053
:107B1400002043F0010384F8323003B0BDE8F08361
:107B240090F8452402394FEA5828D0F82C34914073
:107B340041441944002F8ED0C7F50078012200F586
:107B44000470A84528BFA846FEF71EFD0028DDD016
:107B5400384447444246314607F00CFEB7F5007FEF
:107B6400206A9FD100F50470FEF7E2FC002899D149
:107B7400CCE76268636900920193226923689342A7
:107B8400DDE900239A4112D2012200F50470FEF7C8
:107B9400FBFC0028BAD02A4631463844A84607F0F0
:107BA400E9FD2B467FE7E16949B3A1614CE7052272
:107BB400EBE7D0F81C328B4206D1002380F8103258
:107BC4004FF0FF33C0F81C32D0F814023246036879
:107BD4005B6A9847002899D04FF40073984662E78F
:107BE40004F1180200F080FD00288FDB04D1204648
:107BF400FFF7CEFA002889D0A169206A24E720463D
:107C0400FFF7C6FA002881D0A169206AE1611BE769
:107C140094F833104846C4E9023261F07F0384F8D3
:107C2400333003B0BDE8F083484676E7D4E9003248
:107C340052E700BF4CDD002069B170B50546084627
:107C44000C4634F045FF2B680246214628465B6803
:107C5400BDE87040184770478368C3F3080383B1D5
:107C6400002110B40269D1540133B3F5007FF9D176
:107C74000168D0E903321C681846636A5DF8044B56
:107C840018470120704700BF82680346006940F22C
:107C9400FF1CC2F3080281546245586801EB70016D
:107CA400986800F10100C3E9011001D00120704778
:107CB400D868196810B404684A1C646A1A601A699E
:107CC40023465DF8044B184738B58368CAB20D469D
:107CD4000169C3F3080340F2FF1C0446CA54634518
:107CE400416802EB71024260826802F10102826023
:107CF40005D0290A2046BDE83840FFF7C5BF016812
:107D0400C0684A1C03685B6A22602269984700289D
:107D1400EFD138BDF8B50023064601601D46C0E921
:107D24000133A8B2FEF76CFDA842044607D0C1B2E5
:107D34003046FFF7A9FF00283BD10020F8BD6C1C9A
:107D4400B4F5803F04D12AE00134B4F5803F04D077
:107D5400A0B2FEF755FDA042F6D0671BB7F5007F31
:107D64001DD34FF6FF713046FFF7AEFF0028E4D075
:107D7400B9B23046FFF7A8FF0028DED02546B5F596
:107D8400803FCED13046BDE8F840FFF765BFC5F36C
:107D9400072130460135FFF777FF0028CDD0A542F3
:107DA400E9B23046EBD2FFF76FFF0028EFD1002095
:107DB400F8BDC4F307213046FFF766FF0028BCD0A6
:107DC4000135DCE72DE9F04F1F4689B00B680D46FD
:107DD40004901446C16002610846DB699847B0F517
:107DE400801F0090C0F0D88000230122009E013340
:107DF4005200DBB201D09642F9D81C2B009640F217
:107E0400B780A3F10B08012248FA02F1C8F347082E
:107E14008A4002910792013301225B109A40069234
:107E240004229A400392022202FA03F30193009A75
:107E34000021039B2046029E4FF0010AD31A4FF4FF
:107E440000724AF6552BF34003FA06F90593019E96
:107E540032F080FBFF2384F8BFA184F8C0A1B144B1
:107E640084F8C431224684F8C5310723002128460A
:107E740084F8C231FE23C4F8C66184F8C3312B6888
:107E8400C4F8CA915B6AA4F8FEB19847002863D08D
:107E94004FF400720021204632F05CFB009B84F812
:107EA4006D804FF000086366F421059B04F17800AF
:107EB400069AE3652023266423726372A372EB237C
:107EC400A665464623707623C4F8489063709023D1
:107ED40084F86EA0A3704523E370582323714623CE
:107EE40063714123A3715423E371042323664FF484
:107EF4008073A4F86830092384F86C308023C4E9C3
:107F0400142284F86F304FF4C37232F023FBA4F8C8
:107F1400FEB1A8F16A03012B06D9B8F1700F03D0A2
:107F240014F8083003EB760608F10108B8F5007F71
:107F3400EFD12B682246DDF8049028465B6A494657
:107F4400984748B12B684946224628465B6A0C315B
:107F5400CDF80490984740BB2FB13B680F22B84935
:107F640038465B6898470026304609B0BDE8F08F74
:107F74001A2B4FF0080800F2A6814FF48043CDF885
:107F8400088001934FF4004303934FF480730793E5
:107F94004FF4005306934AE7002FE4D03B681522C0
:107FA400A84938465B689847D7E7424600212046EF
:107FB40009F1010A32F0CEFA4AF6552309F1090211
:107FC40004F2FF19A4F8FE3100239346A04601E011
:107FD40018F8013FC14503EB7606F9D12B68224618
:107FE400514628465B6A98470028B5D02B6822463C
:107FF4000AF10C0128465B6A98470028ACD00AF1C4
:1080040001039B4502D09A462378DFE74FF40072C0
:10801400002120469B4632F09DFA00220AF1030A11
:108024001146234601E013F8011F984501EB76063B
:10803400F9D12B682246594628465B6A984700289E
:108044008AD02B6822460BF10C0128465B6A9847BC
:10805400002881D00BF101018A456AD1231F04F560
:10806400FE7243F8046F9A42FBD12B6822462846DD
:108074005B6A984700283FF46FAF2B680BF10D0142
:10808400224628465B6A984700283FF465AF2FB123
:108094003B680C226C4938465B689847069A002175
:1080A400019B2046002613444FF400729946059B19
:1080B4004FEA830832F04EFA23464FF0FF3208F2BB
:1080C4000728F821B7F1000B4FEA582A03F8011BDF
:1080D4004FEA9838C4F8012018BF4FF0010BDA605A
:1080E4005A609A60C3F80F2002E00136B24523D0EB
:1080F400B6FBF8F308FB136343B9BBF1000F05D0DB
:108104003B680122514938465B6898472B6809EB64
:108114000601224628465B6A984700283FF41CAFB4
:10812400002EE2D131464FF40072204632F012FAAA
:10813400DBE78B46217874E7002F34D03B680222BA
:10814400434938465B689847059E079A0736F60800
:1081540006F2FF13B2EB532F4FEA5329FFF4FDAE9F
:108164004FF400720021204632F0F4F90723237003
:10817400B9F1000F00F08A804FF0000808E0B8F170
:10818400000F01D184F8008008F10108C1457BD9B2
:10819400039A28462B6802EB080122465B6A98473B
:1081A4000028ECD1D8E6059E079A0736F60806F2B1
:1081B400FF13B2EB532F4FEA5329FFF4D4AE4FF41D
:1081C40000723946204632F0C5F907232370B9F10D
:1081D400000FD1D1039B079A04989918FFF79AFDD1
:1081E40000283FF4C0AE029A4FF400739340049AFF
:1081F40092689A423FF6B7AE4FF00208029B4FF4E2
:108204000072002108FA03F9039B2046994432F0D6
:10821400A1F981220323049909F1FF3984F820206C
:108224008222237084F84020C4E90D864A684FF006
:108234000108636562648B68A3650023E3650EE04F
:1082440090780020307800204878002040A7002053
:108254006C780020079B98453BD208F101082B68F5
:1082640009EB0801224628465B6A9847064600281F
:108274003FF472AEB8F1010FECD14FF4007200215B
:10828400204632F067F9E8E7002FA3D03B681622B6
:10829400144938465B689847039B079A04989918D1
:1082A400FFF738FD00283FF458AE029A4FF40073EC
:1082B4009340049A92689A423FF64FAE0A49384670
:1082C400FFF7BAFC98E74FF48072CDF80880079264
:1082D400A1E5002F3FF448AE04493846FFF7ACFC53
:1082E40042E600BF58780020707800208078002093
:1082F4002DE9F0410C46154601F11E08AB892846CC
:1083040034F8027F1BB9D5E901239A420ED0FEF757
:1083140063F9FEF775FA06463846FEF771FA8642A7
:1083240009D14445EAD10120BDE8F081B7FA87F0CC
:108334004009BDE8F0810020BDE8F0812DE9F04F4F
:1083440090F8313083B08846002B4FD090F830300D
:108354000746012B53D9013A0B464FF0020A002479
:108364008E18DFF8A0B00022514638460193FEF77C
:10837400A3FA00283AD00278C12A37D1054600F181
:108384001E09019B35F8020F24B300F5105292B276
:10839400B2F5806F2AD20BEA8424C0F3090020438B
:1083A40000F5803019463246FEF78CF90346E8B1F1
:1083B40000244D45E6D10AF1010A97F830205FFA0E
:1083C4008AFA5245CFD2A3EB08009846002388F8D6
:1083D40000300FE000F5205292B2B2F5006F02D3E4
:1083E4000028DFD1EFE7B2F5806F06D300231846EB
:1083F40088F8003003B0BDE8F08F0446D9E70020C8
:10840400E4E700BF00FC0F0070B50C4600234FF6F4
:10841400FF75226819461E46A3812361626017E036
:10842400FEF7DAF8A84222D0FEF7EAF92369F2034C
:10843400A189013342EA5602060A236152FA80F006
:1084440083B2C0F34E0040EAC33016FA80F086B21D
:1084540020460029E4D1D4E901239A42E0D12069DD
:10846400A6820138FE288CBF0020012070BD0020A8
:1084740070BD00BF2DE9F84F07468A469146002992
:1084840042D0A1F10208D7F83034434542D908F06C
:1084940007030125C8F3C80B9D40EDB24646444688
:1084A400D7F82C140022384601EB1431FEF76CF88F
:1084B400E8B10BF1FF3B834400F2FF101BF8011FEE
:1084C4000AE04A452BD0A04510D0D7F83054A54235
:1084D40014D913F0FF050CD0013429424FEA4503A7
:1084E400A4EB0602EDD0A0452646EED10120BDE85E
:1084F400F88F58454FF00105E0D101E000263446DD
:1085040001254FF0000BCBE7D0F82084D7F83034A6
:108514004345BCD84FF000080125C346BEE7BAF175
:10852400000F04D1B9F1010F08BFC7F82064B01CD3
:10853400BDE8F88F2DE9F8438046881E15461E468F
:108544008318D8F83024934237D8CEBBD8F82034D7
:10855400834288BFC8F8200400F007030124D8F838
:108564002C74C0F3C8099C4007EB1031E4B201221B
:1085740040468F18FEF708F8F8B109F1FF3E86442B
:1085840000F2FF101EF801CF1CEA040F8CEA040C61
:108594004FEA440414BF01220022B2420DD0013D2F
:1085A4008EF800C018D014F0FF04EDD17045A14638
:1085B4004FF00104E6D13946D9E70020BDE8F8833D
:1085C400D8F820148B42C7D98142C5D3934228BF1F
:1085D4000023C8F82034BFE70120BDE8F88300BFBA
:1085E400F8B5D0F8303401338B4201D20020F8BD05
:1085F40007460C4600F50476002505E0D7F830342C
:1086040001350133A342F1D3D7F8241400223046B4
:1086140001EBD411FDF7B8FFA4000028E6D0C4F3A1
:1086240008040459631CE9D1681CF8BD38B50C462C
:108634000B6890F845C400F50470D0F82812023B8A
:10864400656803FA0CF3294003EB5123D0F81C129C
:108654001944FDF799FF18B16368C3F3080318447C
:1086640038BD00BF2DE9F8430C46D0F838344968CA
:108674000B4011446160134490F8451401F1090260
:10868400D2B2D3402BB380465D1E00F5047905E0D9
:108694002368013D03F1010323601AD3267A002ED7
:1086A400F6D1D8F8303432462768484601339F4221
:1086B40012D8D8F8241401EBD711FDF765FFBF00D9
:1086C40050B1C7F30807C3595A1C09D0013D2360B0
:1086D400E4D20120BDE8F8834FF0FF30BDE8F88311
:1086E4003046BDE8F88300BF38B5D0F830340133E4
:1086F4008B4202D24FF0FF3038BD0C46D0F8241420
:10870400154600F50470002201EBD411FDF73CFF7F
:108714000028EFD0A400C4F3080403595A1C02D063
:1087240001202B6038BD002038BD00BF01291BD9B2
:1087340038B5D0F830340C4601338B4201D20020D6
:1087440038BDD0F82414154600F50470012201EB5D
:10875400D411FDF719FF03460028F0D0A40001202E
:10876400C4F308041D5138BD00207047D0F83034DC
:108774000133994201D9002070472DE9F04F054695
:1087840083B00C4600F504790F464FF00008D5F885
:108794002414002248464FEAD41B01EBD411FDF700
:1087A400F3FE90B1A300C3F30803C2580193531C12
:1087B40016BF16464FF0000A4FF0010A012C04D9E7
:1087C400D5F830240132944203D9002003B0BDE827
:1087D400F08FD5F82414012248465944FDF7D4FEFD
:1087E4000028F2D0019B40F80380BAF1000F12D0A8
:1087F4000134B44208D00023E21B39462846FFF76F
:1088040099FE0028E1D03746D5F830340133B3421D
:10881400DBD33446BBE7621C534639462846D21B99
:1088240003B0BDE8F04FFFF785BE00BF2DE9F84364
:1088340000250646D0F82C1400F504782C460022B6
:1088440040464F1CFDF7A0FEA8B100F1FF3E04F521
:108854008059D6F8300405E079B90834844209D245
:108864004C4516D01EF8011FFF29F5D108340835F0
:108874008442F5D3401BBDE8F88308220123194242
:108884004FEA430C18BF0135013A5FFA8CF3F6D175
:10889400E3E73946D3E700BFF8B500234FF0FF36CE
:1088A40000F504771546C0F84014044641601A46A2
:1088B400C0F81412194680F844340370C66080F876
:1088C4001032C0F81C623846FDF75EFE042D0DD848
:1088D400064658B1BDB16B1E00EB031393F8BE21DD
:1088E40012F07F0202D193F8C2310BB90020F8BD17
:1088F40000EB05163846D6F8B6512946FDF744FE76
:1089040006460028F2D005221A49F01C2EF09EFFDC
:108914000028EBD196F86C30092BE7D1336D014672
:108924002B44C4F82434736DC4F82834B36D2B4439
:108934000125C4F82C34F36DC4F83034336EC4F814
:10894400343496F86D20C4F82004204602F109035B
:1089540084F8452405FA03F35A1EC4F83C34C4F8D9
:1089640038242A46FFF786FD4023284684F84434F9
:10897400F8BD00BFA078002010B50446D0F8341428
:10898400FFF72EFE94F845340933DBB2984010BD4E
:1089940070B590F9023082B00446002B0DDBA56857
:1089A40005F12800FDF7C4FD00283BD163780020C1
:1089B40043F00103637002B070BD80680122A169B5
:1089C4002830FDF7E1FD0028F0D0A58805F00F055B
:1089D4006B0100EB4515C35CE52BE7D023781B073F
:1089E40001D5E369EB61236A15491A0C6B830E68A0
:1089F400AA8266B10DF103020DF1060101A8B04788
:108A0400BDF80430BDF806202B836B82EA82A3787C
:108A1400A56803F07F0305F12800A370FDF788FD26
:108A24000028C3D005F50E70FDF782FD0028BDD0E7
:108A3400286803681B6A98470028B7D0BBE700BFC3
:108A44004CDD0020024638B552F8105F04468068B9
:108A5400294602F021F950B155B123690135AB42E1
:108A6400A37818BF03F0BF0363F07F03A37038BD7E
:108A7400A37843F04003F7E7F8B5047814F0200432
:108A840004D11A4B054642699A4202D3002738465C
:108A9400F8BDFFF7D7FF07460028F7D0A8682E696E
:108AA4008279023E416996400E440179A9B121467A
:108AB40006E031F04FFDA868E1B202798A420BD991
:108AC4003144052228300134FDF75EFD4FF4007275
:108AD40000210028EDD1D9E782794FF40073696948
:108AE4003846934011FA83F36B61F8BD00FE1F0012
:108AF40010B5044680680A462830A169FDF744FD94
:108B040020B1A38803F00F0300EB431010BD00BF96
:108B140010B5037804462BB1FFF73AFF0023237006
:108B2400A37010BD002301202370A37010BD00BFEB
:108B340038B5037805460C4613B1FFF729FFF0B1A9
:108B4400A8680022A9692830FDF71EFDB8B1AA88DB
:108B540002F00F0200EB421352015D6880589968DD
:108B6400DA6820606560A160E26018695D699969EE
:108B7400DA69206101206561A161E26138BD0020EC
:108B840038BD00BF30B589B00D4614466946FFF7BD
:108B9400CFFF28B1BDF81020BDF80E302A80238005
:108BA40009B030BD30B589B00D4614466946FFF7AB
:108BB400BFFF28B1BDF81820BDF816302A802380E5
:108BC40009B030BD0B7813F0700F01D1002070474D
:108BD400F0B540F6022389B00D46044601F0F0F8E2
:108BE40038B1012210232046A2702370FFF744FFFE
:108BF40010B9002009B0F0BD2269237822626BB15C
:108C0400636933B1A378002223F02003C4E904226A
:108C1400A3702046FFF7BCFE0028EAD0A06801221A
:108C2400A1692830FDF7B0FC0028E2D0B4F804C0F4
:108C340010220CF00F0C4FEA4C1300EB4C1C8CF878
:108C44000B20C058A768236A97F806E09E1EDCF83C
:108C54000410DCF80820DCF80C3006FA0EF6EE46B8
:108C6400AEE80F00DCF81000DCF81410DCF8182073
:108C7400DCF81C30AEE80F007B6907F12800012204
:108C8400F1184FF02033CDF80130CDF80530ADF8B0
:108C94000930FDF779FC84460028AAD02E27EE4639
:108CA4008DF800707646BEE80F00CCF80000CCF8D2
:108CB4000410CCF80820CCF80C308DF80170BEE814
:108CC4000F00CCF81000CCF81410CCF81820CCF815
:108CD4001C302B6A1A0CADF81A30ADF814200FCEE4
:108CE400CCF82000CCF82410CCF82820CCF82C3078
:108CF4000FCECCF83000CCF83410CCF83820CCF8B7
:108D04003C30A46804F12800FDF712FC00283FF46D
:108D140070AF04F50E70FDF70BFC00283FF469AF4B
:108D2400206803681B6A09B0BDE8F040184700BF1B
:108D34002DE9F041002694B0984603780192ADF8ED
:108D440014600B96002B41D10B780D4613F0700F75
:108D54003CD01378044616462F2B3BD0002728E03E
:108D6400019E3678002E50D001F02AF8034602AA5C
:108D7400294620462BB9B8F1000F27D0FFF722FF70
:108D840020B3A6460DF12C0CBEE80F00ACE80F0092
:108D9400BEE80F00ACE80F00DEF800502046237850
:108DA400CCF800500BB1FFF7F3FD019E0BAD27701B
:108DB400A770314601AB02AA204601F04DF90646E0
:108DC40002AA294600232046002EC9D1002014B04F
:108DD400BDE8F0810136019633782F2BFAD0AD68C7
:108DE400242200210BA831F0B5FB0D95EB79102B53
:108DF40003D0202B0FD00C2BE8D120238DF82C305E
:108E040001230BAD8DF82E30A8E702AAFFF7DAFE96
:108E140014B0BDE8F0814023F0E700BF2DE9F04134
:108E2400002594B09846037801920295ADF8385025
:108E3400002B37D10B780E4613F0700F32D0137815
:108E4400044615462F2B31D000271EE0019D2D78B6
:108E5400002D40D000F0B4FFA6460DF1080C08B375
:108E640066462578BEE80F00ACE80F00BEE80F00A8
:108E7400ACE80F00DEF800302046CCF800300DB12D
:108E8400FFF786FD019D2770A770294601AB0BAA49
:108E9400204601F0E1F805460BAA3146002320469E
:108EA400002DD3D1002014B0BDE8F0810135019527
:108EB40029782F29FAD0A9B9B5682422204631F09F
:108EC40049FBA560EB79102B03D0202B22D00C2B6F
:108ED400E8D120221FE043460BAA00F071FF14B032
:108EE400BDE8F081B6682422002102A831F032FBEB
:108EF4000496F379102B03D0202B03D00C2BD1D163
:108F0400202300E040238DF80830012302AE8DF8C1
:108F14000A3099E74022012322701846A370C2E761
:108F240019B101F58961FFF779BF0846704700BFA1
:108F3400CB6870B50D46044693B906780EB1184651
:108F440070BD8D682422314631F004FBA560EB79B5
:108F5400102B18D0202B10D00C2B14D0304670BD01
:108F64002422002131F0F6FA01201023A07023708E
:108F7400D5E90223A260236270BD4022012322703E
:108F84001846A37070BD2022F8E700BF70B50578BD
:108F94000DB1002070BD0E4604462422294631F04E
:108FA400D9FAA660F379102B0BD0202B03D00C2B0D
:108FB40007D0284670BD4022012322701846A370B2
:108FC40070BD2022F8E700BF2DE9F04F2DED028B94
:108FD400837883B00546DF0740F18C8088460178AA
:108FE40092460E0700F191808C0608D583685A8951
:108FF4004369C3EB42139BB29A4528BF9A46BAF120
:10900400000F00F0AF806A6905F110038806564628
:109014004FF0000908EE103AAF68C2F3080B3DD5D3
:10902400396A01EB5221BBF1000F51D1B6F5007F33
:109034004ED37A6B91424BD0B6F5806FC0F08280EC
:109044002878730A800605D43879A0EB0900834296
:1090540028BF034691424FEA43240CD8C8188242E1
:1090640009D207F12800CDE90013FDF761FADDE923
:10907400001300283ED0F86A026857694246B84790
:10908400002837D06A69361BA04422446A6169D03B
:109094002978C2F3080BAF688806C1D497F8059005
:1090A40009EA5229BBF1000F36D1B9F1000F33D1CF
:1090B400002A33D14A064CBF3A6A2A6A2A61023A24
:1090C400B8797969824049441144BBF1000FADD0AD
:1090D400CBF50074002207F12800B44228BF3446BF
:1090E400FDF752FA30B100EB0B012246404606F080
:1090F40041FBC7E76B784FF0FF3043F002036B701E
:1091040003B0BDEC028BBDE8F08FC36942699B1AC2
:109114009A4528BF9A4672E72A69D0E70B0705D516
:10912400AA78540602D52A690132C7E718EE102A34
:109134003846296901F0FEFD0028DBDB0CD0AF685E
:109144002A69BCE7F86A424603681B699847002805
:10915400D0D04FF4007495E72B7813F0700FC9D07A
:10916400AAEB060A504603B0BDEC028BBDE8F08FB3
:1091740070B582B0012204460DF10701D0E904560E
:10918400FFF722FF01280CBF9DF807004FF0FF30C6
:10919400C4E9045602B070BD436913F4F07F30B5DE
:1091A400044683B0C3F3431509D0012907D1203302
:1091B4004361A068383000EB451003B030BD012294
:1091C4000DF107012046FFF7FFFE40B2012803D14D
:1091D40063691F336361ECE70020EEE72DE9F0419A
:1091E40003789AB0002613F0180F0896119606D04B
:1091F400174683688A6804460D469A4203D00020C5
:109204001AB0BDE8F081FFF7C3FBA6460DF1440C8C
:10921400BEE80F00ACE80F00BEE80F00ACE80F009A
:10922400DEF800303246A169CCF80030A36803F1BF
:109234002800FDF7A9F90028E1D0A288EC4694F8AB
:10924400008002F00F0200EB421E5201DEF804100F
:109254008058DEF80C30DEF80820ACE80F00DEF8A9
:109264001410DEF81820DEF81C30DEF81000ACE82C
:109274000F0018F008033A46294640F09B8008A8DE
:10928400FFF756FD0028BAD0109EBDF82430002503
:109294000E990122A3809DF82330A068E3700B9BF4
:1092A4002830A161E3608DF820508DF82250FDF73D
:1092B4006BF90028A3D0A38803F00F0300EB43103D
:1092C400DDF80D30C0F80D30DDF81130C0F8113084
:1092D400DDF81530C0F81530DDF81930C0F8193054
:1092E400BDF81D30A0F81D309DF81F30C3779DF8E0
:1092F4000B30C372002E3BD0A068B31E2A4681797E
:1093040028308B4050F8141C1944FDF73DF90546EC
:1093140000283FF474AF006A6F46696AAA6AEB6A70
:109324000FC7286B696BAA6BEB6B0FC73146A0683C
:1093340001F022FD00283FF462AFA068236A82791D
:109344002830023B50F8141C934001221944FDF7C5
:109354001BF9064600283FF452AF6D460FCD30622C
:109364007162B262F3620FCD30637163B263F3630F
:1093740000210222082311A819918DF846208DF8A6
:10938400443000F0D3FE00283FF439AFA46804F160
:109394002800FDF7CDF800283FF431AF04F50E7036
:1093A400FDF7C6F800283FF42AAF206803681B6A5B
:1093B400984725E740F601236046FFF72FFD002874
:1093C4007FF463AF1BE700BF0378DA0601D4002003
:1093D4007047436930B5044683B033B183780022C3
:1093E40023F02003C0E90422837000230FE06361AB
:1093F400A3686A0138339A5C03EB4513EAB1E52AA2
:1094040004D02E2A02D0DB7A1B0722D5636913F419
:10941400F07FC3F3431503F12003E8D101220DF1DA
:1094240007012046FFF7D0FD40B2012803D163694C
:109434001F336361DCE763785BB9A37808222046B5
:1094440043F002032270A37003B0BDE8304000F083
:109454006DBE002003B030BD2DE9F0410378044611
:109464000769002B39D00D464169A94242D0002D2D
:1094740037D018072AD5E269AA422ED3D4F808C0F7
:109484006E1EA2789CF8060012F0400F00F109004D
:10949400C0B226FA00F630D14A1EC24009B1964243
:1094A4002FD25B064CBFDCF82030236A236104F121
:1094B400100806E02169013EA06801F03BFC002889
:1094C4000BDD4246002EF5D1A2780CE09A06D5D5E4
:1094D400A3685B89B5EB431FF6D900202761BDE87B
:1094E400F0818278056122F0200201206561A2707A
:1094F400BDE8F0810120BDE8F081236A3344236193
:10950400F1E7B61AD3E700BF2DE9F0410E46154640
:1095140000212422044698469DF8187031F01AF868
:10952400B068336A00F13802A58005F00F0502EB3C
:109534004512C4E90203D17A0B0711D401F01701D3
:109544002170D37A13F0180F02D141F00801217071
:1095540008F00303E770012B38D0022B06D0F3B1D7
:10956400002318462370A370BDE8F08103232178FB
:10957400CD06F5D4CE07F3D408F0080118F4806FB3
:1095840043EA0103A370416B958AA161518B41EABF
:10959400054112D019BB63F07F03A37010E018F4E7
:1095A400806FDDD108F0080343F00103A370416B21
:1095B400938AA161518B41EA03412162D369E3613A
:1095C40018F4804F04D10120BDE8F0810223CEE7D6
:1095D400E1692046FFF740FF0028F4D1C0E701F01D
:1095E400CBFB0028BCD0A378D5E700BF0378002BC1
:1095F40045D12DE9F0470B7884B00C4613F0700F79
:1096040030D04B6913F01F052CD106469046A9466D
:1096140001220DF10F012046C3F3431A5F09FFF73E
:10962400D3FC40B24FEA4A1201281BD16369A168F6
:109634001F3301F1380C63611CF802200CEB4A1C47
:1096440082B12E2A12D0A2F1E500B0FA80F04009CE
:1096540060B99CF80B1011F0080E12D00F2907D036
:109664000546D5E7002004B0BDE8F0870025CFE724
:109674005106CDD502F01F059CF80D90C8E70020D7
:10968400704785B10CF10A0101E01CF8012F4FEA83
:10969400CE13614543EA5E0352FA83F35FFA83FE15
:1096A400F3D1CE45DED14346BAB2214630460095C9
:1096B400FFF72AFFD7E700BF03780BB1FFF768B9BC
:1096C400012070472DE9F0470E46017882B0090762
:1096D4009DF828709DF82C909DF830A09DF834805A
:1096E40018D5A2F2BC7294B27F2C13D85A1E0193DF
:1096F4000B2A0FD87A1E1E2A0CD8BAF13B0F98BF3A
:10970400B9F1170F06D8B8F13B0F03D80546FFF798
:109714003FF918B9002002B0BDE8F087A86801221B
:10972400A9692830FCF730FF0028F3D0019B4FEAE9
:109734005802A98847EA4313F70701F00F0142EAE8
:109744004A1243EA442300EB41109BB242EAC92285
:1097540048BF4382B40792B208D518F001080382C7
:10976400C28118BF4FF0640880F80D80710701D5DD
:109774000383C282AC6804F12800FCF7D9FE0028F8
:10978400C8D004F50E70FCF7D3FE0028C2D02068C0
:1097940003681B6A02B0BDE8F047184783789B074B
:1097A40027D5036A10B5044682B0ABB1016911BB79
:1097B400019301621946A06801F0DEFAB0B1A37802
:1097C400616963F07F032278E161A37022B12046CE
:1097D400FFF7DEF802B010BD012002B010BD6FF03B
:1097E40070422169A06801F0B7FA68B9002002B09C
:1097F40010BD00207047002301AA8068019301F086
:1098040099FA0028F2DBEAD1019B002BD7D0D1E7EB
:109814002DE9F047837805469C0777D588461907D4
:10982400914600F1B5806B6913EB09026ED2B9F170
:10983400000F40D04F464FF0000AA868C3F3080653
:109844002969447914EA53243FD1002E3DD10029DB
:109854006ED0AA78520676D5EA699A4273D9013154
:10986400296102398279436991401944B7F5007F2F
:1098740053D3B7F5806F70D303797A0A1B1B9342D5
:1098840028BF1346426B8A424FEA432407D35E182B
:10989400B24204D24FF0FF3280F828A04263C06A7B
:1098A40042460668B66AB04780B36B693F1BA04462
:1098B40023446B61C1D1EA699A4276D2AA784846B8
:1098C400EB6162F07F03AB7025E082790239436972
:1098D400914019442144002EC8D0C6F500740122D9
:1098E400BC4228BF3C462830FCF74EFE70B13044E1
:1098F40026442246414605F03DFFB6F5007FA868A0
:10990400D3D12830FCF714FE0028CED16B78002088
:1099140043F001036B70BDE8F087C6F500746A6913
:10992400EB69BC4228BF3C469A4205D30522DAE7DC
:10993400296A21B3296194E7AB7813F0200F14BF8F
:1099440005220122CFE705F1100201F0F3F9002806
:10995400DCDB24D0A868296983E7436B8B4204D1FC
:109964004FF0FF3380F828A04363C06A424603687F
:109974005B6A98470028C9D04FF4007495E72846DD
:10998400FFF760F80028C1D02969A868296268E750
:10999400C169FFF761FD00287FF445AFB6E72846AB
:1099A400FFF750F80028D5D1B0E7054B1B682BB161
:1099B400AB78484663F07F03AB70ACE74846AAE750
:1099C4004CDD00202DE9F04F84468DB01446156817
:1099D40098460646894603AF01934FF0000EBCE853
:1099E4000F000FC7BCE80F000FC7DCF8003065603C
:1099F4003B604346A4F80CE0002B3FD04FF0010A33
:109A0400A9EB0A0103A889B24901FFF725FD50B368
:109A1400002103A8FFF7C0FB074620B300250DE093
:109A2400FCF7DAFD80465846FCF7EAFE83464046DA
:109A3400FCF7E6FE834516D10D2D18D0EAB239465F
:109A44003046013500F0E4FEA38983462046002B0E
:109A5400E6D1D4E901329342E2D1BBFA8BF040095A
:109A64000DB0BDE8F08F00200DB0BDE8F08F0AF115
:109A7400010A019B5FFA8AFA5345C1D20120EFE73C
:109A84002DE9F04F07468DB016469A460DF10C0CA1
:109A940002F1150402F1200501914FF000090FCFE6
:109AA400ACE80F000FCFACE80F003B68CCF80030F7
:109AB4004FEAC91314F8012F43EA5903A54252FA95
:109AC40083F35FFA83F9F3D133684FF000087360CE
:109AD400A6F80C80BAF1000F4ED00127019B03A811
:109AE400D91B89B24901FFF7B7FC002855D00021E2
:109AF40003A8FFF751FB00284FD0059A574500F102
:109B0400010B4FF0010492F828304FF0000543F0A8
:109B1400010382F828304FF00F030CBF47F04002D6
:109B24003A46C3724FF00003027003734FF0000310
:109B340080F80D90438306E0ABF800000134013552
:109B44000BF1020BE4B2B08918B9D6E901239A42A9
:109B540016D03046FCF740FD042DEBB2ECD90A2BAD
:109B640002D8ABF80300E9E70D2CABF80500E5D10A
:109B74000137FFB2BA45B1D201200DB0BDE8F08F74
:109B8400B8F1000F06D008F101084FF6FF705FFA34
:109B940088F8E1E74FF00108DEE700200DB0BDE8EA
:109BA400F08F00BF02464FF0203152F8163B2DE9EA
:109BB400F043C0F81610864684685160C2F8071056
:109BC4001A782E2A14BF0120002003D113F8012F84
:109BD4002E2AFBD0611E99420BD90A4602E0934219
:109BE400114606D01146013A91F800C0BCF12E0F7F
:109BF400F5D19C424FF0000540F2868007260827E5
:109C0400A946A84606E001330A264FF008091027A2
:109C14009C425BD91A782E2A08BF9942F3D0222A93
:109C24000DD07C2A0BD0A2F15B0CBCF1020F06D93B
:109C3400A2F12A0CBCF1050F21D82D2A1FD002F065
:109C4400C002802A5DD04E452FD299422CBF0020FD
:109C540001200A2E08BF40F00100002847D09EF8DA
:109C64001630202B40D09EF8143001207E21312262
:109C740073448EF815009975DA75BDE8F083A2F186
:109C84003A0CBCF1050FDAD9A2F1210CBCF15D0F3D
:109C9400D5D84E45D9D3A2F1610CBCF1190F28D8FF
:109CA400203A3D43D2B2EDB201E000205F2209F137
:109CB400010CF144013389F816205FFA8CF2062A6C
:109CC400914698BF8EF814209C42A3D89EF8163073
:109CD400202B09D00028C6D018EA050F18BF02258A
:109CE4008EF81550BDE8F0830020BDE8F0830B46E4
:109CF4008EE7A2F1410CBCF1190F98BF47EA08089E
:109D0400D5E70133002083E7A846DFE72DE9F84FC4
:109D14004FF0620900250F460446DFF8A0B04FF06B
:109D24007E0A91F8148001F11606B8F1030FDBF8EE
:109D3400003028BF4FF003082B449DB208F1040300
:109D4400DBB205F00F02581E2D09092A02F1370172
:109D540098BF02F13001FA18C3B291759845F0D159
:109D640007EB08030021204683F816A0FFF774FBD5
:109D740001212046FFF710FA03460B2230469BB11F
:109D840093F800C01946BCF1000F13D0DB7A1B070F
:109D9400EED430F013FB0028EAD109F1FF3919F0B1
:109DA400FF09C2D1484603E06078B0FA80F0400968
:109DB400BDE8F88F0120BDE8F88F00BF3CC2012048
:109DC4002DE9F04F2DED028B8BB0CDE902038B68AA
:109DD40007930B7813F0700F53D0029B1B78002B62
:109DE4004FD1136990469A4A0E460C33A2FB0323C3
:109DF400C3F3870298F815309807049200F0A780FF
:109E0400571CFFB20023304619461C460693FFF741
:109E140023FB08F11603A346A146A24608EE103A16
:109E24000594756900213046FFF7B6F9C5F34F155F
:109E3400034620B30278E52A29D042B3BC4238BF96
:109E440000242E2A2BD090F80BC0BCF10F0F54D055
:109E54001CF0080C23D1B9F1000F40F0D5800B227F
:109E640018EE101A30F0AAFA0028DAD198F8153052
:109E740013F0010300F0E48001230593D1E7737824
:109E840083B100200BB0BDEC028BBDE8F08F002C39
:109E940008BFAA46BC4201D20134E4B212B14FF069
:109EA4000009BEE7039B9A05EBD503F00303013BCE
:109EB400012BE6D8002C08BFAA46BC4203D348E0D5
:109EC400DCB2A74245D000213046FFF765F9631C98
:109ED4000028F5D17378002BD3D1A74239D9079D37
:109EE40005E02B7904EB0314E4B2A74231D93046E0
:109EF400FEF7C2FD0028F4D1C3E7B9F1000F19D170
:109F040002F01F0B049959458BD112F0400988D0F7
:109F1400437B89460693BBF1010F82D1691C4B46F2
:109F24004246304689B2FFF74DFD002808BF4FF086
:109F3400000976E70BF1FF3B5FFA8BFB5A45AED184
:109F4400437B069A9342E6D04FF0000969E7012764
:109F540058E7059B2BB141463046FFF7D7FE002852
:109F64008FD0013F42463046FBB20AEB03051F4641
:109F7400ADB22946FFF784FD002882D0690130463E
:109F8400FFF76AFA00283FF47CAF00213046FFF760
:109F940003F9044600283FF474AF2022002130F076
:109FA400D9FAD8F81620D8F81A302260636098F8E5
:109FB4002030B8F81E20A372228198F8153003F0DF
:109FC40018032373234B1B68002B3BD00DF1230292
:109FD4000DF1260109A89847BDF824302382BDF865
:109FE4002630E3819DF823306373079A92F8283072
:109FF40043F0010382F82830039B2A463146029835
:10A004000097FFF781FA3DE7BBF1010F7FF439AF09
:10A014000A3001E013F8012F4FEACC11984241EACB
:10A024005C0152FA81F25FFA82FCF3D1069B63452C
:10A034007FF427AF4F46039B19053FF522AFDBE7BB
:10A044001F46F8E745F62123238223836382CCE766
:10A054004FECC44E4CDD00202DE9F0411F460B7837
:10A0640082B00C46202B154603D114F8013F202B57
:10A07400FBD02C60237863B32F2B2AD04FF0000839
:10A08400294E211D204601AAFCF76EFB044670B13F
:10A09400019BB3F5803F40D27F2B08F1010831D8F2
:10A0A4003C2BD9B229D8212905D81F2909D8002049
:10A0B40002B0BDE8F0812239C9B226FA01F1CA071B
:10A0C400F5D42E2B01D0202B1CD123780BB12F2BB0
:10A0D400D7D12B69013BFE2BE9D82378202B03D160
:10A0E40014F8013F202BFBD02F2BF9D028463C60DD
:10A0F40002B0BDE8F041FFF755BD5C29D7D005D9C2
:10A104007C29D4D0C5F81080AC60DEE73E39012943
:10A11400F8D8002002B0BDE8F08108F10208AC6074
:10A12400C5F81080D1E700BF01210005F0B5002378
:10A134008BB0019383789A0724D5016A054619B137
:10A14400806800F019FEE8B101212846FEF7D0FC32
:10A15400C0B1421E00F10A0C0024E30112F8011FF1
:10A1640043EA5403944551FA83F3DCB2F5D1E5266E
:10A1740000230670AF682B7007F12800AB70FCF762
:10A18400D7F910B900200BB0F0BD07F50E70FCF73D
:10A19400CFF90028F6D0386803681B6A984700286E
:10A1A400F0D0EB78002BEED0294601A8FEF7C0FED4
:10A1B4000028E7D0EB78002BE4D0012721E001A8A8
:10A1C400FEF7EAFF7B1CF9B20028DBD0C27A0F2A23
:10A1D400D8D102785FFA83FC9FB202F01F038B424E
:10A1E400D0D1437BA342CDD10670A96891F8283021
:10A1F40043F0010381F8283053060DD4EB7863450E
:10A20400C0D3A98801A8C91B89B24901FFF724F961
:10A2140000210028D3D1B5E7AC6804F12800FCF78D
:10A2240087F90028AED004F50E70FCF781F90028F8
:10A23400A8D0206803681B6A9847A4E72DE9F8436F
:10A24400DDF82090A2B105460C469846571801E067
:10A25400BC420DD02B68204649465E6AC047214661
:10A26400024628460134B0470028F1D1BDE8F883FE
:10A274000120BDE8F88300BF486810B50C4630B132
:10A284000B894A8901339BB29A420B8101D9206818
:10A2940010BD0368012203495B68984700232068C6
:10A2A400238110BD40A700202DE9F04F054687B05B
:10A2B4008846924600214FF40072406A30F04AF911
:10A2C400286A28B103680C223A495B689847286ACF
:10A2D4006B6A4FF00009EE690AF1FF32DFF8E0C063
:10A2E400E968ADF814904C1CCDE903304FEA5A13D9
:10A2F400ADF816303368DF6A674526D16AB301EBDF
:10A304000A07DFF8C0A00AE02146039A3046013468
:10A31400D84700283FD0A7421ED033680498D3F80A
:10A3240024B00028F0D0BDF81430BDF81620013355
:10A334009BB29A42ADF81430E6D803685146012224
:10A344005B689847ADF81490DEE703AB21463046CE
:10A354000093194BB847F0B1286A20B10368022270
:10A3640016495B689847B8F1100F4FF0F8016A6A14
:10A374004FF001030CBF04200C201170FF216A6A06
:10A38400D15401339842FAD1E8696A6A0368E968EA
:10A394005B6A984718B9002007B0BDE8F08FD5E98B
:10A3A4000231E86919446A6A03685B6A984707B02E
:10A3B400BDE8F08F48780020A98200006C78002066
:10A3C4006D82000040A7002038B5436A4FF4007541
:10A3D400044600212A46184630F0BCF84FF02031DC
:10A3E400EB22A0F80B50C0F803100346C0F8071086
:10A3F40090210270762099700222587094F82B10E4
:10A4040059734AF65521208D1A74F822D8815A7549
:10A414002269DA61A269A3F8FE111A6238BD00BF8D
:10A4240070B504464FF400720021406A30F092F88F
:10A43400656A2269216805F2BF10FCF7F3F8A36985
:10A44400226905F2C31021681A44013AFCF7EAF8BC
:10A4540094F82A204AF6552385F8C2212269E06936
:10A46400C5F8C621626AA169A5F8FE310368C5F87A
:10A47400CA1100215B6ABDE87040184770B546698F
:10A484004FF4807390F82BE00446A6F58072456A79
:10A494004360B2FBFEF202F2011C4FEA1C214FEAB8
:10A4A400410C81600CF1A10098420ED98033F21A5C
:10A4B400B2FBFEF202F20111090A4FEA410C0CF15F
:10A4C400A1008342F2D3C4E901311B1AA2F6F5714B
:10A4D40003F18000B1F5704F20614FD20CF1210CD3
:10A4E4008133204602FB0EC2E360B2F5803FA261D5
:10A4F40034BF0423062384F82A3001232385FFF77D
:10A504008FFF08B9002070BD2046FFF75DFF2922A8
:10A51400A1684FF0203385F826204622C5F82F3055
:10A52400802085F836205422C5F82B30C5F8323007
:10A53400312385F838203622E982412185F83930E3
:10A5440085F837104FF4007185F8240085F83A2017
:10A554000F4BE069C5F827300368A5F81110626A4B
:10A5640021695B6A98470028CCD062682046E3687A
:10A574001021D21ABDE87040FFF796BE206A002869
:10A58400C0D00368132203495B689847002070BD5C
:10A5940087D61200A45F0020F8B546694FF4005333
:10A5A40090F82BC04FF48042A6F58041036142F23B
:10A5B400090E0446456A4260B1FBFCF101F18103D6
:10A5C400DB0983600EEB4300904240F2B68002F553
:10A5D4000052B11AB1FBFCF101F18103DB090EEB6E
:10A5E40043005F008242F2D3C4E901234FF6F473BF
:10A5F400994240F2978001FB0C2CA2F500522046B0
:10A60400D21B92B202F5005322854D4AE360ACF5A9
:10A614000053944594BF4FF00B0C4FF00C0CA36106
:10A6240084F82AC0FFF7FCFE08B90020F8BD2046D4
:10A63400FFF7CAFEA16829224FF020338020696207
:10A6440085F8422054214622C5F84B3085F8400055
:10A654004120C5F84730C5F84E30022385F8522012
:10A66400332285F85410322185F8552085F853009B
:10A6740085F85610EB62E069324B334A2B6303686A
:10A68400C5F843205B6A626A216998470028CCD0E8
:10A69400E069216903680631626A5B6A98470028A9
:10A6A400C3D04FF400720021606A2FF053FFE069B9
:10A6B400264A0368C5F8FC2121695B6A0231626A93
:10A6C40098470028B1D0E069216903680831626ABB
:10A6D4005B6A98470028A8D04FF0FF33E0691C4A12
:10A6E400C5E97A331B4B2A60C5F8E4310368216954
:10A6F400626A5B6A01319847002896D0E069216953
:10A704000368626A07315B6A984700288DD0A268A3
:10A71400204694F82B30202103EB4202BDE8F84098
:10A72400FFF7C2BD206A00283FF47FAF03681322FD
:10A7340009495B6898470020F8BD5F0056E700BFF1
:10A744000004FB000100060087D61200000055AA91
:10A754005252614172724161A45F002038B50446CF
:10A764000D68C16108466262EA692362904700F29B
:10A77400FF736061DB0A062B236024D9102B13D8E6
:10A784000223B0F5800F84F82B3020462ED2FFF739
:10A7940075FE0546206A05B320B103680D221949E8
:10A7A4005B689847284638BD202B23D9402B23D9F2
:10A7B400802B23D9B3F5806F22D9B3F5004F8CBF1A
:10A7C40080234023DDE7206A20B1036814220E4968
:10A7D4005B6898470025284638BD0028FAD00368EE
:10A7E4000F220A495B689847284638BDFFF7D4FE14
:10A7F4000546CFE70423C4E70823C2E71023C0E7D4
:10A804002023BEE7845F00206C5F0020945F00205B
:10A81400042A04D801EB4202B2F8010070470A2A64
:10A8240003D801EB4202908870470C2A03D801EB4D
:10A834004201C88870470020704700BFF8B504780B
:10A844000E467CB114F06004174607D0012A09D9DA
:10A854002F22002301200A704B70F8BD2146FEF719
:10A8640047F918B9002318463370F8BD0346A446C7
:10A87400082111E0027B114203D00EF1200E5FFA91
:10A884008EFE651CBD42EDD20CF1010C06F804E00D
:10A89400ECB2BCF10C0F10D0BCF1080F11D013F8BE
:10A8A40001EBAEF14102192AE4D9BEF1200FE8D13F
:10A8B4000CF1010CBCF10C0FEED1002320463355F2
:10A8C400F8BD1A78202AF8D010214FF02E0ED8E7C0
:10A8D4002DE9F04F00248BB0037889460194002BB6
:10A8E40055D0C3780646002B58D0014601A890469F
:10A8F400FEF71EFB00284AD0F078002843D008F168
:10A90400FF38CB464FF0010AC844B18801A8A1EB37
:10A914000A0189B24901FEF79FFDC0B3002101A8D5
:10A92400FEF73AFC98B3C37A0F2B30D103785FFA61
:10A934008AF103F01F038B4229D1471C0025042D03
:10A94400EBB23FD83B8874BB03F5205189B2B1F513
:10A95400006F3ED3A3B1184659464246FBF7B2FEF8
:10A964008346A0B10024013502370D2DE7D10AF149
:10A97400010AF1785FFA8AF31FFA8AFA9942C4D27B
:10A98400ABEB0900D946002389F8003003E000232B
:10A99400184689F800300BB0BDE8F08FFFF74EFF82
:10A9A4000BB0BDE8F08F03F5105189B2B1F5806F9B
:10A9B400EDD20A4AC3F3090302EA8420184300F5DE
:10A9C4008030C9E70A2B94BFB7F80330B7F80530D5
:10A9D400B9E7B1F5806FDAD21C46C4E700FC0F007A
:10A9E400FFF776BF2DE9F843DDE90887C3B1814657
:10A9F4000C4615465E1802E0C047B44210D0D9F8A0
:10AA0400003021462A4648461B69984703463A4681
:10AA1400204629460134002BEED11846BDE8F883C0
:10AA240001231846BDE8F88310B41468B4F5807F98
:10AA3400A44628BF4FF4807C01EB4C00814207D22E
:10AA440031F8023B13B95368013353608842F7D895
:10AA5400A4EB0C0414605DF8044B704710B4146844
:10AA6400802CA44628BF4FF0800C01EB8C0081425F
:10AA740007D251F8043B13B9536801335360884239
:10AA8400F7D8A4EB0C0414605DF8044B704700BFC6
:10AA94002DE9F843C37904460D461746202B59D0B7
:10AAA400102B30D00C2B51D1027AC1F34E018369A3
:10AAB40000F50E7911FA85F1A2F1020248468EB230
:10AAC400B2FA82F2C1F34621520901EB03085200A3
:10AAD4004146FBF759FD002838D0C6F30806731C1D
:10AAE400865DB3F5007F23D018440378EA07E26952
:10AAF40046EA03234CBF1B09C3F30B039A4240D21B
:10AB04000020BDE8F883027AC1F30721836900F5C8
:10AB14000E70A2F102021944B2FA82F252095200F2
:10AB2400FBF732FD90B16D0005F4FF75435B25E042
:10AB3400227A08F101014846A2F10202B2FA82F235
:10AB440052095200FBF720FD0028CED14FF0FF3010
:10AB5400BDE8F883027A816900F50E70A2F1020261
:10AB640001EBD511B2FA82F252095200FBF70CFD47
:10AB74000028EBD0AD0005F4FE754359E2699A4212
:10AB8400BED301203B60BDE8F88300BF2DE9F84344
:10AB9400C37905460C461646202B48D0102B2DD0E1
:10ABA4000C2B41D1C1F34E01836900F50E7911FAE2
:10ABB40084F11FFA81F8C1F34621CF18037A48467D
:10ABC400022B394614BF01220322FBF7DDFC58B3E4
:10ABD40014F00104C8F308033FD0C25C02F00F0272
:10ABE40042EA0612C2540133B3F5007F3AD0C6F3E9
:10ABF4000712034401201A70BDE8F883027AC1F3F6
:10AC04000721836900F50E70022A194414BF01223A
:10AC14000322FBF7B9FC034630B16400012004F4BD
:10AC2400FF741E53BDE8F8830020BDE8F883037A5F
:10AC3400816900F50E70022B01EBD41114BF0122BF
:10AC44000322FBF7A1FC03460028EDD0A400012059
:10AC540004F4FE741E51BDE8F883C6540133B3F501
:10AC6400007F15D12B7A791C4846022B14BF012290
:10AC74000322FBF789FC03460028D5D0C6F307124C
:10AC8400002CB7D1197821F00F0141EA1212B1E773
:10AC9400C6F307120344F5E72DE9F041C46882B016
:10ACA40005460E468C42904640D301270134EB6999
:10ACB40001AA2846A34205D29FBBEC6801273C4465
:10ACC400A3422ED3A64218BF012C214629D9FFF74F
:10ACD400DFFE002825DBE9D0019B002BE6D107B17C
:10ACE400EC60EB69A3421CD36FF070422146284606
:10ACF400FFF74CFF0746A0B13EB96B6A002B01DB9E
:10AD0400013B6B62C8F800400CE0012E09D0EB69EE
:10AD14009E4206D8314622462846FFF737FF0028D0
:10AD2400EBD10027384602B0BDE8F0810C4600277D
:10AD3400BCE700BF01290CD910B4C4698C4203D309
:10AD44005DF8044BFFF7A4BE4FF0FF305DF8044BF1
:10AD540070474FF0FF30704701290BD910B4C46914
:10AD64008C4203D35DF8044BFFF710BF00205DF85D
:10AD7400044B70470020704770B5054682B00C46FE
:10AD84001DE0EB699C421FD8FFF782FE0646214670
:10AD94000022002E284617DBEB699C4214D8FFF7EB
:10ADA400F5FE621E80B16B6A002B03F10103A8BF9C
:10ADB4006B62EB68A342019C88BFEA602EB1012C50
:10ADC400214601AA2846DCD8002002B070BD00BF8D
:10ADD4002DE9F0470646406A84B000281BDAF27970
:10ADE4000C2A1BD1F7697B1C022B40F2CD80022474
:10ADF4000025214602AA3046FFF74AFE002804F146
:10AE0400010306DB57D1A7421C465CD0F26993428A
:10AE1400EFD94FF0FF3004B0BDE8F087F1690020AE
:10AE240096F8383201313469DB07CDE9021000F1BC
:10AE3400858000214FF0FF33202A06F5127786F82B
:10AE44003812C6F8443242D0D6F800804F4BD8F8B6
:10AE54000020D6F818A095699D4278D1002C00F006
:10AE640082800AEB0409136951463A4640469847E2
:10AE74000028CED00299B1F5807F8E4628BF4FF4CA
:10AE8400807E07EB4E0CBC450BD9039D3B4600224C
:10AE940033F8024B0CB9013502469C45F8D802B18F
:10AEA40003950AF1010AA1EB0E01D14502915AD092
:10AEB400D8F80020D7E7029A002AA4D1A74205F1C6
:10AEC40001051C46A2D1284604B0BDE8F087D6F897
:10AED40000A02E4BDAF80020D6F8189095699D4210
:10AEE40046D1002C3FD009EB0408136949463A4681
:10AEF4005046984700288CD0DDF808C0BCF1800F7C
:10AF0400E64628BF4FF0800E07EB8E02BA420BD9FB
:10AF1400039D3B46002153F8044B0CB9013501460F
:10AF24009A42F8D801B1039509F10109ACEB0E037B
:10AF3400C845029317D0DAF80020D6E706F50E705C
:10AF4400FBF7F6FA00283FF464AFF27971E7234681
:10AF540002AC3A465146019440460D4C0094A84731
:10AF640000283FF456AF0398706204B0BDE8F08740
:10AF7400234602AC3A46494601945046054C009497
:10AF8400A8470028EFD144E7002044E7158A0000D1
:10AF9400598A00008D8A000070B5002304461546C6
:10AFA40001204FF0FF3204F128062160E371E060D4
:10AFB400E162C4F83C1284F8283084F838326263C1
:10AFC400C4F84422CDB1042D01D9002070BD1A4625
:10AFD40019463046FBF7D8FA6FF0704300F5DF727C
:10AFE4002B441D0102EB03130028EED0197900292C
:10AFF400EBD0525D5206E8D19D68002229463046C6
:10B00400FBF7C2FA0028E0D0B0F80B30B3F5007FAC
:10B01400DBD1037C5A1E2372012AD6D8417B4B1EF6
:10B024000129217163714FF00003A37144D00122FF
:10B0340052000133D2B2DBB2914204D0082BF7D1D3
:10B044000020A37170BD1E46A371C18A216109B994
:10B05400416A2161C289B0F811302A4463815B01DD
:10B06400A26190F810C003F2FF1301FB0C2202EB63
:10B0740053232262B0F81320636102B9026AED1A05
:10B08400AB18F3405A1CE2614FF0FF32626240F6A3
:10B09400F47293420CD94FF6F47293420AD9C26AFD
:10B0A400202322620120E3712163C4F8401270BDA1
:10B0B4000C23F7E71023F5E71E46C6E7F8B500268C
:10B0C4008F6B0D460446C0E90E669FB101462420ED
:10B0D40000F0DCF8068086708446AD6BA0630FCD6B
:10B0E400ACE80F000FCDACE80F002B68CCF80030B3
:10B0F4002046F8BDCB6B002BFAD00146382000F077
:10B10400C5F880F8317047860246EB6BE06303F1C3
:10B1140030071E68103353F80C5C103253F8080CD7
:10B1240053F8041CBB4242F8106C42F80C5C42F821
:10B13400080C42F8041CECD11B6820461360F8BDCF
:10B1440010B50446806B10B1FDF7E2FC30B9E06B3A
:10B1540010B1FBF7CFFB20B9002010BD0023A3637F
:10B1640010BD0023E36310BD002952D02DE9F04146
:10B174000446806B0D4617461E4610B1FDF7C8FC09
:10B18400A0BBE06B10B1FBF7B5FBB8BBD5F880846E
:10B19400B8F1000F11D02146242000F077F833468F
:10B1A40000263A4606808670A063D5F88014FDF721
:10B1B400B7FE58BBA063BDE8F081D5F8843493B1E1
:10B1C4002146382000F062F8334680F831803A4650
:10B1D400A0F83280E063D5F88414FBF7BFFFA8B968
:10B1E400E063BDE8F0810020BDE8F0810023D5F8DC
:10B1F4008084A363B8F1000FCDD1DEE70023D5F836
:10B204008084E363B8F1000FC5D1D6E70120BDE81F
:10B21400F0810020704700BFF8B50446806B0D46EE
:10B22400174610B1FDF774FC38BBE06B10B1FBF7A7
:10B2340061FB38BBAE6B76B12146242000F026F8C2
:10B2440000213A4601808170A063A96BFEF7CEF914
:10B2540088B9A063F8BDE86B0028FBD021463820EC
:10B2640000F014F83A4680F831604686E063E96BF2
:10B27400FBF77CFF20B10120F8BD0023A363D9E7CD
:10B28400E063F8BD0023E363D4E700BF08467047DA
:10B294002DE9F041002604469846C0F88814C0F809
:10B2A400806401464FF490601746FFF7EFFF424673
:10B2B40080F84464054680F87964A0F87A64C4F898
:10B2C4008404D4F88814FDF7E7FAA0BB00262146CD
:10B2D40040F26C40C4F88464FFF7D8FF0223C671BF
:10B2E4004246A0F84864054680F84A640372C4F8EC
:10B2F4008004D4F88814FFF74FFE38B900231A4AA3
:10B3040018461360C4F88034BDE8F08105F58966F9
:10B314003046FDF7FDFB29463046FDF737FE002891
:10B32400ECD0124B1A68AAB91D600F4BAFB10120C3
:10B334001C60BDE8F08105F589663046FBF7DAFA52
:10B3440029463046FBF704FB0028BFD0084B1A6897
:10B35400002AE9D0044B002FE9D11A68002AE6D06C
:10B364000120BDE8F08100BF24DE002028DE00209B
:10B37400D4DD002070B500254FF47A76044645608C
:10B3840005738660C0E91255034D40F8105BFFF762
:10B39400EBFE204670BD00BFC48A00200020704729
:10B3A4000020704700207047704700BF084B002101
:10B3B400084A094810B499631C6B146012685DF85C
:10B3C400044B1A639A6C22F081029A6401707047EC
:10B3D40000002C4048DD002012C40120034B586AB1
:10B3E40080F08070C0F30060704700BF00002C4004
:10B3F400014B1878704700BF12C401202B4A2C4B14
:10B40400526AD3F800312B49C2F3C22203F03F033E
:10B41400013270B5284C4FF47A75A4FB034305FB45
:10B4240000F09B08B1FBF3FEBEFBF2FEB0EB1E1F67
:10B4340035D201231E465B001A01BEFBF2F28242A2
:10B4440001D9FF2BF6D9BEFBF3F2360290422AD281
:10B454004FEA430C012200E0A446154603EB0C041A
:10B464000132BEFBFCF1814217D9102AF4D1F02538
:10B474004FF47A731149124A03FB0CFCBEFBFCF334
:10B484000B60104BD16A0B402B43334343F46023CE
:10B49400D362536A1B07FCD570BD2D01E8E77246E1
:10B4A40000260123D2E79C460025E1E700C00F40B7
:10B4B40000800D4000EC695EABAAAAAA58D5002012
:10B4C40000002C400F00F0FF014B1878704700BFBC
:10B4D400AEB80020014B1868704700BF48DD00205B
:10B4E40010B4074C8C460FCCCCF800000120CCF8EB
:10B4F4000410CCF80820CCF80C305DF8044B7047ED
:10B504001CDD002010B4074C8C460FCCCCF8000096
:10B514000120CCF80410CCF80820CCF80C305DF8ED
:10B52400044B70472CDD0020024B01201B680B608C
:10B53400704700BF3CDD0020704700BF10B50446D3
:10B544000C2104F0B5F9204610BD00BF044B1B7854
:10B5540023B1044B18780230C0B270470120704701
:10B564000FC4012010C40120184B1A7812F0C00235
:10B574000FD0402A01D000207047587ADA79197A1E
:10B58400013002F03F0300EB034000EB0120800296
:10B5940070475A7A9979D87902F0030293F808C06F
:10B5A40001F003018000520040EA812000B593F8C5
:10B5B4000AE040EA9C105B7942EADE12013003F0B3
:10B5C4000F031344073B98405DF804FB2CDD002077
:10B5D4002DE9F04102F08AFE174E184D0746DFF8B8
:10B5E400748004E002F082FEC01B40451BD8346B1B
:10B5F4002C40F7D0124A0021124B1170326B1A60A2
:10B604001968114A31631B68134209D00F491F247A
:10B614000F4B40F27A2200200C701A60BDE8F081D2
:10B624000120BDE8F081064A064B1470326B1A60A3
:10B634001B683363EAE700BF00002C4002007F115F
:10B6440011C4012048DD002000007F11AEB80020A5
:10B654004CD8002040420F002DE9F843264C0F46F9
:10B664002378002B38D1254B5A6AD2052BD5234D8C
:10B67400DFF89480AB6A43F48033AB6202F036FEA9
:10B68400064604E002F032FE801B40452AD86B6A6D
:10B6940013F48069F6D007F13C0C184807F50F77CE
:10B6A400436A5B05FCD5ACF1400353F8042F9C4579
:10B6B4000262FAD10CF1400CBC45F1D101231846C9
:10B6C4002370BDE8F8839A6A22F480329A629A6AF7
:10B6D40042F400329A62CAE7FFF77AFF0028C2D127
:10B6E400BDE8F88306492124064B40F2D932484686
:10B6F4000C701A60BDE8F88311C4012000002C40CE
:10B70400AEB800204CD8002040420F002DE9F04193
:10B71400074688461F4C02F0E9FD1F4E054604E02B
:10B7240002F0E4FD431BB34224D8636AD907F7D47B
:10B73400BB02C4F8088020D427F0FF03154C174E31
:10B74400E36002F0D3FD144F054604E002F0CEFDA1
:10B75400401BB8420ED8236B3342F7D0226B104BF8
:10B764001A601A6822631A68D20703D51B6813F497
:10B77400702F0BD00020BDE8F081A26CFBB222F048
:10B78400FF02A264A26C1343A364D5E70120BDE8C1
:10B79400F08100BF00002C4040420F0001000F0068
:10B7A40048DD0020154B30B50D4685B01968FFF70C
:10B7B400ADFF08B3124B05F10F041A6900925969E1
:10B7C400019199690291DB690393002301E05EF81A
:10B7D400102C03F0030C01334FEACC0C23F0030EBE
:10B7E4000F2B22FA0CF20EF1100104F8012D0DEBCF
:10B7F400010EECD10023EB7305B030BD40DD002019
:10B8040000002C4010B5037ADB0705D5154B1B68E7
:10B81400B3B1BDE810401847134B1B783BB9134B29
:10B824005C6A84F08074C4F30064204610BD0F4B3E
:10B834000F4C1B6B1C40B4FA84F46409204610BD01
:10B844000C4B1C78002CF0D00B4B0C481968FFF7FC
:10B854005DFF0028E9D0054B1C6984F48074C4F3AF
:10B864000024E2E744DD002011C4012000002C4044
:10B8740002007F110EC4012040DD002000001A0DDB
:10B8840008B5044B04481968FFF740FF08B1034B9F
:10B89400186908BD40DD002000001A0D00002C408E
:10B8A40008B5074B07481968FFF730FF30B1064B5E
:10B8B400186980F48070C0F3002008BD012008BD21
:10B8C40040DD002000001A0D00002C402DE9F04757
:10B8D400294B8946DFF8C0A0284ECAF8003002F090
:10B8E40005FD274D0446DFF8B480264F06E002F03C
:10B8F400FDFC001BB84229D806F0F2FC316828464A
:10B90400FFF704FF0028F2D0D8F81030DB05EED59D
:10B9140000234FF40072CAF80030D8F8283023F41A
:10B924008033C8F82830184BC8F804201B78CBB1F2
:10B9340049461648FFF7EAFE30B915490E24154B5F
:10B944004FF487620C701A60BDE8F087104A0A2130
:10B954000020104B117040F22C42CAF800001A600B
:10B96400BDE8F0874FEA492908484946FFF7CEFE6B
:10B974000028E9D1E1E700BFD198000040DD0020B4
:10B9840000001A0D40420F0010C4012020003A1993
:10B99400AEB800204CD8002044DD002000002C402C
:10B9A4002DE9F041254C00212548A36A23F4803376
:10B9B400A362FFF7ABFE054648B922490920224B92
:10B9C40040F23D2208701A602846BDE8F0811F4B02
:10B9D400DFF88080C8F8003002F088FC636A06460D
:10B9E400D80118D41A4F04E006F07AFC636AD9012E
:10B9F40011D402F07BFC831BBB42F5D9114A0A2106
:10BA04000025114B11704FF410722846C8F80050ED
:10BA14001A60BDE8F0810022084BC8F800205A6A79
:10BA24009207D1D5586B9A6AD96A22F4803241F0D0
:10BA34008061D96258639A62C6E700BF00002C4057
:10BA44000000DB0CAEB800204CD800200D940000A0
:10BA540040420F0044DD00202DE9F047824689462C
:10BA6400364E02F043FC364D0446DFF80081354F74
:10BA740004E002F03BFC031BBB4227D83168284694
:10BA8400FFF744FE0028F4D0D8F81030DA05F0D5DA
:10BA940001232D4D2D4F51462B7000232C483B6024
:10BAA4002C4BC8F80090C8F804302B4BC8F8383039
:10BAB400FFF72CFE0446A0B928490420284B40F285
:10BAC4009F12087020461A60BDE8F08723490A20B7
:10BAD400234B4FF4CC72002408701A602046BDE852
:10BAE400F087204BDFF88890C9F8003002F0FEFBA5
:10BAF4002B780646BBB1DFF84C8003E006F0F0FB80
:10BB04002B7883B102F0F2FB831B4345F6D9002363
:10BB1400C9F8003011492520114B4FF4D17200248B
:10BB240008701A60DAE73B6800229B07C9F8002016
:10BB3400F0D53A680C4B1A42D0D0EBE740DD002038
:10BB440000001A0D40420F0012C4012048DD0020FD
:10BB540011003A064000010002007F11AEB8002037
:10BB64004CD800202194000000007F1100002C40DC
:10BB740044DD00202DE9F041324D1446AB7A13F038
:10BB8400400012D103F03F03EA7A5B0043EAD21388
:10BB9400621C0A43134208D02B4927242B4B40F242
:10BBA400E3220C701A60BDE8F081294B1B780BB9B5
:10BBB400490264022748FFF7A9FD40B922490F242E
:10BBC400224B40F2EB220C701A60BDE8F081214652
:10BBD4002148FFF79BFD40B91B4910241B4B40F241
:10BBE400EE220C701A60BDE8F08100211B48FFF7BB
:10BBF4008DFD38B914491124144B40F2F1220C7014
:10BC04001A60E2E702F072FB154E164D0446DFF8A7
:10BC14005C80154F31682846FFF778FD18B1D8F8D5
:10BC24001030DB05D1D402F061FB001BB842F1D91E
:10BC340005492824054B4FF43D7200200C701A600E
:10BC4400C3E700BF2CDD0020AEB800204CD8002094
:10BC540010C4012000001A2000001A2100001B2635
:10BC640040DD002000001A0D40420F0000002C406F
:10BC74002DE9F04F12F0030483B018BF01240190A2
:10BC84000093002B08BF44F001045CB14049252017
:10BC9400404B40F2F512002408701A60204603B0AD
:10BCA400BDE8F08F3C4B15463C4A0E46DFF80C913C
:10BCB400136002F01BFBDFF808810746DFF804B1CC
:10BCC400DFF8F0A006E002F011FBC01B504544D899
:10BCD40006F006FBD9F800104046FFF717FD0028D0
:10BCE400F1D0DBF81030DA05EDD5009A2C4B2B4956
:10BCF40003EA024300222B4F0A6043F4007301213C
:10BD0400DFF8C4803970C8F80020CBF80050CBF8B5
:10BD14000430254BCBF83830244B1B7843B33146E1
:10BD24000198FFF7F3FC81460028B7D0204B1B4A4B
:10BD3400136002F0DBFA3B780546DBB11D4E03E0ED
:10BD440006F0CEFA3B78ABB102F0D0FA401BB04219
:10BD5400F6D90023114A1360A0E70D4B0A220021F3
:10BD64000E481A704FF4FC720A4B01601A6095E792
:10BD74007602D4E70023094A1360D8F800309B0701
:10BD84008CD5D8F800200C4B1A4208BF4C4685E7E6
:10BD9400AEB800204CD80020D198000044DD00202B
:10BDA4000000FF1F12C4012002007F1110C40120F3
:10BDB4002194000040420F0000007F1140DD00206C
:10BDC40000001A0D00002C4048DD0020F8B506469E
:10BDD400007A0C461546C0071F4613D483B10F449E
:10BDE40001E0BC420CD033682A46214630461B6928
:10BDF400013405F5007598470028F2D10020F8BDFC
:10BE04000120F8BD900712D0002BF9D00F4401E0B7
:10BE1400BC42F5D033682A46214630461B690134BA
:10BE240005F5007598470028F2D10020E7E7064899
:10BE3400FFF71EFF0028E3D104490C24044B40F211
:10BE440082320C701A60F8BD37003A12AEB8002086
:10BE54004CD80020F8B50646007A0C461546C007B3
:10BE64001F4613D483B10F4401E0BC420CD03368A5
:10BE74002A46214630465B6A013405F50075984729
:10BE84000028F2D10020F8BD0120F8BD900712D09F
:10BE9400002BF9D00F4401E0BC42F5D033682A46A8
:10BEA400214630465B6A013405F500759847002841
:10BEB400F2D10020E7E70648FFF7DAFE0028E3D1D5
:10BEC40004490E24044B40F21E420C701A60F8BD63
:10BED40027003A19AEB800204CD800202DE9F04FC5
:10BEE400A84B0022DFF8FC8291B0A74DA74FA84EC3
:10BEF4002A70427288F800203A703270D3F8002118
:10BF04000172052142F08002DFF8A092C3F80021FB
:10BF1400D3F8002122F03F02C3F80021D3F8002116
:10BF240042F01802C3F80021D3F8002122F0800265
:10BF3400C3F8002103F51033964AD3F8800040F08B
:10BF44000C00C3F88000586A20F460505862D86925
:10BF540040F48030D861586A40F400605862C2F8F6
:10BF6400CC11C2F8D011C2F8BC11C2F8C011C2F889
:10BF7400C411C2F8C811D9F84820874B42F00042D6
:10BF8400C9F84820D9F82C201343C9F82C30D9F823
:10BF94002C4014F08074FAD14FF4C870FFF72EFAD5
:10BFA4007C4B47F2B80241F2B801C3F8CC41C3F864
:10BFB400D041C3F8BC41C3F8C041C3F8C441C3F87D
:10BFC400C841C3F8BC23C3F8C023C3F8AC23C3F8E7
:10BFD400B013C3F8B423C3F8B823704B704AC9F83C
:10BFE4003430704BC3F8F8216F4B602283F86E2015
:10BFF4004FF0E0234FF48042C3F80C21D9F82C30E1
:10C0040043F00063C9F82C30684BD96A11F0006121
:10C01400FBD10846FFF77AFB044648B90121644B7B
:10C0240040F28E2229701A60204611B0BDE8F08FCC
:10C034000324DFF8B4914FF4D5714846FFF766FB4B
:10C04400002844D1013CF6D132785A4B002A14BF5F
:10C054009A464FF4401A02F049F9574E0446DFF865
:10C064008CB1DFF88C9100213046FFF74FFB50B9BB
:10C07400002417214E4B40F29F22204629701A605B
:10C0840011B0BDE8F08F51465846FFF73FFB00283A
:10C09400EED002F02BF9001B444B4845E8D81A694E
:10C0A400002AE0DA1969454A11601B695A0001D572
:10C0B40001233B7000214248FFF728FB0446C0B926
:10C0C40002213B4B4FF42A7229701A60ACE7374BBC
:10C0D4001B69B3F5D57F07D00621354B4FF4257284
:10C0E400002429701A609FE70123DFF8C8A0337089
:10C0F400B1E700213348FFF709FB044630B90321B7
:10C104002B4B40F2AB2229701A608DE7274E2E4B41
:10C1140032692E4F13402E492E483B60FFF742FBF5
:10C12400044630B90721224B4FF42C7229701A604F
:10C134007AE729492948FFF735FB044630B9082135
:10C144001B4B40F2B32229701A606DE7396824480A
:10C15400FFF7DCFA044630B90521154B40F2B6224C
:10C1640029701A6060E739681348FFF7CFFA00288E
:10C1740040D114210E4B40F2BA22002429701A60D7
:10C1840052E700BF00800D40AEB8002010C401206B
:10C194000FC4012000801F40008000010B007F11AC
:10C1A400DD93000000BC002000E400E000002C400F
:10C1B4004CD800200000304000001A373CDD00203D
:10C1C4000000090200001A030000FFFF40DD002008
:10C1D4002CDD0020000009091CDD00200000090AF4
:10C1E40000001B070EC4012000001A0800000229E9
:10C1F40040420F0002212E48FFF788FA0446002827
:10C20400B7D0B36A4FF010126FF07F40694623F045
:10C214000603B362B36A43F00203B3627264FFF7C6
:10C224001BFC18B19DF80D309B0732D446F2A810C0
:10C23400204D0523C5F8CC31C5F8D031C5F8BC3143
:10C24400C5F8C031C5F8C431C5F8C831FFF7D6F810
:10C25400002347F2B802C5F8CC31C5F8D031C5F88F
:10C26400BC31C5F8C031C5F8C431C5F8C83141F294
:10C27400B803C5F8BC23C5F8C023C5F8AC23C5F87A
:10C28400B0330123C5F8B423C5F8B82388F80030C7
:10C29400CAE669460848FFF7DFFB0028C6D09DF8C8
:10C2A400103003F00F03012BC0D14CF25030BFE724
:10C2B40000001A0600801F40F1FFFF80374B5A6AC6
:10C2C40092052DE9F0410F460DD49A6A22F480328A
:10C2D4009A6272B69A6A42F400329A629A6A42F494
:10C2E40080329A6262B602F001F82C4EDFF8C48004
:10C2F400054604E001F0FAFF431B434537D8746A4E
:10C3040014F40064F6D007F13C0C244807F50F77C9
:10C31400436A1B05FCD5ACF14003026A43F8042FC1
:10C324009C45FAD10CF1400C6745F1D101F0DEFFD8
:10C334001A4F1B4D0646DFF87C8004E001F0D6FF5F
:10C34400831B43451DD83C6B2C40F7D03B6B154AEF
:10C35400136013683B63136813F002031BD0126865
:10C36400114B1A420CBF01200020BDE8F0810F4997
:10C374001A250F4B40F2373220460D701A60BDE883
:10C38400F0810A491D250A4B40F2423220460D70C5
:10C394001A60BDE8F0811846BDE8F08100002C4029
:10C3A40002007F1148DD002000007F11AEB800209C
:10C3B4004CD8002040420F002DE9F047294B894614
:10C3C400DFF8C0A0284ECAF8003001F08FFF274DD7
:10C3D4000446DFF8B480264F06E001F087FF001B17
:10C3E400B84229D805F07CFF31682846FFF78EF95A
:10C3F4000028F2D0D8F81030DB05EED500234FF436
:10C404000072CAF80030D8F8283043F48033C8F8F2
:10C414002830184BC8F804201B78CBB1494616487D
:10C42400FFF774F930B915490C24154B40F29E32CC
:10C434000C701A60BDE8F087104A0A210020104BE6
:10C44400117040F29232CAF800001A60BDE8F08719
:10C454004FEA492908484946FFF758F90028E9D125
:10C46400E1E700BFD198000040DD002000001A0D74
:10C4740040420F0010C4012030003A12AEB8002030
:10C484004CD8002044DD002000002C402DE9F04170
:10C4940000221D4C0D4642721146A36A1B4823F428
:10C4A4008033A362FFF732F940B919490924194BC3
:10C4B4004FF46D720C701A60BDE8F081002DFBD052
:10C4C400154B164E336001F011FF636A0746DA011B
:10C4D40016D4DFF84C8004E005F002FF636ADB0148
:10C4E4000ED401F003FFC01B4045F5D9084A0A21C8
:10C4F4000020084B11704FF46E7230601A60DBE755
:10C50400002328463360D7E700002C400000DB0CF2
:10C51400AEB800204CD800200D94000044DD00206B
:10C5240040420F000A4B1B7810B504461BB9637ACE
:10C5340043B9012010BDFFF74BF80028FAD0637A05
:10C54400002BF6D020460121BDE81040FFF79EBF26
:10C5540011C401202DE9F0410446007AADF5007DB7
:10C56400164610F0010513D093073CD00123384838
:10C574006A46FFF77DFB00283AD04FF40072694603
:10C58400304603F0F7F828460DF5007DBDE8F0814C
:10C59400DFF8CC800F4698F80030002B35D1637A51
:10C5A400012B39D022682B49126A8A424AD198F861
:10C5B4000020002A34D1002B39D139462046FFF718
:10C5C400FBFEE8B101236760637231462046FFF742
:10C5D40075FEA8B1636805460133284663600DF50E
:10C5E400007DBDE8F08101231948FFF741FB38B90C
:10C5F40019490B20194B40F25532002508701A6076
:10C6040028460DF5007DBDE8F081FEF7E1FF002826
:10C61400F6D0637A012BC5D16268BA42C2D1D4E79D
:10C62400FEF7D6FF0028EBD0637A002BC5D001219A
:10C634002046FFF72BFF0028BFD128460DF5007DCB
:10C64400BDE8F081204690470028F6D0B5E700BF4A
:10C6540011003A1155A50000AEB800204CD80020B6
:10C6640011C401202DE9F041047AADF5007D0F4697
:10C67400904614F001041DD012F0030F06D0684652
:10C6840011464FF40072804603F074F801234246C9
:10C6940039462C48FFF7ECFA044630B92A490D20F4
:10C6A4002A4B40F2F23208701A6020460DF5007DE4
:10C6B400BDE8F081264D06462B782BBB737A022BFE
:10C6C40029D032682349126A8A4236D12A7832BB89
:10C6D400002B2BD13368394630461B6E984700280F
:10C6E400E3D0022377607372336841463046DB6DD2
:10C6F40098470028D9D073680446013320467360F4
:10C704000DF5007DBDE8F081FEF762FF0028CCD076
:10C71400737A022BD5D17268BA42D2D1E4E7FEF71C
:10C7240057FF0028C1D0737A002BD3D001213046A3
:10C73400FFF7ACFE0028B8D0CCE73046904700287D
:10C74400B3D0C7E701003A18AEB800204CD8002097
:10C7540011C4012055A500004FF0FF30704700BF01
:10C76400407C7047007D7047407D704701207047D2
:10C77400007F70472DE9F0471E46C37C05460C46F2
:10C78400022B9146089F28D02B68214628461B6E11
:10C79400984798B1AC61B9F1000F12D004EB0908C5
:10C7A40001E0A0450DD039462046B0472B6801462C
:10C7B4002846DB6D013498470028F2D10020BDE8FB
:10C7C400F087AB69287F4B44AB610028F7D12B6815
:10C7D40028465B6EBDE8F047184783698B42D3D186
:10C7E400D9E700BF704700BF043000F0C7BE00BFE8
:10C7F40010B50446202103F05BF8204610BD00BFAD
:10C804002DE9F0411F46C37C05460E46022B144613
:10C8140024D02B68314628461B6E984778B1AE6108
:10C8240087B1002601E0B7420CD02A682146284689
:10C834000136D26D04F5007490470028F3D100202E
:10C84400BDE8F081AB69287F3B44AB610028F7D198
:10C854002B6828465B6EBDE8F041184783698B421C
:10C86400D7D1DDE72DE9F041204E074600F1040859
:10C87400356805F51675ADB203E03368EB1A1B0491
:10C8840010D4404600F07EFEFF280446F5D1FD2179
:10C89400404600F095FEBB7CCBB900230120FB741D
:10C8A400BDE8F0811E23B87C7B740028F8D0387C66
:10C8B400012100F01BFEFF21404600F081FE4046AE
:10C8C40000F034FE00231846BB74BDE8F08101215A
:10C8D400387C00F00BFE2146404600F071FE4046D5
:10C8E40000F024FE0023BB74D7E700BF3CC2012044
:10C8F4002DE9F041C37C012B35D0867C04464EB132
:10C90400043000F03FFEB0F1FF0518BF01252846B2
:10C91400BDE8F081071D4FF00108384600F0E8FD3E
:10C924003146207C00F0E2FDFF21384600F048FE4D
:10C93400384684F8128000F025FEA37CB0F1FF0590
:10C9440018BF0125002BE2D04146207C00F0CEFD2B
:10C95400FF21384600F034FE384600F0E7FD284653
:10C96400A674BDE8F08100252846BDE8F08100BF2B
:10C974002DE9F843204F0446884691463D68061D3C
:10C9840005F59675ADB203E03B68EB1A1B040DD4B4
:10C99400304600F0F7FDFF282075F5D0FE281AD0A8
:10C9A4001823A07C637430B9BDE8F8831D23A07CF0
:10C9B40063740028F8D0207C012100F097FDFF214A
:10C9C400304600F0FDFD304600F0B0FD002318466F
:10C9D400A374BDE8F8834A464146304600F0DEFDC4
:10C9E400207538B9304600F0CDFD304600F0CAFD60
:10C9F4000120D9E72523D4E73CC20120F0B5002764
:10CA040083B00C2104463A46C77400F05BF8B0B911
:10CA1400A67C1EB90126304603B0F0BD05460121AF
:10CA2400207C00F063FD201DFF21019000F0C8FD73
:10CA3400019800F07BFD3046A57403B0F0BD0923D6
:10CA4400A67C6374002EE6D0251D207C01213E4681
:10CA540000F04CFDFF21284600F0B2FD284600F00E
:10CA640065FD3046A77403B0F0BD00BFC27C022A46
:10CA740003D0012A04D00120704703685B6E184775
:10CA8400FFF7BCBF38B503680D460D4904461A6A62
:10CA94008A420CD1C27C022A04D0012A0BD0012084
:10CAA400257738BD5B6E98470028F8D138BD90478C
:10CAB4000028FBD0F3E7FFF7A1FF0028F6D0EEE74C
:10CAC4009DAA00002DE9F041036882B00F46354964
:10CAD400019206461A6A8A425ED1C27C022A41D079
:10CAE400012A5BD0B47C002C47D0351D0C2F11D00B
:10CAF400DFF8B480D8F8004004F59674A4B204E0DA
:10CB0400D8F80030E31A1A0434D4284600F03AFD69
:10CB1400FF28F5D10DF1040802AC47F04001284686
:10CB240000F04EFD14F8011D284600F049FDA04513
:10CB3400F8D1002F28464FF00A040CBF9521872115
:10CB440000F03EFD284600F01DFD2846013C00F0A3
:10CB540019FD0306A4B2307501D5002CF5D102B03D
:10CB6400BDE8F0815B6E98470028BBD1FF2002B07E
:10CB7400BDE8F081002FCDD0F8E7351D284600F040
:10CB8400B7FC2146307C00F0B1FCFF21284600F0C0
:10CB940017FD0123B374A9E79047E5E7FFF72EFFDC
:10CBA400E2E700BF9DAA00003CC201202DE9F04746
:10CBB40088B005464FF00008174601AC2E1D85F8D5
:10CBC400128085F8118085F8158084E80E009DF8A0
:10CBD4000400287400F086FC0121287C00F086FC07
:10CBE4006C490723C5E9021394E8070005AB83E801
:10CBF400070030460ECB00F085FCAC7C85F8138032
:10CC0400002C67D00A240121287C00F06FFCFF214E
:10CC1400304600F0D5FC611E11F0FF04F7D1214627
:10CC24000A24287C00F062FC002228461146FFF703
:10CC340049FF012804F1FF3304460AD013F0FF042E
:10CC4400F2D10123A87C6B74002851D108B0BDE84F
:10CC5400F0874FF4D57208212846FFF733FF4207C7
:10CC640057D56C752B68DFF830A19B6D534561D1A6
:10CC7400687DA0F10204DFF82491B4FA84F4D9F8B1
:10CC84000030640903F5FA68A4071FFA88F805E080
:10CC9400D9F80030A8EB03031B0449D43721002240
:10CCA4002846FFF70FFF224629212846FFF70AFFEF
:10CCB4000028EDD12B689B6D534565D1687D022812
:10CCC40049D0AB7CCBBB07230120C5E9027308B074
:10CCD400BDE8F087304600F00BFC2146287C00F0CC
:10CCE40005FCFF21304600F06BFC0123AB7489E79F
:10CCF400287C012100F0FAFBFF21304600F060FCA3
:10CD0400304600F013FC00231846AB7408B0BDE8AD
:10CD1400F087022304246B75304600F033FC631E55
:10CD2400287513F0FF04F7D1AA289BD0062389E7BE
:10CD3400172387E7284698479BE70121287C00F0C2
:10CD4400D5FBFF21304600F03BFC304600F0EEFB03
:10CD54000023AB74B7E700223A212846FFF7B2FE5E
:10CD6400A8B9304600F00EFC00F0C000C02801D184
:10CD740003236B75304600F005FC304600F002FCDE
:10CD8400304600F0FFFB9CE72846984797E71223BC
:10CD940058E700BF801A060099A700003CC2012092
:10CDA400F8B500220D463A210646FFF78BFEE0B99E
:10CDB400371D2C1D384600F0E5FB04F8010DA54293
:10CDC400F8D1B47C14B901242046F8BD307C01218B
:10CDD40000F08CFBFF21384600F0F2FB384600F0EF
:10CDE400A5FB00232046B374F8BD1223B47C7374EE
:10CDF400002CE9D0341D307C012100F077FBFF21A9
:10CE0400204600F0DDFB204600F090FB00231C468A
:10CE1400B3742046F8BD00BF70B5164682B0002238
:10CE24000446FFF74FFEB0B11B236374A07C08B91E
:10CE340002B070BD251D207C012100F057FBFF21AD
:10CE4400284600F0BDFB284600F070FB002318467E
:10CE5400A37402B070BD0546102231462046FFF788
:10CE640087FD0028E2D0A67C002EE1D0207C0121A1
:10CE740000F03CFB201DFF21019000F0A1FB019874
:10CE840000F054FB3046A57402B070BD0368254A17
:10CE9400DB6C934200B585B00FD16A460921FFF7D8
:10CEA400BBFF38B19DF8003013F0C00308D0402B0D
:10CEB40027D0002005B05DF804FB69469847F0E7E9
:10CEC4009DF809309DF80A2003F003039DF806102D
:10CED4009DF807005B0001F0030180009DF808C085
:10CEE40043EAD2139DF8052040EA812002F00F02A4
:10CEF40040EA9C1013440130073B984005B05DF8AC
:10CF040004FB9DF809009DF8073001309DF80820C6
:10CF140003F03F0300EB034000EB0220800205B066
:10CF24005DF804FB79B2000003680A4630B59B6DD6
:10CF340083B0164D0446AB4224D1407D03284FF004
:10CF44001201204618BF5202FFF7BCFD20B901238D
:10CF54001846E37403B030BD0C23A07C637400282E
:10CF6400F8D0251D207C012100F0C0FAFF212846BD
:10CF740000F026FB284600F0D9FA00231846A374D3
:10CF840003B030BD01919847019AD7E799A70000F3
:10CF9400F8B51446C27C06460D46012A1F4602D146
:10CFA40083698B4205D029463046FFF7BDFF80B127
:10CFB400B56187B1002501E0AF420CD021464FF4A2
:10CFC40000723046013504F50074FFF7D1FC0028E7
:10CFD400F2D10020F8BDB369307F3B44B36100282F
:10CFE400F8D13046BDE8F840FFF708BD2DE9F84F09
:10CFF4009B46C37C06460C46012B1546DDF828905B
:10D00400DDF82C8002D183698B4205D0214630465D
:10D01400FFF78AFFB0B1B461BBF1000F15D004EB88
:10D024000B0A02E0C847A2450FD04FF4007229460C
:10D034003046FFF79DFC0746424620462946013408
:10D04400002FEFD10020BDE8F88FB369307F5B4437
:10D05400B3610028F7D13046BDE8F84FFFF7CEBCE6
:10D0640003682DE9F0415F69164B9F421FD1C37CD1
:10D0740004460D461646012B02D18369994205D018
:10D0840029462046FFF750FF70B1A5614FF40072A6
:10D0940031462046FFF76CFC30B1A369207F013391
:10D0A400A36148B1BDE8F0810020BDE8F081BC4631
:10D0B4000123BDE8F04160472046BDE8F041FFF799
:10D0C4009DBC00BFC1AF000003680A4630B59B6D2C
:10D0D40083B0164D0446AB4224D1407D03284FF063
:10D0E4001901204618BF5202FFF7ECFC20B90223B5
:10D0F4000120E37403B030BD0E23A07C63740028C8
:10D10400F8D0251D207C012100F0F0F9FF212846EC
:10D1140000F056FA284600F009FA00231846A374D2
:10D1240003B030BD01919847019AD7E799A7000051
:10D1340003682DE9F043DB6C1746414A85B0044689
:10D144000E46934245D16A460921FFF765FE05461E
:10D15400B5B19DF80A305A0618D5637D032B01D06A
:10D1640076027F02324620212046FFF7ABFC28B925
:10D174003A4621212046FFF7A5FC70B326236374A9
:10D18400A57C9DB9284605B0BDE8F08303F03F03B4
:10D194009DF80B205B0043EAD2137A1C32431342FE
:10D1A400DBD02723A57C6374002DEBD0251D207CC8
:10D1B400012100F09BF9FF21284600F001FA2846DE
:10D1C40000F0B4F900231D46A374284605B0BDE859
:10D1D400F083694698470546BAE702462621204669
:10D1E400FFF770FC0028C9D1DFF8588042F21077AD
:10D1F40004F10409D8F800301F44BFB204E0D8F8A1
:10D204000030FB1A1B0417D4484600F0BBF9FF2872
:10D214000646F4D1A37C002BB4D00121207C1D460A
:10D2240000F064F93146484600F0CAF9484600F077
:10D234007DF90023A374A5E728236374A0E700BF46
:10D2440079B200003CC2012070B5002282B00E46C3
:10D2540009210446FFF736FCB0B11B236374A07C9C
:10D2640008B902B070BD251D207C012100F03EF9F3
:10D27400FF21284600F0A4F9284600F057F90023BE
:10D284001846A37402B070BD0546102231462046EC
:10D29400FFF76EFB0028E2D0A67C002EE1D0207CB4
:10D2A400012100F023F9201DFF21019000F088F9ED
:10D2B400019800F03BF93046A57402B070BD00BF80
:10D2C40070B5002282B00E460A210446FFF7FAFB2D
:10D2D400B0B11B236374A07C08B902B070BD251DD6
:10D2E400207C012100F002F9FF21284600F068F9B2
:10D2F400284600F01BF900231846A37402B070BD41
:10D304000546102231462046FFF732FB0028E2D0C2
:10D31400A67C002EE1D0207C012100F0E7F8201D3E
:10D32400FF21019000F04CF9019800F0FFF830461D
:10D33400A57402B070BD00BF70B5051D1646044645
:10D34400284600F03DF94FF400723146284600F0BB
:10D3540041F9FF21284600F033F9FF21284600F067
:10D364002FF9284600F00EF900F01F032075052B55
:10D3740004D02023A07C637410B970BD012070BD5B
:10D38400207C012100F0B2F8FF21284600F018F9B2
:10D39400284600F0CBF800231846A37470BD00BFE4
:10D3A4002DE9F041174D06460F4600F104082C689C
:10D3B40004F51674A4B203E02B68E31A1B040CD41E
:10D3C400404600F0DFF8FF28F6D13A46FC2130460B
:10D3D400FFF7B2FF18B1BDE8F08124237374B07C69
:10D3E4000028F8D0307C012100F080F8FF2140466D
:10D3F40000F0E6F8404600F099F800231846B374AC
:10D40400BDE8F0813CC20120036870B59B6D1646EF
:10D41400224A82B004460D4693423CD1407D032803
:10D424004FF01801204618BF6D022A46FFF74AFB49
:10D434000546B0B10D236374A07C08B902B070BD79
:10D44400251D207C012100F051F8FF21284600F021
:10D45400B7F8284600F06AF800231846A37402B00F
:10D4640070BD3246FE212046FFF766FF0028E3D058
:10D47400A67C002EE2D0207C012100F037F8201D8C
:10D48400FF21019000F09CF8019800F04FF830461D
:10D49400A57402B070BD9847C1E700BF99A700000A
:10D4A40010B4047F34B104680123A46AA4465DF86F
:10D4B400044B60475DF8044BFFF7A6BF10B584B07A
:10D4C40004460DF1040C8CE80E009CE80E00FFF7F6
:10D4D4006DFB20B19DF8053003F00103237704B000
:10D4E40010BD00BF012100F067BF00BF00F028BFDE
:10D4F40008B5034653F8040B93E80600F4F768FFF5
:10D5040008BD00BF84B00DF1100C0CE90E000246FA
:10D5140023B11846136004B000F0B2B9024B1846A8
:10D52400136004B000F0ACB9FCCD00200268D37CD9
:10D5340013B3D80704D5906A4FF0E021C1F8000175
:10D54400990704D5D06A4FF0E021C1F804015807C7
:10D5540004D5106B4FF0E021C1F80801190704D578
:10D56400506B4FF0E021C1F80C01DB0604D5926B3F
:10D574004FF0E023C3F81021704700BF006800F0AB
:10D584009DBA00BF0268FF2312685366D36D13F47B
:10D59400F81FFBD0506FC0B2704700BF30B50C46C7
:10D5A40083B00546FF21204601922CF0D3FF286862
:10D5B400019B2246214600F07DFA002003B030BDD5
:10D5C40003681A685166D36D13F4F81FFBD0536FC8
:10D5D400704700BF531EB3F5007F30B51446ADF558
:10D5E400017D054611D36AB10368481E1968821883
:10D5F40010F8013F4B66CB6D13F4F81FFBD090423B
:10D604004B6FF5D10DF5017D30BD684602F0B2F8DF
:10D614006A4623462868114600F04CFA0DF5017D50
:10D6240030BD00BF90F81CC04160BCF1020FC26065
:10D6340001D18368184701F0ADB900BFF0B40468A4
:10D6440040F201251E462561A3B121B311F8015B07
:10D65400013B6566256FAF0707D41546013E676F2A
:10D664001AB105F8017B2A4604686569ED07F1D50E
:10D67400002BEAD16EB10368196F8907FAD41146F9
:10D68400013E5B6F002AF5D001F8013B0A46002EEB
:10D69400F1D1F0BC704790F83C50D9E7324B334994
:10D6A40030B5D3E911542079C8771A6C95F804C0C1
:10D6B40081F81CC0087752B1B2F5004F23D32C492E
:10D6C40011442A4A1964D07682F81BC030BD196807
:10D6D4000F24D86C8C6540F20134CA610C614FF49C
:10D6E4007C544C6103210468246883F83D10214B69
:10D6F4009C4226D1037F4260022BC26026D18368FC
:10D70400BDE8304018472D68E98B090422D492B251
:10D71400EA832168EC8BA4B2EC82CC8B240405D57B
:10D72400CC8BC2F3080204F47E442243CA83CA8B1E
:10D7340092B2CA8200210D4A1964D07682F81BC0C5
:10D7440030BD23461146BDE830401847BDE830409F
:10D7540001F020B9E98BC2F3080E92B201F47E41C4
:10D7640041EA0E01E983D4E74CCE002000800E404C
:10D774000180FFFF55B60000324B334930B5D3E981
:10D7840011542079C8771A6C95F804C081F81CC02C
:10D79400087752B1B2F5004F23D32C4911442A4AD9
:10D7A4001964D07682F81BC030BD19680F24D86C78
:10D7B4008C6540F20134CA610C614FF47C544C61B5
:10D7C40003210468246883F83D10214B9C4226D130
:10D7D400037F4260022BC26026D18368BDE83040DB
:10D7E40018472D68E98B090422D492B2EA83216890
:10D7F400EC8BA4B2EC82CC8B240405D5CC8BC2F385
:10D80400080204F47E442243CA83CA8B92B2CA82B9
:10D8140000210D4A1964D07682F81BC030BD23461E
:10D824001146BDE830401847BDE8304001F0B2B8B9
:10D83400E98BC2F3080E92B201F47E4141EA0E0173
:10D84400E983D4E7FCCD002000800E400180FFFF77
:10D8540055B600000023C0E90012C0E90233C0E954
:10D864000433C0E90633C0E90833C0E90A33C0E928
:10D874000C3383638387C0E91033C0E912337047E4
:10D8840043682DE9F04FD3E90041814D4FF0B80AC8
:10D8940022684FF0020822EA01027E492260AA6946
:10D8A40011407D4A0A43AA6190F810E07B4A03EBD9
:10D8B4000E0603EB8E0E317C02EB01118968C1F870
:10D8C40000A090F811C003EB0C0503EB8C0C95F849
:10D8D400201002EB01118968C1F800A0817C03EBE0
:10D8E400010903EB810199F830B002EB0B1BDBF863
:10D8F40008B0CBF800A0D4F800A05F684AEA070A91
:10D90400C4F800A0347CDEF814E002EB041464686C
:10D91400C4F800E095F82040DCF824C002EB0414BD
:10D924006468C4F800C099F8304002EB04125268ED
:10D93400496B1160DA6B99F838101160DA69317E3D
:10D94400DB6A116095F828201A600F220368C3F877
:10D9540010809A65C27C002A31D072B6C37CDC0781
:10D9640008D54FF0E0214469D1F880212240826239
:10D97400C1F88021990708D54FF0E0218469D1F8D6
:10D9840084212240C262C1F884215A0708D54FF08D
:10D99400E021C469D1F8882122400263C1F88821BA
:10D9A4001F0708D54FF0E021046AD1F88C212240EA
:10D9B4004263C1F88C21DE0655D462B60368384C44
:10D9C4008268A24259D0324A846092693549C2F3CE
:10D9D4000116C2F38262344D51F826100132B1FBB4
:10D9E400F2F2AA4231D80022C260002403211C6151
:10D9F4000724596201211A641C661961C37C13B39C
:10DA0400DD0704D5816A4FF0E022C2F800119C07BB
:10DA140004D5C16A4FF0E022C2F80411590704D5B5
:10DA2400016B4FF0E022C2F808111A0704D5416BCC
:10DA34004FF0E022C2F80C11DB0604D5826B4FF0E4
:10DA4400E023C3F81021BDE8F08F1849A1FB02516F
:10DA5400090DB2FBF1F2A24288BF0131B1F5817F19
:10DA64000DD3134AC0E74FF0E022416AD2F8903157
:10DA74000B408363C2F890319FE7C268B5E702297F
:10DA8400B1D902394C08220242EA04420A43ABE704
:10DA940000C00F40CFFFFFE310000008F49B0020FC
:10DAA40000093D00108D0020FF083D0083DE1B436C
:10DAB400FF7F7F000BB1FFF7C1BD70474368D3E917
:10DAC40000120968114200D1704710B5026804467B
:10DAD400002005211061227C1344187C00F06CFCAA
:10DAE400627C63680521134493F8200000F064FC11
:10DAF4006368A27C05211344BDE8104093F830000C
:10DB040000F05ABC08B5084A08490948FFF7A2FEC4
:10DB1400084A09490948FFF79DFE094A09490A4884
:10DB2400FFF798FE08BD00BFDC7F002000003A40EC
:10DB3400FCCD00208C7F002000C039404CCE00205A
:10DB44003C7F0020004039409CCE00201C2839D85E
:10DB5400F8B51D4F04463B7893B91C4B1B5DFF2B56
:10DB64001FD01C061FD41A4C2360236AD80704D480
:10DB740004F0B6FB236AD907FAD5154B586AF8BDE9
:10DB8400134D144E01E004F0ABFBAB6C1B06FAD44E
:10DB9400B36C13F08003F6D13B700C4B1B5DFF2B71
:10DBA400DFD10020F8BD0B4C03F07F032360236A10
:10DBB400DA0704D404F094FB236ADB07FAD5054B97
:10DBC400586AF8BD002070471EC40120DCA0002064
:10DBD40000400C4000800C40082830B422D00A28B1
:10DBE4000CBF4FF405714FF44671104C104D636C2B
:10DBF400626C2B400F4802F003021A43636C03F07B
:10DC0400E00313430B436364436C426C2B4002F008
:10DC140003021A43436C03F0E0031343194330BC7B
:10DC2400416470474FF44071DFE700BF00400C408F
:10DC340000FCFFFF00800C404FF0E0234022C3F8BB
:10DC440008227047F8B5144B144D1C686E689CB1DB
:10DC5400237A20466BB123686F681B6898476B680A
:10DC6400E188DB1BC3F38F12B1EB931FA28038BF93
:10DC7400E2806469002CEBD1084B094A5B68108888
:10DC84009B1B084CC3F38F11B0EB931F218038BF4B
:10DC94001180BFF34F8FF8BD5CDD0020001000E061
:10DCA400FAC30120F8C3012030B472B6244D254CC8
:10DCB4002A8804F1700104EB82038B423CD204F104
:10DCC4006F01501CC91A00EB910002E0013282423C
:10DCD40032D09C4653F8041B0029F7D0B1FA81F0E6
:10DCE4004FF00043C34021EA0301CCF8001001B90E
:10DCF4000132154B2A801A88013291B2198062B61A
:10DD0400ACEB040C41F67C73C0EB00644FEAAC0C42
:10DD1400C0EB841001240CEB8C1C03EBCC1303EB41
:10DD240080030A480068C4541844094B1C88944270
:10DD340030BC38BF1980704762B6002030BC7047D1
:10DD4400FCC3012060DD0020F4C3012058DD002065
:10DD5400F6C30120428872B60378012B03D9013B34
:10DD6400037062B67047D14353090B484FF0004229
:10DD740001F01F01CA4050F823100A430749B1F8C3
:10DD840000C040F823209C45054A88BF0B801388B7
:10DD9400013B138062B6704760DD0020FCC30120A4
:10DDA400F4C30120C36813B91DE0DB68E3B1187A3A
:10DDB4009042FAD110B4586893F809C0006950F839
:10DDC4002C4054B1DB682BB1187A9042F3D0DB6855
:10DDD400002BF9D15DF8044B704740F82C100878FB
:10DDE40001300870EEE77047704700BF437A8B42FA
:10DDF40006D90369002253F8210043F82120704713
:10DE04000020704738B5437A8B421BD9036900223E
:10DE140053F8214043F82120A4B12378012B01D8E1
:10DE2400204638BDFFF740FF054628B14FF4807205
:10DE3400211D043001F09EFC2378013B23702C4605
:10DE4400204638BD0024204638BD00BF00220449C6
:10DE5400C0E90022028102740A680860C260704747
:10DE6400D0DD0020037CFBB903680146FBB14368A5
:10DE7400EBB1427A5B7A9A421CD230B472B62B4B25
:10DE84001C68ECB1E368C3B1486801E0DB68A3B186
:10DE94005A688242FAD193F809C04A7A9445F5D176
:10DEA40062B6042030BC7047012062B6704703207C
:10DEB40062B67047022062B670476469002CE1D1F3
:10DEC4001B4C236843B1994202D10BE0994207D01D
:10DED4001A46DB68002BF9D1052062B630BC7047C6
:10DEE40002F10C040D68E868E8B1C3681BB908E0E6
:10DEF400DA683AB1134681421846F9D162B606206F
:10DF0400D0E70346D960CB68002023600123C860B2
:10DF1400AA7A2B721A44AA724A68947A13721C441D
:10DF240094720B74D9E7E960EDE700BF5CDD002073
:10DF3400D0DD002010B5047C9DF808E00CB1012070
:10DF440010BD027280F809E0C0E90013BDE810407A
:10DF5400FFF788BFA249A34B88422DE9F047A24CA2
:10DF64005E699A69D4F80C801BD9A04B984240F2A0
:10DF74000281C31A9E491B0AA1FB031340F22761C5
:10DF8400DB0903EB830303EB830303F2E2438B42DA
:10DF940028BF0B46A3F54877964BA3FB0737FF082A
:10DFA40004E0954FB8428CBF0E2706278D4908F030
:10DFB4001F09D1F88030B94543F0C003C1F880305F
:10DFC4000CD228F01F08A1F5F82148EA0708C1F887
:10DFD4000C800B68002BFCDA08F01F0916F00073A4
:10DFE40024D186490C698649A14300F0EA8082F471
:10DFF400805134464FF4805514F0605F04D026F00D
:10E0040060561E43774B5E6111F4405F07D022F4E3
:10E01400405274492A438A618B6C1A07FCD446F037
:10E024000076704A5661936C9B06FCD4754CA042F2
:10E0340000F2CE804FF0010C0146634603FB01124F
:10E0440003F1010E0CF10105A24218D8BEF1080F2C
:10E054004FF0010340F08D80BCF1040F00F2918079
:10E064000A18A24200F2A48005FB00F1AC4603F1B9
:10E07400010E03FB01120CF10105A242E6D90CF1D9
:10E08400FF318C0286EA81215F4810445F4A904246
:10E094007FD9DFF8A4A16C225D48584DB0FBFEF097
:10E0A400D5F800E0B0FBFCF0DFF890C10EEA0C0CF0
:10E0B400D44509D042F400524FF4805CC5F800C046
:10E0C4002A602A68002AFCDA464A156905F0070521
:10E0D4009D4203D01361936CDD03FCD411F4E05F23
:10E0E40009D026F4E05604F4E0543E4A264356612F
:10E0F400936C9907FCD44749474A014491423CD860
:10E10400464BC909A3FB0131090B4B1E1B0286EACE
:10E11400030212F4407F06D026F4407603F44073E1
:10E12400304A334353612F4A536923F000735361D8
:10E13400936C9B06FCD43A4B4F45A3FB00234FF052
:10E14400FF324FEA9343B0FBF1F1B2FBF3F3354AEC
:10E154001060354A1160354A136008D228F01F0850
:10E16400214A48EA0707D7601368002BFCDABDE8A8
:10E17400F087734662E7122718E74FF440730421CF
:10E18400C5E70CF1FF31204807238C02104486EACE
:10E194008121274ADFF8A8A0A2FB0020020D254810
:10E1A400362A38BF362202FB00F042EA0A0A74E734
:10E1B4004FEA8C24002386EA8C214FF0010EAC46F2
:10E1C40062E71D4686F0C05411464FF0C05313E772
:10E1D40000244FF0010C024631462346E64653E73D
:10E1E40000A4781F00C00F40000008400046C3236D
:10E1F40023B24C001F85EB5100366E0100800D40A8
:10E2040040300080FFB19F26808D5B00FF7EF64D7D
:10E2140000643F4D7FD1F0087F17B42C9F10E500B8
:10E2240083DE1B433CAC002038AC0020B844012002
:10E23400819F5E16001BB7006C2000807F30018038
:10E244000020008000B970472DE9F84F0121814674
:10E25400214C224D224E54E8003F2A68306844E89D
:10E264000013002BF7D11F494B684FF47A7BDFF87A
:10E2740078A01B1A01270BFB02F8DAF80020A3FB95
:10E2840002325A4594BF9044D84454E8003F2A6867
:10E29400306844E80073002BF7D14B68DAF800C00B
:10E2A4001B1A0BFB02F2A3FB0C3CBCF57A7F94BF58
:10E2B400624402F57A72A2EB0802B2F57A7F06D3C1
:10E2C400B9F1010908F57A78DFD1BDE8F88F04F0D7
:10E2D40007F80449D9E700BF40C201203CC201202D
:10E2E40038C20120001000E0B844012030B40F4BC4
:10E2F4004FF0010C0E4D0F4C53E8002F2868216895
:10E3040043E800C2002AF7D10B4B5B680B4A5B1A47
:10E314004FF47A71126801FB00F0A3FB023230BCA7
:10E324008A4294BF80184018704700BF40C2012041
:10E334003CC2012038C20120001000E0B844012092
:10E34400272816D80201104B03EB00109B5810B479
:10E35400C2685C68144205D061B95DF8044BC3F827
:10E3640088207047836851B1084A5DF8044B1A60ED
:10E37400704770475DF8044BC3F884207047044A23
:10E384005DF8044B1A607047F49B002038F00100DC
:10E394003830010027280BD8064B020103EB00108C
:10E3A4009A58C36892681A4214BF0120002070472B
:10E3B40000207047F49B0020272829D8164B02011F
:10E3C400012903EB00109A5810B45368C4680ED0A6
:10E3D40004290CD023EA040353608368A9B10229F9
:10E3E40017D003290CBF0D4A0D4A1A6007E02343D6
:10E3F40001295360836808D040F638021A604368E4
:10E4040015225DF8044B1A60704738221A60F6E74B
:10E414007047044A1A60F2E7F49B00203830010088
:10E424003800010038F0010030B472B621B9036835
:10E4340013B102790F2A3BD9244C2188002341FAD5
:10E4440003F212F0010208D00133102BF7D162B6A7
:10E4540000220371026030BC70474FF0010C0CFACB
:10E4640003FC41EA0C01218062B619495FFA83FC7E
:10E47400184C194480F804C04B01E16F41F0C0010D
:10E48400E16740F2824414490C6081F81AC081F8B3
:10E494001EC081F818C081F81FC0036030BCC3E9F6
:10E4A4000022C3E90222C3E90422C3E90622704719
:10E4B400064C218841FA02F5ED07BFD5044D1544F9
:10E4C400B3EB451FBAD162B6C5E700BFFEC3012056
:10E4D4008074000200C00F4000800E4003790F2BAF
:10E4E40011D8094A937672B60849012290F804C0FB
:10E4F4000B8802FA0CF223EA02030B8062B61022A4
:10E50400002302710360704700800E40FEC30120A7
:10E5140030B4124A0020124B0121124D124CC2F8A1
:10E52400F032C2F8F402C2F8B810C2F8A000C2F87F
:10E53400A450C2F8B0105369DB07FCD551612378AD
:10E54400DB07F0D41368054943F0010313600B683B
:10E55400DB07FCD462B630BC704700BF00802A40A1
:10E564000504012401000F0000812A4070B50E4CFF
:10E574004FF6FF7E0D4E04F11E05A6F580530021D3
:10E5840002E0B34281B204D21A88481C02337245B5
:10E59400F7D124F8021FAC4206F58056EDD1044BA6
:10E5A40001221A7070BD00BFBA44012000101F6020
:10E5B40020C40120B0F56F6F2CD8174B10B51B7811
:10E5C400044623B3A008154B04F00301144CA3FB29
:10E5D4000023144ADB08C3EB031E9C46A0EB0E0386
:10E5E40041EA8C01FF2034F813C01A444FEA4C0C62
:10E5F40013030CEB023CBCEB023F07D91A8802332D
:10E60400D4B28C4208BF100A9C45F7D810BDFFF75E
:10E61400ADFFD7E7FF20704720C401208988888890
:10E62400BC440120F0010600F8B50546FFF7C2FF1F
:10E634000646681CFFF7BEFF0746A81CFFF7BAFF93
:10E644000446E81C2404FFF7B5FF44EA07243443D6
:10E6540044EA0060F8BD00BF62B170B505460C46DF
:10E664008E1820460134FFF7A5FF05F8010BB442CC
:10E67400F7D170BD704700BFF8B50F46164672B6A5
:10E68400344B40F20641344A9A610222DA61002294
:10E69400C3F8A020C3F8F012C3F8F422C3F8F82298
:10E6A400C3F8FC224FF47022C3F8A4200122C3F85B
:10E6B400B02020F01F038219BFF34F8F4FF0E024E6
:10E6C400C4F85C3F20339A42FAD8BFF34F8FBFF3AC
:10E6D4006F8F204D6B69DA07FCD501231F49B2B255
:10E6E40020F07F406B6142F47022C5F8F01242F2D0
:10E6F4000121184CC5F8F412C5F8BC30C5F8A000C7
:10E70400C5F8A420C5F8B030154D01E05B0609D466
:10E71400636913F00100F9D041236361BDE8F84057
:10E72400FFF7F6BE082E0AD836B1324639463744CA
:10E734000646284601F01EF840236361E8E7A6F187
:10E74400080008263946324637440646284601F072
:10E7540011F8F1E700802A40F05AF05A3204180800
:10E7640080812A4010B472B6284B0221284C002222
:10E774009C614FF47024D96140F20641C3F8F01251
:10E784000121C3F8F422C3F8F822C3F8FC22C3F829
:10E79400A020A2F58052C3F8A4400240C3F8B010F0
:10E7A400BFF34F8F02F5805102F120034FF0E02CAC
:10E7B400994234BF0121802102EB41118B42CCF8F4
:10E7C4005C2F1A4603F12003F8D1BFF34F8FBFF338
:10E7D4006F8F0E4A5369D907FCD501240D490E4B9E
:10E7E40054610340C2F8F0124FF470200749C2F894
:10E7F400A030C2F8A400C2F8B0404B69DB07FCD5D6
:10E8040001235DF8044B4B61FFF782BE00802A4070
:10E81400F05AF05A2004180800F0FF00B0F56F6FAA
:10E8240000F28680444B2DE9F0471B78C2B00546C0
:10E834008946002B79D0AB08404E05F00305404FC4
:10E84400A6FB0326F60845EA8605C6EB06169E1BBC
:10E854003C4B37F81640334460004FEA033800EB72
:10E864000330B0EB033F64D943464FF0FF0C1A88E2
:10E874000233D1B2A94208BF4FEA122C9842F6D80B
:10E88400E14541D0B4F5006F41D302AC4FF480723E
:10E89400FF2120462BF05EFE08F5805008F10203AC
:10E8A4004246984234BF01204FF4006008EB400018
:10E8B400134602321B888242D9B24FEA13236354AF
:10E8C400F6D104F805900DF107090DF2071A002599
:10E8D4004C464046FFF746FF14F801CF08EB4500CD
:10E8E40002220DF10601631EBCF1FF0FA3EB090325
:10E8F40006D043EA0C230135ADF80630FFF7BCFE21
:10E90400A245E9D127F8165042B0BDE8F08745EAA0
:10E91400092502A902220134ADF80850FFF7ACFE24
:10E9240027F8164042B0BDE8F087FFF71FFE82E7E4
:10E9340070474FF0FF0CA3E720C401208988888822
:10E94400BC440120F001060038B50C460546C9B2A6
:10E95400FFF764FFC4F30721681CFFF75FFFC4F3EC
:10E964000741A81CFFF75AFFE81C210EBDE83840F8
:10E97400FFF754BF62B170B505460C468E182046A9
:10E98400013415F8011BFFF749FFB442F7D170BDFC
:10E99400704700BFEFF3108272B6437F5BB9017F0B
:10E9A400012930B40BD0032913D00123437702B9D2
:10E9B40062B630BC70470AB962B670477047124CF1
:10E9C4002168B1B1114943610B68086083615861E2
:10E9D400EBE70F4D0F492C688CB143610B688361E1
:10E9E40058614FF0E0234FF080540860C3F8044DA1
:10E9F400DBE7064B20601860C0E90511D5E7C0E9E4
:10EA040005442860EDE700BFE8DD0020F4DD0020C8
:10EA1400F0DD0020ECDD002070B5EFF3108272B65B
:10EA24000C4C206880B10C4E00254369236073B1FF
:10EA34009D6102B962B6836845779847EFF3108207
:10EA440072B620680028F0D102B962B670BD336096
:10EA5400EFE700BFF0DD0020ECDD0020FFF7DCBFB6
:10EA64000449054A4968054B19601368013313606A
:10EA7400704700BF001000E03CC2012038C20120F2
:10EA8400B0F84630B0F848209BB292B2934202D21A
:10EA9400013AD01A7047416B01390A44D01A7047C1
:10EAA40072B6B0F84A20B0F84C3092B29BB29A4297
:10EAB4003CBF816B5218D31A0269D06A62B6C0F3A4
:10EAC40002601844704700BFB0F84A100246B0F81C
:10EAD4004C3089B29BB2994210D00133906B116BC8
:10EAE400984298BF0023994203D9126AD05CC0B2FD
:10EAF40070475B1A526AD05CC0B2704772B6B0F805
:10EB04004A0080B2814201D062B6E6E71369D96A4D
:10EB140011F0E06F03D14FF0FF3062B67047DB694C
:10EB240001204FF0000C116AA2F84A00C3F3090057
:10EB3400DBB2A2F84CC04B70EFE700BFB0F84A104C
:10EB44000246B0F84C3089B29BB2994226D00133C8
:10EB540030B4946B9C4216D9106B1FFA83FC984214
:10EB640017D9106AC05CC0B2956DA2F84CC045B10B
:10EB740099421CD3CB1AD16B994202D3D36DC5F8F9
:10EB8400883030BC70474FF0000C106B63469842DD
:10EB9400E7D8181A556A285CC0B2E5E7084672B689
:10EBA400B2F84A1089B2884204D062B6CFE70C4466
:10EBB400E31AE0E71369DA6A12F0E06F03D14FF069
:10EBC400FF3062B67047D869C0F30900F9E700BFA7
:10EBD40090F8443043B110B5044603F081FB94F837
:10EBE4004430002BF9D110BD704700BFEFF3138000
:10EBF400B8B9EFF310834BB9EFF305823AB94FF488
:10EC04008073EFF3118050B1984208D270470F2AF5
:10EC1400F7D9054B9B5CEFF311800028F4D118461B
:10EC240070474FF0FF30F1E7F0E300E007EE901A91
:10EC34009FED917A0421B6EE005AF8EE677A9FEDC3
:10EC44008F6A41F6FF7CC7EE275A2DE9F0418E46C4
:10EC5400012407EE901AF8EEE77A85EEA77A77EEAC
:10EC6400057AFDEEE77A17EE903A6345A8BF63464E
:10EC7400012BB8BF012307EE903AF8EEE76A76EE6F
:10EC8400C76AC6EE877AF5EEC07AF1EE10FA48BF8D
:10EC9400F1EE677AF4EEC67AF1EE10FA03D8B0EE2C
:10ECA400676A8E461C4601312129D2D1002143696D
:10ECB40002F40075A0F84A10B3F85EC08D42A0F8C3
:10ECC4004C10B3F85C50A0F84610A0F8481080F837
:10ECD4004410816B1E69A1EB0505A1EB0C01C0E991
:10ECE4000F5131685D6941EA0501316014BF0121AA
:10ECF4000021817640F09180057EDFF8988103EB56
:10ED0400051C5F4E9CF8185008EB0515A9686D6842
:10ED14000E60DCF81C602E60DCF8205015B1DCF8C5
:10ED240024602E60457ED92703EB051595F83860DD
:10ED340008EB06118E6849683760ED6B0D60417E03
:10ED440003EB01110D6C0DB1496C29600EF1FF311B
:10ED5400BEF1080F5D684FF00006CCBF4FF0000E07
:10ED64004FF0010E090644EA4E4401F0F8512143E4
:10ED74005C7804F11003046921614249E66041F8BA
:10ED8400235043694FF0010C3F4902F003055C78BE
:10ED940093F85A30635444693C4B617803EB511344
:10EDA40001F01F019B000CFA01F119604FF00211F0
:10EDB4000369D962996A41F088019962510729D49B
:10EDC40045F4701102F00F05042D857E08BF41F053
:10EDD4008041970648BF41F080510DB141F0A00138
:10EDE4001607996103D5196941F0005119615969F0
:10EDF400D50621F0805148BF41F08051D2055961B8
:10EE040003D51A6942F400521A61E3681B78A3B16E
:10EE1400BDE8F0811E492943D4E7417E4FF2D9076A
:10EE24001C4D03EB011191F8386005EB0615AE6833
:10EE34006D683760C96B296081E7174E3478BCB1BF
:10EE4400611E164DC9B22B1F05EB810153F8042F27
:10EE54009042DDD09942F9D1631CDBB2104A337081
:10EE6400137845F8240043F002031370BDE8F081E1
:10EE740001230A4DF2E700BF001BB74BEC78AD60ED
:10EE840038F0010000BC002000E400E04038003805
:10EE940010003C00F49B002016C40120F8DD002083
:10EEA400B2B8002038B54369D3E9041209681142A5
:10EEB4002AD090F84420044632B103F011FA94F8B1
:10EEC4004430002BF9D16369206900210F4A816124
:10EED400207E03EB0010007E02EB00104568052045
:10EEE400286094F819C003EB0C1393F8383002EB44
:10EEF4000312A36D52681060A4F84A10A4F84C10D1
:10EF040013B1E26DC3F8842038BD00BFF49B002028
:10EF1400F8B5036D04460E4613B1426DC3F8842060
:10EF2400A37E33B172B62269936943F000539361AF
:10EF340062B6B4F84650636BADB20135AB424CD8FF
:10EF440000273D46B4F848309BB29D421AD029E0D0
:10EF540021694B691B0210D5B4F84830626B9BB22F
:10EF640001339A4236D99AB2E06A98422DD9E069BF
:10EF7400C35CDBB2CB61A4F84820B4F848309BB240
:10EF8400AB420FD1FFF732FE6369B3F85A308342C4
:10EF9400DEDAFF28F1DD03F0A3F9B4F848309BB2C0
:10EFA400AB42EFD0E36AAB4219D9E369F6B25E55DE
:10EFB40072B60120226984F84400A4F8467093696B
:10EFC40043F40003936162B6F8BD1B1AA06AC35CE4
:10EFD400DBB2CFE700221346C6E7AFB2B2E7ED1AC1
:10EFE400F6B2A36A5E55E3E7FFF792BF026953697D
:10EFF40013F4401F70B5154647D0D36A13F0E06F81
:10F00400C3F3026E3ED0B0F84A40B0F84C50A4B2FC
:10F01400ADB208E0026A02F803C002690EF1FF33E0
:10F0240013F0FF0E1ED0D169631CB0F84CC0866B80
:10F03400C1F309011FFA8CFC9E4298BF00239C4532
:10F04400ECD0026B5FFA81FC1C469A42A3EB0206E9
:10F05400E0D8436A03F806C00EF1FF33026913F0E7
:10F06400FF0EE0D1A3B2A0F84A30836D002B5AD032
:10F07400AC425DD3641B016CA14254D8C16D1546EA
:10F08400C3F884105369DC0248D49669310229D547
:10F0940053691B0226D5B0F846C0B0F848301FFAB1
:10F0A4008CFC9BB206E0C169C95CC9B2D161D16A6A
:10F0B4004C0512D463453FD0446B0133C16A9C4272
:10F0C40098BF00239942A3EB0104ECD8816A095D3F
:10F0D400C9B2D161D16A4C05ECD599B26345A0F8A7
:10F0E40048102CD0710218D553695B0215D5002243
:10F0F400036D80F8442013B1426DC3F88820837EE9
:10F104003BB172B60269936923F00053936162B60E
:10F114000569AB6923F48003AB6170BD536943F4A3
:10F1240080135361B1E753691546DC02ADD5F5E7A9
:10F13400816B491B0C449EE79BB2A0F8483093694D
:10F1440023F400039361936943F480039361C9E753
:10F154000148FFF74BBF00BFECCE002010B4164BA4
:10F164004FF47A74154800229C604021144C1860B6
:10F1740014481C615861144C144883F844201A73D1
:10F184001A839A76A3F84620DC61A3F848205DF838
:10F19400044BA3F84A205A605A629A621862A3F890
:10F1A4004C20C3E90B11C3E90D11C3E90F22C3E9D4
:10F1B4001422C3E916227047ECCE00207089002087
:10F1C40000801940F45000201CD700205CD500209A
:10F1D4000148FFF70BBF00BF4CCF002010B4174B02
:10F1E4004FF47A74002228209C604021144C83F848
:10F1F40044201C60134C1A731C61134C1A835C6109
:10F20400124C9A76A3F84620DC61A3F848205DF8F6
:10F21400044BA3F84A205A605A621A64A3F84C209B
:10F22400C3E90A20C3E90C100948C3E90E121862A5
:10F23400C3E91422C3E91622704700BF4CCF002053
:10F24400708900200000194084AD00205CD70020A4
:10F254009CD500200148FFF7C9BE00BFACCF0020F9
:10F2640010B4174B4FF47A74002228209C6040217C
:10F27400144C83F844201C60134C1A731C61134C07
:10F284001A835C61124C9A76A3F84620DC61A3F8D9
:10F2940048205DF8044BA3F84A205A605A621A6465
:10F2A400A3F84C20C3E90A20C3E90C100948C3E9B8
:10F2B4000E121862C3E91422C3E91622704700BF74
:10F2C400ACCF00207089002000801840BCAC002026
:10F2D40084D70020DCD500200148FFF787BE00BF9B
:10F2E4000CD0002010B4174B4FF47A74002228205D
:10F2F4009C604021144C83F844201C60134C1A7306
:10F304001C61134C1A835C61124C9A76A3F8462054
:10F31400DC61A3F848205DF8044BA3F84A205A6046
:10F324005A621A64A3F84C20C3E90A20C3E90C10FA
:10F334000948C3E90E121862C3E91422C3E916226C
:10F34400704700BF0CD000207089002000C0184016
:10F3540020AD0020ACD700201CD600200148FFF7C8
:10F3640045BE00BF6CD0002010B4174B4FF47A7424
:10F37400002228209C604021144C83F844201C6007
:10F38400134C1A731C61134C1A835C61124C9A76E9
:10F39400A3F84620DC61A3F848205DF8044BA3F8E9
:10F3A4004A205A605A621A64A3F84C20C3E90A201E
:10F3B400C3E90C100948C3E90E121862C3E9142208
:10F3C400C3E91622704700BF6CD00020708900206A
:10F3D40000001A404CAE0020D4D700205CD6002098
:10F3E4000148FFF703BE00BFCCD0002010B4174B78
:10F3F4004FF47A74002228209C604021144C83F836
:10F4040044201C60134C1A731C61134C1A835C61F6
:10F41400124C9A76A3F84620DC61A3F848205DF8E4
:10F42400044BA3F84A205A605A621A64A3F84C2089
:10F43400C3E90A20C3E90C100948C3E90E12186293
:10F44400C3E91422C3E91622704700BFCCD00020C0
:10F45400708900200040184058AC0020FCD70020E0
:10F464009CD600200148FFF7C1BD00BF2CD100206D
:10F4740010B4174B4FF47A74002228209C6040216A
:10F48400144C83F844201C60134C1A731C61134CF5
:10F494001A835C61124C9A76A3F84620DC61A3F8C7
:10F4A40048205DF8044BA3F84A205A605A621A6453
:10F4B400A3F84C20C3E90A20C3E90C100948C3E9A6
:10F4C4000E121862C3E91422C3E91622704700BF62
:10F4D4002CD100207089002000C01940E8AD002024
:10F4E40024D80020DCD60020704700BF272852D83B
:10F4F4000001F0B4314C324D2358AB4250D043D8C4
:10F50400B3F1844F45D0A5F58045AB423AD12D4D9A
:10F5140004442D4E2D486768C0F8B462E0684FF08B
:10F52400E0244FF00056042AC4F810612AD85C691C
:10F5340024EA00045C614FF005043C605C6824EA42
:10F5440000045C60224C54F8224090FAA0F2B2FA13
:10F5540082F245F822106FEA00011DD0DD690F2AFE
:10F5640001EA0501D9611DDC52000325D9689440E4
:10F5740005FA02F221EA02022243DA6098615A692A
:10F5840002435A61F0BC7047124DAB42FAD1124D9E
:10F59400BEE7124DBCE77047DA690243DA61EDE772
:10F5A4000F4DB5E7103A032519695200944005FA46
:10F5B40002F221EA020222431A61DFE7F49B0020EF
:10F5C4000080004290B600202100000000BC002012
:10F5D4004026002000C0004290B7002010B6002052
:10F5E40010B7002010B5134C236813B1124AD16828
:10F5F400E1B9636813B1104AD16999B9A36813B129
:10F604000D4AD16A51B9E3683BB10B4AD16B21B1C0
:10F614000121BDE81040D163184710BD0121D1621A
:10F624009847F0E70121D1619847E7E70121D160CC
:10F634009847DEE760C40020004108400368844620
:10F6440010B473B3002098600120D8601A60234A74
:10F6540023481A44234C121140F822100320224953
:10F6640098609CF8043021488B540B784A78C0F891
:10F6740028429342887828BF1346CA78834228BF19
:10F684000346934228BF1346194C4FF0E0224FF033
:10F694008061012084F87A305DF8044BC2F80C11C3
:10F6A40070471448144CC36E43F44053C36601209E
:10F6B400124B186012480346CCF8000098680028E2
:10F6C400C4D01033A342CCF80030F7D100235DF846
:10F6D400044B1846CCF80030704700BF00BFF7BF9A
:10F6E40060C4002015D60000CCAE002000BC002071
:10F6F40000E400E000C00F404041084000400840E2
:10F7040000410840026822B3124B00214FF0FF0C65
:10F71400134410B51B11104C916044F823100124BC
:10F72400D4600E4A02F803C0137892F801C092F82C
:10F7340002E0634528BF634692F803C0084A734554
:10F7440028BF7346634528BF634682F87A30016058
:10F7540010BD704700BFF7BF60C40020CCAE0020CE
:10F7640000E400E008B515F039FE19F04BF802F09A
:10F77400B7FDFAE7844641EA000313F003036DD1B1
:10F78400403A41D351F8043B40F8043B51F8043B60
:10F7940040F8043B51F8043B40F8043B51F8043B67
:10F7A40040F8043B51F8043B40F8043B51F8043B57
:10F7B40040F8043B51F8043B40F8043B51F8043B47
:10F7C40040F8043B51F8043B40F8043B51F8043B37
:10F7D40040F8043B51F8043B40F8043B51F8043B27
:10F7E40040F8043B51F8043B40F8043B51F8043B17
:10F7F40040F8043B51F8043B40F8043B51F8043B07
:10F8040040F8043B403ABDD2303211D351F8043BA6
:10F8140040F8043B51F8043B40F8043B51F8043BE6
:10F8240040F8043B51F8043B40F8043B103AEDD255
:10F834000C3205D351F8043B40F8043B043AF9D2A6
:10F84400043208D0D2071CBF11F8013B00F8013B79
:10F8540001D30B8803806046704700BF082A13D386
:10F864008B078DD010F003038AD0C3F10403D21A9E
:10F87400DB071CBF11F8013B00F8013B80D331F8D2
:10F88400023B20F8023B7BE7043AD9D3013A11F852
:10F89400013B00F8013BF9D20B7803704B784370BD
:10F8A4008B788370604670472AF0C8BA2AF0CEBAC3
:10F8B4002AF0CCBA01F1FF3C70B56646002400E0A2
:10F8C4000134B0FBF2F502FB1503092B03F1370EEB
:10F8D40003F130035FFA8EFE98BF5FFA83FE904215
:10F8E400284606F801EFEBD2631C0022C818CA545C
:10F8F4007CB162461CF8015F10F8016DA1EB0C03AA
:10F9040002328CF80060013B521A057023449A427B
:10F91400EFDB084670BD00BF031E01DBFFF7CABF63
:10F924004FF02D0C584210B50C4601F801CBFFF7EF
:10F93400C1FF204610BD00BFB4EE400A2DE9F04FD0
:10F94400F1EE10FA164680EAE07207462DED028BBE
:10F95400A2EBE072B0EE408A85B080F14881F0EE0F
:10F96400C07A9FEDC57AF4EE477AF1EE10FA29DDFC
:10F97400B5EEC00AF1EE10FA00F1ED80032A40F36F
:10F9840091800323002FA2EB0302C0F28580B5EE21
:10F99400C08AF1EE10FA00F16A8149214E23462013
:10F9A400F41C3170B070737022B1204620211444CD
:10F9B4002AF0D0FD00232046237005B0BDEC028B55
:10F9C400BDE8F08F89460D4602AA01A948462AF0EF
:10F9D4003FFEDDF804A0044659EA0A0372D101236C
:10F9E4000278A64C9A460193A54BD046342A88BF88
:10F9F4001C46029B002B7DD008F10108A7EB080BE5
:10FA040006EB0805BBF1000F40F3A1805A46202104
:10FA140030465D442AF09EFD06EB0B032D2203F8CD
:10FA2400012BBAF1000F77D1B9F1000F06D01A46B5
:10FA3400302102F8021B2E2159701346AB421FD20B
:10FA4400A44619461CF8012B01F8012BA94218D031
:10FA5400019C2E20013C0BE058700233013CAB4268
:10FA640019460DD21CF8012B01F8012BA94208D02C
:10FA74000194002CF0D00B46013CAB421946F1D363
:10FA84001D46002F6BDB3446002320462B7005B047
:10FA9400BDEC028BBDE8F08F22B130462021164424
:10FAA4002AF058FDB5EEC08AF1EE10FA40F1BD809F
:10FAB4002D2149224E234620341D3170F07072707E
:10FAC400B37077E7CAF10003994557DA4FF001089C
:10FAD400C9F1000A694CC2454046CDF804A0B8BF3C
:10FAE40008F10108BAF1000F52D1029B08F1010894
:10FAF400002B81D1A7EB080B06EB0805BBF1000F27
:10FB040027DD5A46202130465D442AF023FD06EBCA
:10FB14000B03BAF1000F87D0BAF1000F8EDAB9F1F6
:10FB2400000F8BD018462E22302100F8021B5A7089
:10FB340002465346013302F8011BFBD1BAF1000F10
:10FB44000193CAF10003A8BF0123034476E73346B7
:10FB540064E7334665E7042AAADD042312E7B844C0
:10FB6400B8F1000F6FEA08028DDA22EAE27220216E
:10FB74002846013215442AF0EDFC84E72CF0A8FF56
:10FB84008046C245B8BF08F10108BAF1000FACD0F5
:10FB9400BAF1000FBFF62DAFB9F1000F3FF429AF52
:10FBA4000AEB090309F102088342BFF422AFB9F159
:10FBB400000F05DDF2EE047A013D28EE278AFBD121
:10FBC40002AAB0EE480A284603A92AF041FDDDF84E
:10FBD40004A0039B09F101020446A3EB0A03934228
:10FBE4007FF407AF0AF1010ACDF804A001E7B5EEEE
:10FBF400C00AF1EE10FA4CBF04230323934222DA25
:10FC04000028A2EB030218DB10EE103A002B02DAF4
:10FC14002D2306F8013B4E234121F41C33707170EF
:10FC2400B370002A7FF4C1AEC4E649214E224623B4
:10FC3400F41C31707270B370BCE622B130462021DE
:10FC440016442AF087FC18EE103A002B4FF04E03AE
:10FC540005DB4122F41C33707270B370AAE62D21C7
:10FC64004122341D73703170B270F370A2E62D23FB
:10FC740006F8013B91E600BFFFFF7F7F5854002048
:10FC8400A43A0020012A70B508BF0A228AB091B3B1
:10FC94004FF0210E01E05FFA86FE0EF1FF36B1FB54
:10FCA400F2F502FB15145FFA84FC092C0CF13704FD
:10FCB4000CF1300C98BF5FFA8CF40EF1280C88BF5D
:10FCC400E4B29142EC4429460CF8244CE3D24BB103
:10FCD4000EF1FF3E2D225FFA8EFE0EF128036B44D7
:10FCE40003F8242C036801A9CEF122025B68714455
:10FCF40098470AB070BD30224FF0210E8DF82520B0
:10FD0400E5E700BF2DE9F0410C46D1B1EAB18046E8
:10FD14008E1800250E4F04E001F060FFB442054444
:10FD24000CD0D8F8003014F8010B1B68BB42F3D098
:10FD3400014640469847B4420544F2D12846BDE8FE
:10FD4400F0810D462846BDE8F0811546F6E700BF70
:10FD5400F11800002DE9F0418C688AB0DCB100256F
:10FD6400884606462F462B46212201A9404602F02A
:10FD7400FFF9202C2246336828BF202201A93046EF
:10FD84005B68A41A154498470744002CEBD1384605
:10FD94000AB0BDE8F081274638460AB0BDE8F081D4
:10FDA40000B5036883B040F60D2C022201A95B68FC
:10FDB400ADF804C0984703B05DF804FB054B022876
:10FDC40088BF034610B41C68184663685DF8044B8A
:10FDD400184700BF40AC00205AB90368C9B2074AAB
:10FDE4001B68934200B506D108465DF804EB01F0A8
:10FDF400F5BEFFF747BF5DF804EB1847F1180000A4
:10FE04004FF0010C0CFA01FC01EB410100EB411134
:10FE140070B5B1F80EE01FFA8CF5254C1FFA8EFE72
:10FE240024782E010EFB033306F0F006E340B0F80D
:10FE340088417345A4B228BF73463443012AA0F80D
:10FE440088410DD0022A28D0C2B10CF00F02B0F8BC
:10FE540088C11FFA8CFC4CEA020CA0F888C170BD62
:10FE64009BB20CF00F022D02CB82B0F8803105F466
:10FE740070659BB22B43A0F88031E8E7AEEB030E2C
:10FE84000CF00F021FFA8EFEA1F80AE0B0F88031E0
:10FE94009BB21343A0F88031D9E79BB20CF00F0258
:10FEA400CB83B0F880319BB21E43A0F88061CEE7CB
:10FEB400B0B8002001EB4103F6EE006A00EB4313F7
:10FEC400B3F80EC0314B1FFA8CFC93ED007AB8EEF8
:10FED400477A70B5C7EE007A4FF0010E4E000EFA65
:10FEE40001FE1FFA8EF577EEA67AFCEEE77A17EE9E
:10FEF400903AB3F5803F46D300224FF6FF745B0877
:10FF04000132A34201D9062AF9D9120142F48062CE
:10FF140092B2022B4FF6FF744FEA0515314438BFF5
:10FF240002230EF00F0EEDB2A34200EB411128BFE5
:10FF34002346B0F88841A4B22C43A0F88841CA8073
:10FF44005A1E92B2CA814A8992B203FB02F2B2FBF0
:10FF5400FCF292B24A81CA8A92B203FB02F2B2FB69
:10FF6400FCF292B2CA82CA8B92B202FB03F3B3FBD5
:10FF7400FCF39BB2CB83B0F888319BB243EA0E0307
:10FF8400A0F8883170BD4FF48062C2E738AC00201D
:10FF940010B54FEA411E124B00EB41111C78B1F829
:10FFA40006C00B8A1FFA8CFCCCF1011C1CFA83F3EB
:10FFB40003F1FF3C0CFB02F2E240944508D99B1A82
:10FFC400704492B2C3F101039BB2CB80028210BD94
:10FFD4009A1E70444FF6FF7392B2CB80028210BD1A
:10FFE400B0B80020214BF6EE006A4FF6FE7C93ED8C
:0CFFF400007AB8EE477AC7EE007A77EE8C
:02000004600199
:10000000A67AFCEEE77A17EE903A63452CD90022E7
:100010005B080132634501D9062AF9D9083242F258
:10002000260C4CEA422C1FFA8CFC022B00EB4111EF
:100030004FF6FE7038BF02230A8A834292B228BF6D
:100040000346C88880B2C0F10110104403FB02F2DD
:10005000B2FBF0F29B1A92B2C3F101039BB2CB80C8
:100060000A82A1F80CC0704743F2260CDDE700BFFE
:1000700038AC002027284BD8F8B52A4D044615F88F
:10008000202005EB8005012A2DD0022A3FD16B7874
:10009000C3F3011003283ED0234A02EB803203F061
:1000A000030C224889B2634602EB4C1C0678BCF86C
:1000B00006E05801BCF810301FFA8EFECEF1011E8A
:1000C0001EFA83F303F1FF3E0EFB01F1F1408E4572
:1000D00023D95B1AC3F101039BB289B20244ACF885
:1000E000063011820DE06A78C2F30113032B10D0A1
:1000F0000F4800EB83308BB202F00301AA78FFF7C0
:1001000081FE0C4BEA7803EB04135B681A60F8BDC0
:1001100070470948EFE7094AC1E7991E4FF6FF7398
:10012000DBE700BFF8A0002000C01D40B0B80020F1
:1001300000C03D40F49B002000803E4000801E40F7
:1001400000230F2248F2B82C194610B54FF4704422
:100150004FF4806EA0F88C414FF46044A0F88E21DB
:100160000A46A0F89031B0F888319BB243F0F00312
:10017000A0F8883101EB4103013100EB431304295E
:100180009C80A3F806E05A841A865A805A81A3F804
:100190000EC05A82DA825A83DA83EBD1B0F8883102
:1001A0009BB243F00F03A0F88831B0F888319BB2BE
:1001B00043F47063A0F8883110BD00BF374B384A54
:1001C000996F384841F47F0170B5996741F2010693
:1001D000D3F8801045F6C05543F226040A43C3F80D
:1001E0008020FFF7ADFF00F58040FFF7A9FF00F585
:1001F0008040FFF7A5FF00F58040FFF7A1FF002238
:10020000A0F503104FF00F0E114600EB42134FEA1A
:10021000421C01329981042A5981A3F80EE09E8282
:10022000DD8020F80C1019829C81EED100221E483E
:100230004FF00F0E41F20106114645F6C05543F24C
:10024000260400EB42134FEA421C01329981042A32
:100250005981A3F80EE09E82DD8020F80C101982EF
:100260009C81EED1002211480F2641F20105114672
:1002700045F6C05443F2260E00EB42134FEA421CEF
:1002800001329981042A5981DE819D82DC8020F827
:100290000C101982A3F80CE0EED170BD00C00F4025
:1002A000000003FC00C03D4000001E4000401E4016
:1002B00057280FD883290DD821F0010C084AC90707
:1002C0003CF802309BB206D403F47F4303439BB255
:1002D0002CF802307047DBB243EA00239BB2F7E709
:1002E00000C03B4010280346044A28BF1023107862
:1002F000012B38BF01231370704700BFB0B8002036
:10030000074A506A936A19468446506A936A99422A
:10031000F9D18445F7D1DB0B43EA4040704700BF79
:1003200000400D40704700BF704700BF704700BFDE
:10033000704700BF704700BF704700BF704700BFE5
:10034000704700BF72B6EFF305834F4CC4F884309A
:10035000EFF308824FF0E0234C4E4D4DD3F8280DBB
:10036000D3F82C1DC4E92201D3F8341DD3F8383D4D
:10037000C4E924139369C4F89830D369C4F89C3055
:1003800000F0D4F884ED280AFFF7BAFF0B214FF0F4
:10039000FF32C4F8A4000B46C4F880103D49301D5C
:1003A0005A40202402F00103013C01FB03F383EADD
:1003B0005202F7D1A84202D073680646EFE7324BEB
:1003C000C3F8A820BFF34F8F4FF0E0232F49324AE4
:1003D000C3F8701FC3F8702FBFF34F8FBFF36F8F39
:1003E0002E4A02252E48D36E2E4943F44053D3663D
:1003F0000560D3692C4823F07F0343F04003D361A9
:100400000B6883423DD8264D00214FF0E0234FF08A
:10041000FF3229600126C5F808112449C5F80011EA
:10042000C5F80861C3F88021C3F88421C3F8882186
:10043000C3F88C21C3F8902101E000F07BF9D5F8D6
:100440000C31002BF9D00134C5F80C614F2CF4D9D4
:10045000174B022017494FF00042C1F840015A6380
:10046000D5F80C313BB9144814490D4A0163D2F850
:100470000C31002BFAD04FF0E023114AC3F80C2DB9
:10048000FEE7FDF769FDBEE700FF272080FF27207C
:10049000A8FF27202083B8EDA0FF272000C00F4031
:1004A000004008403CAC0020803DCD0B009F240064
:1004B00000900D4000002E4000800F40F100AD0B79
:1004C0000400FA050A490A6838B108B51318094842
:1004D000834204D810460B6008BD1046704727F0D1
:1004E00005FF0C234FF0FF320360104608BD00BF2C
:1004F000D8AE002000002820002070474FF0FF30C9
:10050000704700BF4FF4005300204B60704700BF9E
:10051000012070474FF0FF30704700BF30BFFDE74C
:1005200030BFFDE701F0E6BAFFF70CBF124AD2F880
:1005300080305B07FBD5D2F880301048C3F30B2323
:100540000F4990ED007A07EE903A91ED006AB8EE0F
:10055000477A0C4AF8EEE77A0B4BD2ED006A77EE59
:10056000C77A93ED007AB8EE477A67EE867A87EE1F
:10057000A60A37EE400A704700810D40A8440120CA
:10058000B0440120B4440120AC44012010B504461D
:10059000FFF7BAF8204610BD024A0349034819F094
:1005A000F5BF00BFDCAE0020B9E5000050AC002074
:1005B000836BF0B41BB1536843F40043536072B6CD
:1005C000446B3CB31A4B2260D3F8B0410C421DD1AE
:1005D000184E776804E07468E41BB4F5166F0BD20C
:1005E000D3F8404144F48044C3F84041D3F8B851B3
:1005F000D3F840416404EED50D4007D10C4CC0E95E
:100600000225D4F8B0310B43C4F8B031426362B66E
:10061000F0BC7047064DC0E90224D5F8B0310B4359
:10062000C5F8B0310263426362B6F0BC704700BFE8
:1006300000002E40001000E070B5056B9DB106462D
:100640002A46002403E012680134012A0CD05368C2
:1006500013F08003F7D032632CB12846B36B2D68BA
:100660009847013CF9D170BDC6E90C33F4E700BFEF
:1006700030B4D9B91F4C204B0021204A01254FF03E
:10068000011099601D60C4E9023180245C60C2F8E9
:10069000BC01D2F8B0311A482B43C2F8B031016026
:1006A000D2F8B031002BFBD130BC70470904154B98
:1006B000104C012541F080019860104A596000F506
:1006C00080511D60D96000F50051A364196100F5E7
:1006D000405100F58040596100219861E164D2F8F1
:1006E000B03143F48033C2F8B031D2F8B031002BCE
:1006F000FBD1C0E70000002080C4002000002E4095
:1007000018E30020A0C40020084901220B7802FA57
:1007100000F023EA0000087030B9054AD2F84831E9
:1007200023F08003C2F84831704700BF26C401207F
:1007300000002E402DE9F04F9C4C83B0D4F844616A
:10074000F107C4F844616AD5D4F8AC31002B61D00C
:10075000DFF88482964DDFF878B208F5805ADFF82A
:100760007C92944FC4F8AC31D5E90A20D4F84031DA
:1007700043F40053C4F84031D4F840319B04F5D51C
:10078000D4F8403123F40053C4F840314FF0011342
:10079000C4F8B431D4F8B43113F00113FAD191B2E2
:1007A00040F2816CCBF80030614500F2D980B1F5A0
:1007B000D06F80F06181B1F5817F00F08F8140F2D0
:1007C000AB8040F2023C614500F0B281B1F5A06F10
:1007D00040F0C1807849EB648B600123A9640B6011
:1007E00080234B604FF00113C4F8BC31D4F8B03112
:1007F00043F48033C4F8B031D4F8B031002BFBD1CE
:10080000130C5B0643F08073C4F85431D4F8AC3158
:10081000002BA7D1654AD2F8BC31002B4AD1720611
:1008200016D5624BD3F8AC21C3F8AC21D3F8BC2168
:10083000C3F8BC21D3F8B041002CFBD14FF0FF32FC
:10084000C3F8B421D3F8843101F06CF85B4B1C6021
:10085000F40103D55A4B1B6803B19847B00103D587
:10086000584B1B6803B19847710708D54F4BD3F815
:10087000843113F400731AD0534B01221A704B4B7E
:10088000D3F848311A060FD533060DD54F4A1378E1
:100890002BB1013BDBB21370002B00F0428203B09E
:1008A000BDE8F04F00F0FEBB03B0BDE8F08F464A54
:1008B0001370E4E74649C2F8BC310868034240F0CF
:1008C00061813E4A14681C40A9D05FEA144810D0E8
:1008D000374D4FF0010998FAA8F7B7FA87F705EBFB
:1008E000C71009FA07F74030FFF7A6FE38EA0708F5
:1008F000F1D1A4B2002C92D02D4D4FF0010894FA02
:10090000A4F7B7FA87F705EBC71008FA07F7FFF760
:1009100093FEBC43F3D182E7802900F0A7808229AF
:1009200019D183B210F0780015D103F07F0257F887
:100930002210284A1080180600F1C081CB0701D58B
:100940000123137002212348FFF792FE5EE7010C9A
:10095000072900F045814FF00113C4F8C03155E775
:1009600042F2210C6145F2D03AD942F22123994258
:1009700068D042F221339942EDD10F4B00229A60A8
:10098000EA640122AB641A6080225A604FF00113BE
:10099000C4F8BC31D4F8B03143F48033C4F8B0317A
:1009A000D4F8B031002BFBD130E700BF00002E405F
:1009B00000000020C0012E4080C400201CE3002065
:1009C000ECC30120F0C3012031C4012037C4012051
:1009D00018E300204C44012010E30020A0C40020B4
:1009E000B1F5086F3AD0B1F5106FB4D1B548C2F384
:1009F00007424FF0C81100930270B34AC4F8C821EF
:100A0000C4F8CC11C4F8D01100F08EFF00F0E8FA61
:100A1000AE4A0121009BAA6411608021936051605D
:100A20004FF00112EB64C4F8BC21D4F8B02142F4B9
:100A30008032C4F8B021CBF80030D4F8B031002BAC
:100A4000FBD1E3E680B2002897D1A14BC2F3074265
:100A50001968A04B1960A04B1A708EE7994B0121C1
:100A60009E481B780370FFF703FECFE69B480221E8
:100A70000380FFF7FDFDC9E6994B596800293FF453
:100A80006AAF4FEA124E82B204E019690C330029B2
:100A90003FF461AFB3F800C0F445F6D1B3F802C03B
:100AA0009445F2D14FEA1E22032A00F0D8801A8919
:100AB000000C824228BF0246BEF5007F40F0D48081
:100AC000884B89491878894B0092002818BF19462D
:100AD0008748FEF751FE864B009ADAE010F0780F57
:100AE00083B27FF438AF03F07F0213F0800F57F822
:100AF000223014BF23F4803323F0010347F822305F
:100B00000022724BEA649A600122AB641A60802270
:100B10005A604FF00113C4F8BC31D4F8B03143F43B
:100B20008033C4F8B031D4F8B031002BFBD16DE67E
:100B300010F0780F83B27FF40EAF03F07F0213F052
:100B4000800F57F8223014BF43F4803343F0010381
:100B500047F8223000225D4BEA649A600122AB64C0
:100B60001A6080225A604FF00113C4F8BC31D4F8E7
:100B7000B03143F48033C4F8B031D4F8B031002B35
:100B8000FBD143E6002008605A490C88486842F2CD
:100B900021018C427FF495AE80B200287FF491AEA3
:100BA0005549564C03C9A18086284FEA114120605F
:100BB000A1717FF486AE72B65148017841F0080108
:100BC0000170D2F848110D0605D480200143C2F807
:100BD0004401C2F8481162B64A4A5021117070E6C9
:100BE000EB6001234349C9F80030474B0A60C9F85C
:100BF0000430464B4860C9F81030C5F80890C9E980
:100C0000028AD4F8B02142F00102C4F8B02103F501
:100C1000805203F50053C9F81420C9F81830D4F8ED
:100C2000B031002BFBD1294AEB6493600123AA6405
:100C3000136048F2800353604FF00113C4F8BC31D5
:100C4000D4F8B03143F48033C4F8B0314FF480337A
:100C5000CBF80030D4F8B031002BFBD1D6E5000C36
:100C60000A78824228BF0246BEF5E06F50D11D4B84
:100C70001D4893F800C01D491D4BBCF1000F18BF63
:100C8000014600921846FEF777FD072103464170A2
:100C9000009A23F01F011344BFF34F8F4FF0E02061
:100CA000C0F8701F20318B42FAD8BFF34F8FBFF3CB
:100CB0006F8F0F481146FFF7DBFCA7E5C9033FF52F
:100CC0003FAE3FE630C401200200CC0080C40020CB
:100CD0003CC2012074C201202FC401204C440120D9
:100CE00000AA002031C40120A81D0060401E006041
:100CF0000000202010C8002010E300206CC201205A
:100D000026C4012037C40120800007001003012001
:100D1000064B1846CDE90023FEF72EFDDDE9002342
:100D2000B7E70320FFF7F0FC2EF028F900002020A1
:100D30002DE9F0471F46831E022B01D9BDE8F0873D
:100D4000DFF84C9015460C463C2209EBC0180646CD
:100D50004FEAC01A002108F10400240429F0FCFB2A
:100D6000B5FA85F20123520944EA427449F80A406F
:100D7000C8F83870C8F80830002FDFD0034AB340F5
:100D800011680B431360BDE8F08700BF1CE300202F
:100D9000000000202DE9F0470D46811E022901D9EF
:100DA000BDE8F087C701DFF84C9092460446403713
:100DB0003C2200211E4609EB07082D0408F104001F
:100DC00029F0CAFBBAFA8AF2520945EA427249F896
:100DD00007200122C8F83860C8F80820002EDFD0AC
:100DE000034B10341968A2400A431A60BDE8F0872B
:100DF0001CE300200000002012048160C36101F5A3
:100E0000405342F0800210B40124426001F50052C8
:100E1000046001F5805401F58041C46081615DF892
:100E2000044BC0E904237047831E0A46022B00D9F5
:100E30007047064B00F110014FF0010C03EBC0109E
:100E40000CFA01F14030FFF7B3BB00BF00000020F7
:100E5000831E0A46022B00D970470121024B8140B4
:100E600003EBC010FFF7A4BB0000002040687047F0
:100E7000124A134BD2F8200220F07F40984210B55E
:100E800084B002D200EB800040000E4C01A90A227F
:100E9000FEF712FD01A90023204611F8012B0133B2
:100EA0003AB10A2B20F8022FF7D11623237004B091
:100EB00010BD5B00DBB2237004B010BD00441F40C6
:100EC0008096980098B8002000F042BE00F0D2BE94
:100ED00000F0A8BE0846114600F098BE38B50C4B8D
:100EE00004460C4D1B68298843B1B1F5917F09D2A6
:100EF0004B1C9BB2084A2B80545438BDB1F5917FEE
:100F0000F6D338BD00220448984700210123F1E7B9
:100F1000B4C201200CC40120C8C20120F8B5144C91
:100F20004FF0E025134E4FF4003204EB4024124FF3
:100F300006EB40160346C5F88C2121463A88304618
:100F4000FFF75AFF3B882344BFF34F8FC5F85C4F30
:100F50002034A342FAD8BFF34F8FBFF36F8F042022
:100F60003146FFF775FF4FF40033C5F80C31F8BD7B
:100F7000A0002020C0C4002000C4012042684FF619
:100F8000FC71114BC2F30E42C0691B889B1A0B40C7
:100F900017D00E4930B40E4C0E4D227821F8103087
:100FA0000021013225F81010062A94BFD1B20A465A
:100FB000217009490C6823440B60084B985430BCDD
:100FC0007047FFF7ABBF00BF00C401205C440120A5
:100FD00022C401207844012054440120944401207B
:100FE000214B70B51B78002B3BD04FF400731E468D
:100FF0001E4980221E4D00240B8000211D482B809D
:1010000029F0AAFA1C4A21461C4B1470C0221C4825
:101010001C8029F0A1FA1B4A31461B4B0420946026
:101020009C60C2E90044194AC3E900441470184B9B
:10103000184A1C70184B14602246FFF779FE2346AD
:10104000224629880420FFF7A5FE20460134FFF739
:1010500065FF062CF9D100231049114A0B7013705B
:1010600070BD40231E46C3E731C4012000C40120E7
:1010700008C4012080C600202BC4012004C4012024
:10108000C0C400205C4401207844012022C4012017
:1010900024C4012054440120A9EF000029C40120E8
:1010A0002DC401202DE9F843214B1D7815B9214E9F
:1010B00033880BB9BDE8F883DFF888801E4A98F8BA
:1010C00000701E4C02EB47191D4A04EB472412889E
:1010D00048462146D21A2B46FFF78EFEBFF34F8FAC
:1010E00004F1200204F50073934234BF012310235E
:1010F0004FF0E02204EB4313C2F8704F20349C42BF
:10110000FAD1BFF34F8FBFF36F8F013749460420E9
:10111000FFF78AFE032F4FF000034FF0020098BF45
:10112000FDB2338088F80050BDE8F843FFF7ECBA11
:101130002DC4012004C4012080C60020A00C202062
:1011400008C401202BC40120F8B54FF400324FF041
:10115000E023204CC3F88C211F4B227819788A4257
:101160002ED0D3B21D4A1E4F01331E491E4E072BEF
:1011700028BF0023D05C37F8102001EB40218D58A8
:101180000432316892B2043927F8102031601749CF
:1011900031F81010914207D94FF0E0234FF400329C
:1011A0002846C3F80C21F8BDDBB22370FFF7B6FE6A
:1011B0004FF0E0234FF400322846C3F80C21F8BD6D
:1011C00000254FF0E0234FF400322846C3F80C21ED
:1011D000F8BD00BF24C4012022C401209444012092
:1011E00078440120A0002020544401205C440120C8
:1011F0002DE9F0410746FFF7A7FF98B1C0F303239D
:1012000000F00F059F4A04465E1CC0F303134FEA2B
:1012100010281370A5F10803062B06D8002F47D01D
:10122000BE4245D00020BDE8F081AB1E5FFA88F0D9
:10123000012B19D9F72818BFF02801D9052D13D093
:10124000042D00F089816B1F022B40F249810F2D84
:10125000E8D1F72808D8F02803D08B4B1B88002B47
:10126000E0D0FFF73BFEDDE7F1380E28DAD801A326
:1012700053F820F021F4000033F400004FF4000094
:1012800051F2000051F200005DF4000051F2000044
:101290006BF4000051F20000A5F30000D9F3000048
:1012A000C1F3000051F20000F1F3000009F4000066
:1012B000082DC4F3033318D1082B16D173498022AB
:1012C000734BC4F307450F68F6B2240E1A701FB1B2
:1012D000294630462246B8476E4901206E4A6F4B78
:1012E0000E7015701C70BDE8F081092D14D1092B0A
:1012F00012D1220E664B00F0B7809021C4F307454F
:10130000F6B21970D4B2664B1B68002BE4D02246AB
:10131000294630469847DFE70A2D05D10A2B03D12D
:10132000604BA0215A4A06E00B2D11D10B2B0FD197
:101330005D4BB021564A1B68C4F30745F6B21170E5
:10134000240E002BC8D02946304622469847C3E7D2
:101350000C2D40F081800C2B7ED1544BC0214C4A87
:101360001B68C4F30745F6B21170240E002BB3D0EE
:10137000294630469847AFE74D4B1B68002B00F0DD
:10138000FF80C4F307459847414AF6B2240E82F81D
:101390000080A1E7474B1B68002BF2D1464B1B682E
:1013A0002BB3FC20C4F307459847EDE7434B1B687C
:1013B000002BE6D1404B1B68CBB1FB20C4F30745A3
:1013C0009847E1E73E4B1B68002BDAD13A4B1B688C
:1013D0006BB1FE20C4F307459847D5E7394B1B682E
:1013E000002BCED1344B1B680BB1FF209847C4F3C0
:1013F0000745C9E7344BC4F307451B68002BC3D02E
:1014000028469847C0E7314B1A68002AEFD0630C92
:10141000C4F30640250C03F47E53EDB21843904705
:10142000B2E72B4BC4F307451B68002BE8D1ABE7B1
:10143000284BC4F307451B68002BA4D1A4E7264B17
:101440001B68002B9DD11C4B1B68002BCFD0F820B4
:10145000C4F30745984797E70D2D62D10D2B60D156
:101460001E4BD0210A4A7BE78021F6B2C4F3074520
:101470001970064B1B68002B79D02946304614465C
:10148000984729E732C401200CC401208CC20120F6
:1014900036C4012033C4012034C4012035C40120E6
:1014A00090C20120C4C2012088C2012098C201203C
:1014B000A8C20120ACC201209CC2012084C201202C
:1014C00078C20120B8C20120BCC20120A0C2012004
:1014D000A4C20120C0C2012080C201207CC2012020
:1014E000FFF7FCFC052D08D0C4F30740FFF7F6FC1E
:1014F000072D02D1200EFFF7F1FC2A4B2A4819884C
:101500002A4A0170080A2A4C10700020294A1880C3
:10151000F0232468137064B327480122A0470120F8
:1015200081E60E2D7FF47EAE0E2B7FF47BAE234B37
:10153000E021204A1B68117063B3610CC4F30642BA
:10154000F6B201F47E51250C3046240E1143EDB263
:10155000A1F500519847BFE6FFF7C0FCC4F3074070
:10156000FFF7BCFC200EFFF7B9FC00205BE61C4631
:10157000B2E6134B1B6893B10F489847012052E61F
:10158000104B1B68002B3FF432AFFA20C4F3074521
:101590009847F9E6C4F30745F6B2240E9CE601200D
:1015A00041E600BF0CC4012034C4012035C4012031
:1015B000B4C2012036C40120C8C2012094C2012057
:1015C000B0C201209CC20120F8B5144C4FF0E025B8
:1015D000134E4FF4003204EB4024124F06EB40163A
:1015E0000346C5F88C2121463A883046FFF704FCB3
:1015F0003B882344BFF34F8FC5F85C4F2034A34290
:10160000FAD8BFF34F8FBFF36F8F03203146FFF738
:101610001FFC4FF40033C5F80C31F8BDA014202096
:1016200080C5002002C40120244B2DE9F0411C8814
:101630004368C569C3F30E43E41A002C24DD204936
:1016400020480A780078D3B21F4E82421F4807D044
:1016500010F8038036F81870C7F50072944218D954
:101660000133002226F81540082B194E88BF134677
:1016700026F8152098BFDAB2C554164B0A701A68BE
:1016800014441C60BDE8F0812846BDE8F041FFF736
:101690009BBF07EB4820104922462744084401EB32
:1016A0004521FEF769F80B4A284626F8187013689A
:1016B0002344BDE8F0411360FFF786BF02C4012058
:1016C00023C4012025C40120684401209C4401203A
:1016D0008444012058440120A01420201D4B1A7876
:1016E000002A36D102F0FF031B4A12788AB32DE993
:1016F000F0411A4D2A8852B3194EC2F50068194FAD
:101700003278194C07EB421704EBC22442463846A4
:101710002146FFF771FB04EB0802BFF34F8F4FF038
:10172000E023C3F8704F2034A242FAD8BFF34F8FA2
:10173000BFF36F8F03203946FFF776FB3378013311
:10174000DBB2032B88BF0023337000232B80BDE85E
:10175000F08170472EC4012030C4012006C401204E
:101760002CC4012000C70020A02420202DE9F04F28
:1017700085B0CDE90110002900F0BF800023604C46
:10178000DFF89881DFF898A15E4F009301235E4A4D
:1017900023705E4B1978B8F8003002EB4119002B2A
:1017A00040F0A7801E461D469B464846FFF75EFB5D
:1017B00010F0800000F08C80BFF34F8F9AF800305B
:1017C00084F800B005B93E68002B7DD13B689B1BB7
:1017D000782B00F287804E4B1B78002B74D000F0E2
:1017E00081FD0122B8F8003015462270002BDCD0B4
:1017F000464AC3F5006011781A4600EBC120454DFA
:10180000C9022844019D954217D20393DDE9015195
:101810002A46FDF7B1FF039B4FF040425B1BA8F83F
:1018200000303D4BC3F88420BFF34F8F0098002356
:101830002844237005B0BDE8F08F364BCD180299CF
:10184000FDF79AFF00234FF4006229464846FFF750
:10185000D3FABFF34F8F05F1200205F500639342E1
:1018600034BF012340234FF0E02205EB4313C2F8BD
:10187000705F2035AB42FAD1BFF34F8FBFF36F8F4C
:1018800003204946FFF7D0FA204A13780133DBB230
:10189000032B84BF00231D4A1370B8F80030019A4F
:1018A000D11A009A1A4401910092029A1A44002314
:1018B0000292194AA8F80030C2F88430BFF34F8F63
:1018C000237000297FF462AF009805B0BDE8F08F67
:1018D0004FF400620D4B8AF8000019781346A8F8FF
:1018E00000208AE7012300988AF8003005B0BDE89F
:1018F000F08F1A46C3F500607FE70198E5E700BF67
:101900002EC401203CC2012000C700202CC40120AD
:1019100030C40120A024202000002E4006C4012055
:101920002AC40120704700BF2A4B002180222A4888
:1019300070B51B780024294D8B42294E0CBF4023E3
:101940004FF400732B80338028F006FE254A214691
:10195000254B14704FF4807224481C8028F0FCFD45
:10196000234A1021234B0220C2E90044C2E9024469
:10197000214AC3E900441470204AC3E90244204BC1
:101980001C70234614602246FFF704FA2246318871
:1019900003201C4BFFF7CCF92346012229880320A2
:1019A000FFF7F8F920460134FFF70EFE082CF9D1B5
:1019B000154B4A2215480021154C0460C3F88410C9
:1019C000C3F88020D3F8482142F08072C3F8482140
:1019D00070BD00BF31C4012000C700200AC401202F
:1019E00002C401202CC4012006C4012080C50020AF
:1019F000684401208444012023C40120584401206C
:101A000025C4012055F6000000002E40ECC3012043
:101A100009F700002DE9F04F4FF0E0234FF40032BA
:101A2000DFF8C8A083B0C3F88C218B469AF8004039
:101A300000294FD08046E4B20027DFF8B490264B4F
:101A4000ABEB070225491B78A34204F101043FD008
:101A5000092C234B404628BF00241E5D39F816C0D0
:101A60000CEB462319441F4B33F81650A5EB0C051D
:101A7000AA421CD20CEB462C18491B4C6144019223
:101A8000FDF77AFE216839F816505846019AA1EB05
:101A90000B012A44394429F8162021604FF0E02335
:101AA0004FF40032C3F80C2103B0BDE8F08F2A4692
:101AB0002F44FDF761FE0C49E3B230460A68A844A2
:101AC000521B0A608AF80030FFF77EFDBB45B6D88E
:101AD0003846E3E70846E1E723C40120A0142020AC
:101AE0009C440120684401205844012025C4012061
:101AF000844401200B4B0C4A12781978D3B28A42E5
:101B00000DD0013309480A4A092B0A4928BF00238E
:101B1000C35C31F8131002EB4323585C70474FF05D
:101B2000FF30704723C4012025C401209C440120BC
:101B3000A014202084440120044B10B51C680CB173
:101B4000204610BD00F0CEFB204610BD58440120B9
:101B50002DE9F84F144E154D33782A78934221D051
:101B6000DCB2DFF85090DFF850B0DFF85080104F53
:101B70000134082C5FFA84FA01D90024A24619F82E
:101B80000400DBF8003038F8102037F81010521A33
:101B90009B1ACBF80030FFF717FD86F800A02B78D2
:101BA000A342E5D1BDE8F88F25C4012023C401205C
:101BB000844401209C4401205844012068440120B1
:101BC00000B583B001210DF10700FFF723FF20B11D
:101BD0009DF8070003B05DF804FB4FF0FF30F9E714
:101BE000094B00B583B01B788DF807003BB101218C
:101BF0000DF10700FFF7BAFD03B05DF804FB03F039
:101C0000FF0003B05DF804FB30C40120044B1B78D7
:101C100003F0FF020BB1FFF7A9BD1046704700BFEC
:101C200030C401202DE9F0410024DFF84480012375
:101C30000D4D27460D4E88F8003033782846203564
:101C4000A34204F1010405D0FFF710F9030658BFC1
:101C500007F50067042CF0D1BFF34F8F00233846FF
:101C600088F80030BDE8F08100C700202CC40120B6
:101C70002EC401202DE9F8431D4B1B7813B11D4DD7
:101C80002A880AB9BDE8F8831B4EC2F500691B49D2
:101C900033784A461A4C01EB43181A4F04EBC3241D
:101CA000012340463B7021460023FFF7A5F804EBD3
:101CB0000902BFF34F8F4FF0E023C3F8704F203479
:101CC000A242FAD8BFF34F8FBFF36F8F0320414674
:101CD000FFF7AAF833780133DBB2032B88BF002368
:101CE000337000232B80BFF34F8F3B70BDE8F88328
:101CF00030C4012006C401202CC4012000C70020EC
:101D0000A02420202EC40120F8B588424FF0000501
:101D1000044685600573C0E9005502D08E680F68DF
:101D20000EB92046F8BD701C28F08AF80028F8D0BB
:101D3000394605702060C4E9016628F00BFF204693
:101D4000F8BD00BF00238842C0E9003383600373FD
:101D50000CD010B4D1E90042C1E90033C0E900421F
:101D60008A685DF8044B8B6082607047704700BFE3
:101D700030B50446002583B002202560A560257398
:101D80008DF805508DF8041028F05AF850B1012252
:101D900001A920600570C4E9012228F0DBFE20467D
:101DA00003B030BD6060204603B030BD10B50446BE
:101DB000006828F04DF8204610BD00BFF8B5044675
:101DC000154632B9036803B11A7000232046A36098
:101DD000F8BD43680E469A421CD9511C006829F090
:101DE00065FD074660B1A368C4E900050BB903703F
:101DF000276831463846A56028F0ACFE2046F8BD7D
:101E0000206810B128F024F8276000232046C4E998
:101E10000133F8BD07683146A560384628F09AFEC0
:101E2000ECE700BF38B500230446C0E90033836007
:101E3000037341B10D4608462AF04CFE024629467E
:101E40002046FFF7BBFF204638BD00BF10B500237A
:101E500082B004460A22084601A9A3602373C4E99C
:101E6000003325F0F3FC01A82AF034FE01A9024654
:101E70002046FFF7A3FF204602B010BD10B5002397
:101E80008AB00446084601A9A3602373C4E900335D
:101E900025F000FE01A82AF01DFE01A902462046F9
:101EA000FFF78CFF20460AB010BD00BF10B500231D
:101EB0008AB00446084601A9A3602373C4E900332D
:101EC00025F0C4FC01A82AF005FE01A9024620461F
:101ED000FFF774FF20460AB010BD00BF10B5002305
:101EE0008AB00446084601A9A3602373C4E90033FD
:101EF000FDF714FD01A82AF0EDFD01A902462046D8
:101F0000FFF75CFF20460AB010BD00BF10B50023EC
:101F10008AB00446084601A9A3602373C4E90033CC
:101F2000FDF7CAFC01A82AF0D5FD01A9024620460A
:101F3000FFF744FF20460AB010BD00BF30B50023B4
:101F400004468BB0881CA3606A462373C4E900333F
:101F5000FDF7F4FC054648B12AF0BCFD29460246CF
:101F60002046FFF72BFF20460BB030BDA060204677
:101F70000BB030BD814203D08A680968FFF71EBFED
:101F8000704700BF884238B505460ED000680C4641
:101F900008B127F05DFFA0680023D4E90012A86013
:101FA000C5E90012C4E90033A360284638BD00BF6C
:101FB00038B505460C4649B108462AF08BFD214646
:101FC00002462846FFF7FAFE284638BD2846A96093
:101FD00038BD00BF2DE9F843044600680D4616469B
:101FE0008842A36809D8C218914206D20F1A4FF04E
:101FF000010936B92046BDE8F8834FF00009002EEC
:10200000F8D003EB0608626890450CD908F101018D
:1020100029F04CFC0028EDD0A368C4E9000813B9EE
:1020200003702068A368B9F1000F08D1294618444D
:1020300028F090FD2046C4F80880BDE8F8833246B9
:10204000C1191844FDF798FB2368002203F8082003
:10205000F0E700BF8A680968FFF7BCBF38B50546DE
:1020600041B10C4608462AF035FD02462146284675
:10207000FFF7B0FF284638BD10B504468A680968E6
:10208000FFF7A8FF204610BD38B5054641B10C4604
:1020900008462AF01FFD024621462846FFF79AFF10
:1020A000284638BD10B50B4684B004460A2201A963
:1020B0001846FDF733FC01A82AF00CFD01A90246E1
:1020C0002046FFF787FF204604B010BD10B50B4631
:1020D00084B004460A2201A91846FDF71FFC01A896
:1020E0002AF0F8FC01A902462046FFF773FF2046BC
:1020F00004B010BD8A6808B58368934201D00020FF
:1021000008BD006850B1096829B128F0E7FAB0FAB3
:1021100080F0400908BD3BB10078F8E70A681AB1C1
:1021200013B110784042F2E7012008BD826808B57B
:102130000B463AB161B1006828F0D0FAB0FA80F0ED
:10214000400908BD31B11878B0FA80F0400908BDE7
:102150000368F8E7012008BD83688B4203D9006853
:1021600008B108447047024B002218461A707047A5
:1021700019C40120C2B170B5B1FA81F60C467609D6
:1021800019B185689D4201D80E7070BDED1A02F13B
:10219000FF3C016820466545194428BF65462A462C
:1021A00025F09CFB665570BD704700BF836843B146
:1021B000096810B50468204625F004FE20B1001B14
:1021C00010BD4FF0FF3070474FF0FF3010BD00BF23
:1021D0008368934208D9096810B50468A01825F0EF
:1021E000F1FD20B1001B10BD4FF0FF3070474FF0E4
:1021F000FF3010BD9A422DE9F04104460E4602D947
:1022000011461A460B460020A0602073B76897421B
:10221000C4E9000014D39F4228BF1F46336813F857
:102220000780D85533689D180DD028462AF052FCF7
:10223000294602462046FFF7C1FD336803F80780B0
:102240002046BDE8F081A560F8E700BF38B5046816
:10225000054644B1207830B125F04AFC207014F8CE
:10226000010F0028F8D1284638BD00BF2DE9F04104
:1022700007680646E7B18468D4B1B846454618F801
:10228000010B25F05DFB0028F8D1013C3C4402E045
:10229000A54205D8013C207825F052FB0028F7D153
:1022A000621CAF42A2EB0502B26004D30023BB5410
:1022B0003046BDE8F08138462946FDF75DFA3768BB
:1022C000B268F3E7006808B129F08ABA704700BF26
:1022D000006810B1002124F059BD9FED010A70473C
:1022E000000000002DE9F843324E337863B1324FDD
:1022F0003A784AB90122D9073A7044D49A0726D4C9
:1023000000225B073A7001D4BDE8F8832B4B1A68B2
:10231000002AF9D0EFF30582002AF5D1EFF31085FA
:1023200072B6186800283BD0254C2178002937D197
:102330000122227042691A60002A38D0916105B9E1
:1023400062B600258368457798472570DCE7DFF89B
:102350007C8098F80020002AD2D00025DFF8709009
:102360002B4659F823400135236820461B699847BE
:1023700010B163699B68984798F80020EBB29A42C5
:10238000EFD83378BCE7FFF7D7FB68B90D4B1B7864
:102390000BB93378B2E7337803F0FE033370ADE75F
:1023A000002DB1D162B6AFE7FDF7BCFFEEE7064BFB
:1023B0001A60C4E7B2B8002017C40120E8DD00208D
:1023C00015C401206A1D0060F4DD002016C4012040
:1023D000F8DD00209FED010B704700BF182D44541D
:1023E000FB2109409FED010B704700BF6957148B1B
:1023F0000ABF0540B5EEC00BF1EE10FA48BFB1EED2
:10240000400B704730EE010B704700BF30EE410BC0
:10241000704700BF20EE010B704700BF80EE010B3C
:10242000704700BFB1EE400B704700BFB0EE410BEC
:10243000704700BF08B51FF0D9FB9FED027B80EE0F
:10244000070B08BDEF39FAFE422EE63F10F0180FD9
:102450002DE9F04104461BD0801004F007070E461A
:10246000012100F004004FEA870800EB87001430D8
:1024700029F0BAF905462FB126B14246314610304F
:10248000FDF77AF9002328462C60AB60BDE8F081A7
:102490008010012100F00400143029F0A5F9054650
:1024A000F0E700BFB5EEC00BF1EE10FA1ED49FEDC1
:1024B000137BB4EEC70BF1EE10FA14DCFCEEC07B1C
:1024C00017EE901AA9B10122134600E058B903FB98
:1024D00002F201339942A2FB03C0F7D207EE902A21
:1024E000B8EE670B70479FED070B70479FED070B2A
:1024F0007047B7EE000B7047AFF300800000E0FFBD
:10250000FFFFEF41000000000000F07F000000002E
:102510000000F87FB5EEC00BF1EE10FA3AD4B5EE3C
:10252000C01BF1EE10FA35D4B4EEC10BF1EE10FA87
:1025300030D49FED1E7BB4EEC70BF1EE10FA2CDC0D
:10254000B4EEC71BF1EE10FA27DCFCEEC07B17EEF1
:10255000903AFCEEC17B17EE901AB1EB530F88BF97
:10256000591AE9B1013301225B1A104610B400E098
:10257000CCB903FB02F20133B2FBF0F20130A3FB52
:1025800002C48142F4D207EE902AB8EE670B5DF8E0
:10259000044B70479FED070B70479FED080B70478A
:1025A000B7EE000B70479FED050BF0E70000E0FF72
:1025B000FFFFEF41000000000000F87F0000000076
:1025C0000000F07F08B5FFF7A5FFB5EEC01BF1EEE8
:1025D00010FA22D49FED137BB4EEC71BF1EE10FA74
:1025E00016DCFCEEC17B17EE901A81B10122134676
:1025F00000E068B903FB02F201339942A2FB03C079
:10260000F7D207EE902AB8EE677B20EE070B08BDE5
:102610009FED067B20EE070B08BD9FED067B20EEAD
:10262000070B08BD0000E0FFFFFFEF4100000000C6
:102630000000F07F000000000000F87F00284CD070
:1026400038B50368044603F01F03093B0E2B43D83B
:10265000DFE803F0383028201810084238302820EE
:1026600018100800856A2DB12846FFF7E7FF2846B5
:1026700027F0EEFB656A2DB12846FFF7DFFF2846FD
:1026800027F0E6FB256A2DB12846FFF7D7FF28463D
:1026900027F0DEFBE5692DB12846FFF7CFFF28467E
:1026A00027F0D6FBA5692DB12846FFF7C7FF2846BE
:1026B00027F0CEFB65692DB12846FFF7BFFF2846FE
:1026C00027F0C6FB24693CB12046FFF7B7FF204640
:1026D000BDE8384027F0BCBB38BD704740B110B5ED
:1026E0000446FFF7ABFF2046BDE8104027F0B0BB23
:1026F000704700BF2DE9F84F04461823954D6768D1
:1027000083603B78002B71D0A3F13002092A71D984
:102710002E2B6FD0EA5C910776D17B1C63603B78EF
:10272000093B552B57D8DFE813F05A005A005600E2
:1027300056005A00560056005600560056005600E5
:1027400056005600560056005600560056005600D9
:1027500056005600560056005A00560056005600C5
:102760005600010156005600FE00FB00F600F10085
:10277000EE00E9005600E4005600560056005600F0
:102780005600560056005600560056005600560099
:102790005600560056005600560056005600560089
:1027A0005600560056005600560056005600560079
:1027B0005600560056005600560056005600560069
:1027C0005600560056005600560056005600560059
:1027D00056005600DF001923A360BDE8F88FA368F8
:1027E000182BFAD167683B78002B8DD11A23A36090
:1027F000BDE8F88F211D384624F0B8FA1E2384ED79
:10280000040BA360BDE8F88F560707D1A3F15F035F
:10281000B3FA83F35B09002B00F08D803A46013256
:1028200062601378E95C4807F9D15F2BF7D0A2EB1F
:102830000708D4F81CA0BAF1000F7ED0266A002E3B
:1028400000F08280B946DAF80070424648463946C0
:1028500024F0FEFF10B917F808304BB3013E0AF11F
:10286000100AF0D14F464FF01809DFF808B1CA46F8
:102870000EE01BF80830C3B10AF1FF39A9EB060AD4
:10288000B14506EB6A03A6DB1B01334A52F803B0DD
:1028900059464246384606EB6A0A24F0D9FF00281A
:1028A000E7D0E9DD0AF10106E8E72B4B03EB0A1A52
:1028B000DAF80830D90603F01F020AD413F0180F13
:1028C0000DD1002A8BD1DAF804301F222361A260D7
:1028D00083E7103A072A82D8DAF80C20A261DAF8E6
:1028E0000420A36022617BE720221C4BA2602361AD
:1028F00073E720221A4BA26023616EE72022194B56
:10290000A260236169E71B23A36066E72022164BC0
:10291000A260236161E72022144BA26023615CE77F
:102920001D23A36059E71C23A36056E72022104B08
:10293000A260236151E798467BE74FF0180956469D
:10294000DFF830B0CA46A3E74FF01809DFF824B02B
:10295000CA469DE75D8F00209C9E002011FE02006C
:10296000490401003904010031040100410401005F
:10297000510403004CA000202DE9F043054683B02C
:1029800000F096F90446AB68202B26D1DFF854807E
:102990000027DFF854902E692846464501D04E4561
:1029A0001BD1FFF7A7FE2846009400F081F90346EB
:1029B0001C20019327F044FA02AB04462A226760E8
:1029C000E760A76113E9030004F1100383E8030043
:1029D000AB682260202BA660DDD0204603B0BDE8A6
:1029E000F08300BF39040100310401002DE9F043F8
:1029F000054683B0FFF7C0FF0446AB681B2B22D10E
:102A00006F46DFF84C9000264FF02A082846FFF763
:102A100071FE28460094FFF7AFFF03461C20019388
:102A200027F00EFAAB6804461B2B04F11002666017
:102A3000E660A66197E8030082E80300C4F800801E
:102A4000C4F80890E2D0204603B0BDE8F08300BF90
:102A5000590401002DE9F0418668044606F01F0381
:102A6000172B31DC16F0180F0DD10121142028F09E
:102A7000BBFE0022564B19210546A160C0E9022386
:102A80002846BDE8F0810122524902FA03F31940B9
:102A90003AD030460021FFF7D9FCA368226906F03E
:102AA0000706DB060546826003D5331DA26940F8A0
:102AB00023202046FFF71EFEA3681C2B6BD0192392
:102AC0002846A360BDE8F0811E2B51D01F2B0CD1EE
:102AD0000121142028F088FE236905462046AB60BA
:102AE000FFF708FE2846BDE8F0811C2BBDD1FFF79B
:102AF00001FE2046FFF77AFFA36805461D2BDED1B5
:102B00002046FFF7F7FDBBE7334A1A401BD1334994
:102B10000B42AAD011463046FFF798FCA368226901
:102B20000546D906826001D5A36903612046FFF7F7
:102B3000E1FDA3681C2BA3D12046FFF7DBFDA368B2
:102B40001D2BBCD1DCE73046FFF780FC2269A3686F
:102B500005468260DA0601D5A36943612046FFF786
:102B6000C9FD204600F03CF828612846BDE8F08108
:102B7000142027F065F90023054601214360036115
:102B800020462960D4E90423C5E90223FFF7B2FDFA
:102B90002846BDE8F081002E91D005F10C080027F1
:102BA00002E00137BE428AD02046FFF7A3FD20464F
:102BB000FFF7E2FEA36848F8040F1B2BF1D01D2B92
:102BC0007FF47DAF013EBE427FF479AF98E700BF4E
:102BD0000000F87F00FCFC00000202000001010080
:102BE000F8B583680446202B21D10127124D134EDE
:102BF00023692046AB4202D0B34205D17F42FFF7A2
:102C000079FDA368202BF3D0012F10D02046292571
:102C1000FFF720FF0446182027F012F90022046174
:102C20004260C2604261064A05608260F8BD20468B
:102C3000BDE8F840FFF70EBF310401003904010080
:102C4000510401002DE9F041054682B0FFF7C8FFAD
:102C50000446AB68202B24D1144F0026E8461CE024
:102C6000FFF748FD28460094FFF7BAFF03461C20F3
:102C7000019327F0E5F804464FF02A0C04F1100305
:102C80006660E660A66198E8030083E80300AB682D
:102C9000C4F800C0202BA76003D12B692846BB4293
:102CA000DED0204602B0BDE8F08100BF11FE020078
:102CB0002DE9F047064682B0FFF7C4FF0446B3682B
:102CC000202B2AD1DFF85C900027DFF85C80DFF84A
:102CD0005CA035693046454518BF4D4501D0554586
:102CE0001BD1FFF707FD30460094FFF7ABFF03460B
:102CF0001C20019327F0A4F802AA04462A23676047
:102D0000E760A76112E9030004F1100282E8030002
:102D10002360B368A560202BDBD0204602B0BDE85D
:102D2000F08700BF41040100490401005104030081
:102D30000000000000284CD0036803F01F0270B5AB
:102D400004462DED028B8AB0172A2FD8DFE802F057
:102D5000343B2E2E2E2E2E2E1D1D1D1D1D1D1D1D08
:102D60000C0C0C0C0C0C0C0C13F0180F34D003F0E2
:102D70000703013B062B2FD8DFE813F01A020402E9
:102D8000E701C30198016201290113F0180F2BD04C
:102D900003F00703013B062B26D8DFE813F00D01F3
:102DA000F900DE00BC00930063002C009FEDBD0B1A
:102DB0000AB0BDEC028B70BD836893ED000B0AB0C6
:102DC000BDEC028B70BD90ED020B0AB0BDEC028B26
:102DD00070BD9FEDB40B7047A36820690AB0BDECCD
:102DE000028BBDE870401847A3680AB0BDEC028BA7
:102DF000BDE8704018470069A568FFF79BFF606950
:102E0000B0EE408BFFF796FFA0698DED080BFFF742
:102E100091FFE0698DED060BFFF78CFF206A8DEDC9
:102E2000040BFFF787FF606A8DED020BFFF782FF4F
:102E3000A06A8DED000BFFF77DFFB0EE406BB0EEAA
:102E4000480B2B469DED005B9DED024B9DED043B39
:102E50009DED062B9DED081B0AB0BDEC028BBDE875
:102E6000704018470069A568FFF764FF6069B0EE1D
:102E7000408BFFF75FFFA0698DED060BFFF75AFF50
:102E8000E0698DED040BFFF755FF206A8DED020B15
:102E9000FFF750FF606A8DED000BFFF74BFFB0EEC0
:102EA000405BB0EE480B2B469DED004B9DED023B89
:102EB0009DED042B9DED061B0AB0BDEC028BBDE819
:102EC000704018470069A568FFF734FF6069B0EEED
:102ED000408BFFF72FFFA0698DED040BFFF72AFF52
:102EE000E0698DED020BFFF725FF206A8DED000BE9
:102EF000FFF720FFB0EE404BB0EE480B2B469DEDA8
:102F0000003B9DED022B9DED041B0AB0BDEC028B36
:102F1000BDE8704018470069A568FFF70BFF6069BE
:102F2000B0EE408BFFF706FFA0698DED020BFFF7B7
:102F300001FFE0698DED000BFFF7FCFEB0EE403BBA
:102F4000B0EE480B2B469DED002B9DED021B0AB009
:102F5000BDEC028BBDE8704018470069A568FFF71B
:102F6000E9FEB0EE408B6069FFF7E4FEA0698DEDED
:102F7000000BFFF7DFFEB0EE402BB0EE480B2B4608
:102F80009DED001B0AB0BDEC028BBDE870401847F8
:102F90000069A568FFF7CEFEB0EE408B6069FFF7D1
:102FA000C9FEB0EE401B2B46B0EE480B0AB0BDEC9C
:102FB000028BBDE870401847A4680069FFF7BAFEAD
:102FC00023460AB0BDEC028BBDE87040184700698B
:102FD000E66AA568FFF7AEFE6069B0EE408BFFF7CA
:102FE000A9FEA0698DED080BFFF7A4FEE0698DED49
:102FF000060BFFF79FFE206A8DED040BFFF79AFE8C
:10300000606A8DED020BFFF795FEA06A8DED000B57
:10301000FFF790FEB0EE406BB0EE480B30462B460B
:103020009DED005B9DED024B9DED043B9DED062B60
:103030009DED081B0AB0BDEC028BBDE8704018473F
:103040000069A66AA568FFF775FE6069B0EE408B5F
:10305000FFF770FEA0698DED060BFFF76BFEE069D0
:103060008DED040BFFF766FE206A8DED020BFFF776
:1030700061FE606A8DED000BFFF75CFEB0EE405B19
:10308000B0EE480B30462B469DED004B9DED023BCC
:103090009DED042B9DED061B0AB0BDEC028BBDE837
:1030A00070401847000000000000F87F0069666A61
:1030B000A568FFF73FFE6069B0EE408BFFF73AFE70
:1030C000A0698DED040BFFF735FEE0698DED020B75
:1030D000FFF730FE206A8DED000BFFF72BFEB0EE00
:1030E000404BB0EE480B30462B469DED003B9DED2E
:1030F000022B9DED041B0AB0BDEC028BBDE87040B5
:1031000018470069266AA568FFF714FE6069B0EEEB
:10311000408BFFF70FFEA0698DED020BFFF70AFE53
:10312000E0698DED000BFFF705FEB0EE403BB0EE21
:10313000480B30462B469DED002B9DED021B0AB03F
:10314000BDEC028BBDE8704018470069E669A568D0
:10315000FFF7F0FDB0EE408B6069FFF7EBFDA06973
:103160008DED000BFFF7E6FDB0EE402BB0EE480B07
:1031700030462B469DED001B0AB0BDEC028BBDE82E
:10318000704018470069A669A568FFF7D3FDB0EE47
:10319000408B6069FFF7CEFDB0EE401B30462B46FA
:1031A000B0EE480B0AB0BDEC028BBDE8704018478A
:1031B000D0E90405A468FFF7BDFD284623460AB000
:1031C000BDEC028BBDE87040184700BFF8B503683E
:1031D000012B2DED028B19D99A0617D513F0180F74
:1031E000044616D013F0070313D000F10C06012794
:1031F00006EB830556F8040FFFF7E8FF33681B68FA
:10320000012B18BF0027AE42F4D117B9BDEC028BD9
:10321000F8BD2046FFF78EFDB0EE408B2046FFF74D
:103220000DFA012384ED028BBDEC028B2360F8BD07
:1032300030B58BB004461D466846CDE90712CDE98E
:103240000044FFF757FA6846FFF7D0FB029B04469D
:103250001A2B0FD020B1FFF7F1F9204626F0F8FD28
:1032600025B1DDE90034E41A0DD02C60002420469D
:103270000BB030BDFFF7AAFF002DF8D00023204689
:103280002B600BB030BD012320462B600BB030BD4E
:1032900090F8A32090F8A200101A704790F8A2307E
:1032A00090F8A3209A4202D91844807E70474FF0CC
:1032B000FF307047704700BF0346B0F8300178B167
:1032C00093F82F21882A03D9012200205A607047E1
:1032D00002F1010C01201A4483F82FC182F8A510D5
:1032E000704700BF38B5B0F830410CB9204638BD42
:1032F00090F82F310546C3F18904A2420DD8144637
:1033000005F1A50022461844FCF736FA95F82F314E
:103310002046234485F82F3138BD01224260EFE773
:1033200038B5002513464FF47A720446C0E90152BD
:103330001548882221612946206004F11A00636142
:1033400025732576657627F007F98922294604F149
:10335000A50084F8A25084F8A35084F8A45027F064
:10336000FBF8204684F82E5184F82F5184F8305110
:1033700084F8315184F8325184F8335184F834514F
:10338000C4E94E5538BD00BF988B00202DE9F04FA1
:10339000D0F814A01524017E8146437E83B00AEB49
:1033A0000111384A0AEB0313374F097A93F8283092
:1033B00002EB01150901E86852F8018002EB0311E4
:1033C000D5F804B01B01CE68D558CBF80040C8F83A
:1033D0008400D8F804304A6803432C490192C8F8A5
:1033E00004301460C5F884606B6833436B60284B0D
:1033F0004C683A68A3FB0232920C02EB8202520044
:103400004B681B1B9A42FBD84FF0090C1F4ADFF890
:1034100080E0D8F80830034202D0AB6833422FD1A5
:10342000C5F8886054683968AEFB0131890C01EB3E
:10343000810153681B1B9942FBD8C5F8846054680E
:103440003968AEFB0131890C01EB810153681B1B0C
:103450009942FBD8BCF1010CDBD1604699F81830D9
:10346000019A0AEB0313DB68CBF8003099F81930A6
:103470000AEB031ADAF82C30136003B0BDE8F08FC2
:103480000120EBE7F49B00203CAC0020001000E0A2
:1034900083DE1B430E4A10B51168046905E0DB01A9
:1034A00007D413685B1A102B08D8636913F0007FE8
:1034B000F5D14FF4FE430120636110BDFFF766FFB5
:1034C0000028FAD04FF4FE4301206361F5E700BF06
:1034D0003CC201202DE9F04790F82FA1BAF1000F6E
:1034E00058D081468846FFF7D5FF002852D0374E86
:1034F0000024376816E06B691A0544D4580558D47F
:1035000099044CD43268D21B322A48D8544507D982
:10351000EA6D520704D19B0555D4B8F1000F52D083
:10352000FEF7E0FE5445D9F81050E4D8EA6D510793
:1035300002F00703DFD413E099F8A5200133022439
:1035400042F48062042B2A6627D08A4503F10103E6
:1035500009EB01020ED992F8A520042B2A66CAD0E5
:103560000121002CE8D02146013301348A4509EBC2
:103570000102F0D8B8F1000FBDD04FF400732B66F4
:103580006B691A05BAD52B69042043F440732B618B
:10359000BDE8F0870420BDE8F0870124ABE72B6984
:1035A0004FF40072042043F440732B612A66BDE897
:1035B000F0872B694FF40072022043F440732B61B3
:1035C0002A66BDE8F0870020E5E700BF3CC2012085
:1035D0002DE9F04782460C4615461F46FFF75AFF75
:1035E000002800F08F8063000021012DDFF81C818E
:1035F000DBB240F2014638BF01250C461E43D8F825
:103600000090AAF8A2101EE09AF8A330872B3DD9AB
:1036100051690B0557D411F4105F67D1D8F8003009
:10362000A3EB0903322B61D89AF8A330AB4208D33D
:10363000022C06D9D36D580703D18B0547D4002F30
:1036400045D0FEF74FFE022CDAF81020DCD8D36DFF
:10365000590703F00700D7D421466C1E084444F4F0
:10366000807441B916660131431A032B01D802292F
:10367000F7D90C46C8E7012931D017B14FF40073D0
:1036800013669AF8A3300324872BC1D8D16D11F4A7
:10369000E02FC1F3024EBBD0591C9E441933C9B26E
:1036A0005FFA8EFE5AFA83F3D2F870C0481C714557
:1036B0008AF8A310C1B203F801CFA9D08929F3D1A8
:1036C00051690B05A7D5136943F440731361D36D9A
:1036D00013F4E02F05D19AF8A300BDE8F087146633
:1036E000C1E7136943F400731361F4E713694FF4FE
:1036F000007143F4407313611166D36D13F4E02F2E
:10370000E9D0EEE70420BDE8F08700BF3CC201200D
:10371000036970B5D3F81451044615F4706201D0F2
:10372000C3F81421AE070BD5D3F8701108043ED5A9
:103730000022012084F8A220224484F8A30091767C
:10374000EA0710D594F83061F6B194F82E6194F838
:103750002F21B24227D9721C264484F82E2196F8D4
:10376000A520C3F86021AB050DD594F8A30018B1CE
:10377000D4F83C3103B198470023A4F8A230A4F850
:103780002E3184F8303170BDD4F838210AB1904719
:103790002369002284F82E21012284F8302194F834
:1037A0002F21B242D7D80022C3F86021DBE794F87A
:1037B000A320872AC4D8501CC0B2BDE70148FFF738
:1037C000A7BF00BF8CD100200148FFF7A1BF00BFF9
:1037D000CCD200200148FFF79BBF00BF0CD40020D3
:1037E00010B4144C00220369A1421A6114D8124C7F
:1037F000012012494FF430329C6458629962DA62B7
:103800009C6C00204FF0011101221C6518625DF8CC
:10381000044B99651A6170470948814207D9094CE0
:1038200009480A499C645A629862D962E8E7084CE0
:103830000848F6E77F1A06003B372819B80B05053C
:103840003F420F000A09070460090101007F0500DB
:103850001C1A120C100E020210B5094C094922461E
:103860000948FFF75DFD04F1500208490848FFF7D9
:1038700057FD04F1A00207490748FFF751FD10BDAD
:10388000E41E006000003F408CD1002000803F40DB
:10389000CCD2002000C03F400CD40020FDEEC07B05
:1038A0000E4917EE902A81FB0231D317C3EB610357
:1038B00003EB4303A2EB83030B2B05D8084A02EB6F
:1038C000C30393ED000B70479FED020B704700BFE1
:1038D000AFF300800000000000000000ABAAAA2A9D
:1038E000B0AB00209FED077BB7EE006BB4EEC70BCB
:1038F000F1EE10FA8CBFB0EE460BB0EE470B7047FE
:10390000AFF3008000000000000000009FED077B87
:10391000B7EE006BB4EEC70BF1EE10FA8CBFB0EE51
:10392000470BB0EE460B7047AFF30080000000007D
:1039300000000000114B9FED0F7B93ED006B36EE06
:10394000075BB4EEC05BF1EE10FA06DD37EE465BC6
:10395000B4EEC05BF1EE10FA09D4B5EEC00BF1EE97
:1039600010FACCBF30EE460B36EE000B7047B0EECF
:10397000470B7047000000000000000010AC002062
:10398000000000009FED0F7B31EE076BB4EEC06BC3
:10399000F1EE10FA06DD37EE416BB4EEC06BF1EEDE
:1039A00010FA09D4B5EEC00BF1EE10FACCBF30EE30
:1039B000410B31EE000B7047B0EE470B704700BF74
:1039C000AFF300800000000000000000074B93ED03
:1039D000006B9FED047BB4EEC06BF1EE10FA37FE86
:1039E000000B7047000000000000000018AC002031
:1039F000014B01221A7070471BC40120014B0122A8
:103A00001A7070471CC40120704700BF38B5054CC0
:103A1000A4F1B005103C2046FEF7C8F9AC42F9D13C
:103A200038BD00BF10E3002038B5054CA4F1B00547
:103A3000103C2046FEF7BAF9AC42F9D138BD00BFC0
:103A400060E2002038B50B4D05F5E06404F130006C
:103A5000FEF7ACF904F12000FEF7A8F904F110001C
:103A6000FEF7A4F92046FEF7A1F9AC42A4F1400408
:103A7000ECD138BDDC44012010B50446006818B113
:103A8000A168091AFBF716FF204610BD70B5D0E9F2
:103A900003450C4B0646AC42036007D004F1080016
:103AA0001834FEF783F9A542F8D1F56825B171699C
:103AB0002846491BFBF7FEFE30461821FBF7FAFEAD
:103AC000304670BD2C890020F0B5571E54BF3B46D0
:103AD0001346B1EB630F45DA5D108C466FF040463C
:103AE0000CF1010300EB8C0406EB430C00EBC30E5E
:103AF00000EB8C0CDEED007A5B009CED007AF4EEBE
:103B0000C77AF1EE10FA04D5013B00EB830EDEED2F
:103B1000007AAB429C46C4ED007AE1DBD40726D59F
:103B20005A1E48BF1A468B424FEA62020BDC16E06F
:103B3000B2F1010C1346C4ED007A48BF9446994295
:103B40004FEA6C020BDA00EB820E00EB8304DEED31
:103B5000007AB4EEE70AF1EE10FAE9DCA6468EED43
:103B6000000AF0BDD30700EB810EF8D40B46023AF1
:103B700048BF3A46B3EB620FD2D15A1C530000EB58
:103B8000C202013B52F8042CCEF8002000EB830E59
:103B9000C6E700BF884234D070B505460E46041D06
:103BA0002DED028BA64214D02246D5ED007AB4EC5E
:103BB000018AB4EEE78AF1EE10FA0DD5954204D0F1
:103BC000521B2946281D26F02BFCA64285ED008AB3
:103BD000EAD1BDEC028B70BD54ED027A131FB4EE36
:103BE000E78AF1EE10FA09D51A46C3ED017A73EDB2
:103BF000017AB4EEE78AF1EE10FAF5D482ED008A8C
:103C0000D0E77047814239D02DE9F0410446006881
:103C10000D46A368D1E900671B1AA7EB0608984573
:103C20000ED863681A1A904529D8B74204D0424684
:103C3000314626F0F5FB206840446060BDE8F08125
:103C4000B8F1000F31D01D4B984530D84046FBF7F6
:103C50002DFE0546B74204D0424631462846FBF7C2
:103C60008BFD206818B1A168091AFBF723FE05EB4C
:103C700008002560A0606060BDE8F08170473AB13F
:103C8000314626F0CDFBD4E90003D5E900671A1AC6
:103C9000B118B942D0D018467A1A26F0C1FB236871
:103CA00003EB08006060BDE8F0814546D2E7B8F15B
:103CB000000F01DA16F080FC16F06EFCFCFFFF7FAF
:103CC000F8B50B1A402B40F3A38005461746002A8F
:103CD0007DD02E1DDB10D5ED017A013F11ED016A7B
:103CE00005EB830393ED007AF4EEC77AF1EE10FA58
:103CF00043D5B4EEC67AF1EE10FA5DD4F4EEC67A8E
:103D0000F1EE10FA43D495ED007AC5ED007A85ED19
:103D1000017A51ED016AF4EEC77A8C463346F1EE32
:103D200010FA28DD04331C46B3EC017AB4EEE77ACE
:103D3000F1EE10FAF7D4F4EEE76AACF1040CF1EE10
:103D400010FA06DD7CED016AF4EEE76AF1EE10FA96
:103D5000F8DC644526D22346E3EC016A8CED007A58
:103D6000D5ED007A94ED017A5CED016AF4EEC77A44
:103D7000F1EE10FAD6DC1C46DDE7F4EEC67AF1EE81
:103D800010FAC0D4B4EEC67AF1EE10FA14D5D5ED1F
:103D9000006A85ED006A41ED016A95ED017AD5ED85
:103DA000007AB8E73A462046FFF78AFF631B402BAC
:103DB0002EDD6FB121468DE72A6885ED007A1A6005
:103DC00095ED017AD5ED007A51ED016AA3E70C4635
:103DD0009E102846B11E3246491005EB810797ED2B
:103DE000000AFFF771FE013937ED010A3246284615
:103DF000FFF76AFE0029F6D134ED010A00212B6895
:103E00002846661B2360B210FFF75EFE042EF3DC2B
:103E1000F8BD00BF38B50B4CA4F5A85504F130002F
:103E2000FDF7C4FF04F12000FDF7C0FF04F110000E
:103E3000FDF7BCFF2046FDF7B9FFAC42A4F14004FA
:103E4000ECD138BD1C61012070B5D0E903450A4BA7
:103E50000646AC42036007D004F108001834FDF7B1
:103E6000A5FFA542F8D1F56825B171692846491B1F
:103E7000FBF720FD304670BD2C890020E0292DE99C
:103E8000F0410C4605469DF818C022D80CF1FF31D0
:103E9000C9B20F291FD820061DD51F466B6D2143BF
:103EA0001646186804F0EF0403681B6898476B6DAA
:103EB00006F07F01186803681B689847C02C0AD079
:103EC0006B6D07F07F0118680368BDE8F0411B685F
:103ED0001847F72901D8BDE8F0810834DD23E4B2A2
:103EE000E340DB07F7D5436DEDE700BF2DE9F04177
:103EF000D0E900678046BE4215D0D6E90845AC42FD
:103F000006D0201D1434FDF751FFA542F9D1356AC2
:103F100025B1B16A2846491BFBF7CCFC2C36B742C9
:103F2000EBD1D8F800702FB1D8F808103846C91B6B
:103F3000FBF7C0FC4046BDE8F08100BF70B5D0E99A
:103F400001450A4B0646AC42036006D020461034B9
:103F5000FDF72CFFA542F9D1756825B1F168284617
:103F6000491BFBF7A7FC304670BD00BF3C89002011
:103F700070B5D0E901450C4B0646AC42036006D053
:103F800020461034FDF712FFA542F9D1756825B11E
:103F9000F1682846491BFBF78DFC30464FF4117140
:103FA000FBF788FC304670BD3C890020104B5B5C01
:103FB00003B9704730B585B00C4605460D496846D3
:103FC000FDF730FF0C49684601EB0411FEF754F889
:103FD0000A49FEF759F82946FEF74EF80146084807
:103FE000FBF7BAFE6846FDF7E1FE05B030BD00BF45
:103FF00070B400209C46002060E20020B0A60020A3
:1040000060610120114B5B5C03B9704730B585B02E
:104010000C4605460E496846FDF704FF0D49684603
:1040200001EB0411FEF728F80B49FEF72DF829469D
:10403000FEF722F801460948FBF78EFE0748FBF71A
:10404000B1FE6846FDF7B2FE05B030BD70B4002089
:104050009C46002060E20020B0A6002060610120A4
:1040600008B10020704700B585B007496846FDF7E4
:10407000D9FE05216846FFF7C5FF6846FDF796FEA5
:10408000002005B05DF804FB7C470020184B19495F
:104090001B6830B501258DB00446C0F8903080F81B
:1040A000965004A8FDF7BEFE0A22D4F89010684688
:1040B000FDF72CFF694604A8FDF7DEFF014608A8BE
:1040C000FDF722FE082108A8FFF79CFF08A8FDF7CE
:1040D0006DFE6846FDF76AFE04A8FDF767FE94F8DA
:1040E00097000021FAF72EF928460DB030BD00BF29
:1040F0003CC201208877002010B58CB004461149DD
:1041000004A8FDF78FFE94ED270A02216846FDF70B
:1041100015FF694604A8FDF7AFFF014608A8FDF7A3
:10412000F3FD082108A8FFF76DFF08A8FDF73EFE84
:104130006846FDF73BFE04A8FDF738FE01200CB0F1
:1041400010BD00BFB45B0020F0B52DED028B9BB01D
:10415000074600F1080300F1580110AC2246B3EC09
:10416000027BB7EEC77B8B42A2EC017AF7D1062225
:104170001AA910A81AAEFFF7A3FD1AA910A80A25BC
:10418000FFF708FDF2EE045A9DED155A10AB9FEDB6
:104190004F6A35EE257A0AE075EE656AF4EEE67A46
:1041A000F1EE10FA0AD4B34236EE276A0AD0F3ECE5
:1041B000017AF4EEC77AF1EE10FAEDDDB34205F1C3
:1041C000FF35F4D107EE905AF8EEE77A86EE278AAB
:1041D000B5EEC08AF1EE10FA06D4DFED3D7AB4EE0A
:1041E000E78AF1EE10FA68DD3A4908A8FDF71AFEF1
:1041F000B0EE480A022104A8FDF7A0FE04A908A811
:10420000FDF73AFF3449FDF73FFF294605460A22EC
:104210006846FDF733FE69462846304DFDF72CFF12
:1042200001460CA8FDF770FD05210CA8FFF7BEFEA6
:104230000CA8FDF7BBFD6846FDF7B8FD04A8FDF727
:10424000B5FD08A8FDF7B2FD25490CA8FDF7EAFD6C
:104250000CA80521FFF7AAFE0CA8FDF7A7FDB4ECFA
:10426000010A022104A8FDF769FE04A908A8FDF7C8
:104270004BFD294608A8FDF707FF01460CA8FDF7EE
:1042800043FD05210CA8FFF791FE0CA8FDF78EFD5C
:1042900008A8FDF78BFD04A8FDF788FDB442DED128
:1042A00010490CA8FDF7BEFD05210CA8FFF7AAFEDA
:1042B0000CA8FDF77BFD97ED188AB0EE480A87ED54
:1042C000188A1BB0BDEC028BF0BD00BF00000000DF
:1042D00000007A44107700203877002054770020BF
:1042E0004C77002040A70020838BF0B501330446B3
:1042F00000799DB083420FDAE2884FF0FF35A38347
:10430000531C043225609BB224F81210834228BF4C
:104310000023E3801DB0F0BDE2880546531C043243
:104320009BB224F81210834228BF0023E38050B1CF
:10433000A31D002203EB400533F8021F9D420A44EF
:10434000FAD1B2FBF0F594F82E30002B5DD094F842
:104350003830002B40F0BD8094F83930002B40F00D
:10436000CF802268238E9A4204DCAB4205DB9A425E
:1043700040F0C680AB4240F3C3808D4914A8FDF7DE
:1043800051FD0A22216810A8FDF7A8FD10A914A864
:10439000FDF772FE8749FDF777FE06460A22294699
:1043A0000CA8FDF79BFD0CA93046FDF765FE824980
:1043B000FDF76AFE06460A22218E08A8FDF75EFD7B
:1043C00008A93046FDF758FE014618A8FDF79CFCE9
:1043D000082118A8FFF716FE18A8FDF7E7FC08A8A3
:1043E000FDF7E4FC0CA8FDF7E1FC10A8FDF7DEFCEE
:1043F00014A8FDF7DBFCB4F93230002B7AD16F4BF7
:1044000001221B68A277236216E06C4E216A336892
:10441000228D5B1A9342236811D2628D991AA942A8
:1044200002DC1344AB426BDA94F83A30002B6CD1C7
:1044300001223368A277236225601DB0F0BDA28DF2
:10444000991AA94202DC1344AB4259DA94F83A3083
:10445000002BEDD05A4914A8FDF7E4FC0A22A18DE7
:1044600010A8FDF70BFD10A914A8FDF705FE55498E
:10447000FDF70AFE07460A2229460CA8FDF72EFD85
:104480000CA93846FDF7F8FD4F49FDF7FDFD07463D
:104490000A22216808A8FDF721FD08A93846FDF782
:1044A000EBFD014618A8FDF72FFC18A80821FFF71F
:1044B000A9FD18A8FDF77AFC08A8FDF777FC0CA861
:1044C000FDF774FC10A8FDF771FC14A8FDF76EFC55
:1044D000AEE7F9F70DFF626BB4F93230801A9842FB
:1044E0000ED3364B012100221B68A17784F83820B7
:1044F0002362A1E7012384F83830F9F7F9FE6063FD
:10450000A37F002B98D11DB0F0BD304914A8FDF752
:1045100089FC236A31680A2210A8C91AFDF7F6FC43
:1045200010A914A8FDF7A8FD2949FDF7ADFD074620
:104530000A22218D0CA8FDF7A1FC0CA93846FDF735
:104540009BFD2449FDF7A0FD07460A22618D08A8BE
:10455000FDF794FC08A93846FDF78EFD1949FDF7D3
:1045600093FD07460A22294604A8FDF7B7FC04A9D3
:104570003846FDF781FD1449FDF786FD07460A22FE
:1045800021686846FDF7AAFC69463846FDF774FDC8
:10459000014618A8FDF7B8FB082118A8FFF732FD5F
:1045A00018A8FDF703FC6846FDF700FC04A881E7A6
:1045B0002C80002034800020448000203CC2012058
:1045C00014810020E4800020F88000205880002022
:1045D0007C800020AC80002030B5044699B090F873
:1045E00068009DF87050002840F0BD8084F84F307E
:1045F00084F8501084F84E20654984F85150A4F88E
:10460000640010A8FDF70EFC0A2294F850100CA8C4
:10461000FDF734FC0CA910A8FDF72EFD5D49FDF750
:1046200033FD054694F84E1008A8FDF70FFC08A9C5
:104630002846FDF721FD5849FDF726FD054694F86B
:104640004F1004A8FDF702FC04A92846FDF714FD4D
:104650005249FDF719FD05460A2294F851106846A3
:10466000FDF70CFC69462846FDF706FD014614A837
:10467000FDF74AFB082114A8FFF7C4FC14A8FDF7B6
:1046800095FB6846FDF792FB04A8FDF78FFB08A891
:10469000FDF78CFB0CA8FDF789FB10A8FDF786FB46
:1046A00094F84E309FED3E7A07EE903A9FED3D6ACA
:1046B000DFED3D6AF8EE677A94F8665027EE877A68
:1046C000C4ED167AC6EE077A67EEA67AFCEEE77AB4
:1046D00017EE903AA4F85C30002D34D1062284F80D
:1046E000432094F85020002A4AD194F875100125EF
:1046F00081F0010194F84100F9F724FE2B4910A83C
:1047000084F84450FDF78EFB0A2261680CA8FDF77F
:10471000B5FB0CA910A8FDF7AFFC014614A8FDF7E6
:10472000F3FA082114A8FFF76DFC14A8FDF73EFB6F
:104730000CA8FDF73BFB10A8FDF738FB012384F81C
:10474000683019B030BD022294F8753094F850509A
:1047500084F84320BBB9294694F84100F9F7F2FDEB
:1047600084F84450EAE7124914A8FDF75BFB0521E1
:1047700014A8FFF747FC14A8FDF718FB19B030BDCB
:1047800094F87510B6E7B5FA85F14909E4E700BF7A
:104790005C63002070630020846300209863002025
:1047A00000007042002474490000003DAC6300200A
:1047B000446300202DE9F0418CB00C4606463E498A
:1047C00004A8DFF80081FDF72DFB0A222146684688
:1047D000FDF754FB694604A8384FFDF74DFC014630
:1047E00008A8FDF791FA072108A8FFF70BFC08A815
:1047F000FDF7DCFA6846FDF7D9FA04A8FDF7D6FA0A
:10480000013430462146FDF7A7FC034608A8197875
:10481000FDF7AEFA414608A8FDF788FC054608A852
:10482000FDF7C4FA002D3AD121463046FDF794FC3D
:10483000034608A81978FDF79BFA394608A8FDF742
:1048400075FC38B9B36808A8013B9C4202DAFDF751
:10485000ADFAD5E708A8FDF7A9FA194904A8FDF7AC
:10486000E1FA0A2221466846FDF708FB694604A8DA
:10487000FDF702FC014608A8FDF746FA072108A843
:10488000FFF7C0FB08A8FDF791FA6846FDF78EFA1E
:1048900004A8FDF78BFA20460CB0BDE8F081314644
:1048A00008A8FDF731FA214608A8FFF783FF044660
:1048B00008A8FDF77BFAB7E74C5E0020685E002091
:1048C0006C5E0020544D00202DE9F04F8B468DB0DA
:1048D0003D490646FDF7A6FADBE900239B1A002BAB
:1048E0006EDD0025DFF8ECA0384FA846DFF8E89031
:1048F000514604A8FDF796FA0A2241466846FDF79C
:10490000BDFA694604A8FDF7B7FB3946FDF7BCFBC5
:10491000DBF80010044608A829440C31FDF7F4F92F
:1049200008A92046FDF7A8FB01463046FDF792FB9B
:1049300008A8FDF73BFA6846FDF738FA04A8FDF72A
:1049400035FADBF8003059195A594B689B1A002B7D
:1049500027DD0024394608A8FDF764FADBF80030AB
:10496000052104A85B5903EB8403013493ED000A8D
:10497000FDF7E4FA04A908A8FDF77EFB01463046DE
:10498000FDF768FB04A8FDF711FA08A8FDF70EFA79
:10499000DBF8003059195A594B689B1AB4EBA30F36
:1049A000D8DB0B493046FDF759FB08F101081C35EF
:1049B000DBE900239B1A9B1009FB03F3984597DB67
:1049C00030460DB0BDE8F08F805F0020104B002016
:1049D0003879002030790020B76DDBB6F0B583B0B0
:1049E00000260122044600AF0D46381D7E60F9F70F
:1049F00035FE3046F9F71AFE7860A8B100F10803D9
:104A00006E46421C291D23F00703ADEB030D6846DB
:104A1000F9F724FE69462046FDF7CAFA7868B546DC
:104A20000C370230BD46F0BD04492046FDF7C0FA00
:104A300078680C370230BD46F0BD00BF805F0020B3
:104A4000F8B5D0E9085706461B4B781B801003FBCE
:104A500000F070B300231A4601E083422AD202EB31
:104A60008202013315F822C09BB205EB82048C450B
:104A70001A46F2D104F11403BB4212D0FB1A0E4ABB
:104A80009D10002B02FB05F50BDD0434237C204632
:104A9000143404F8183C2146FDF774FA013DF5D1B1
:104AA000776AA7F11403A7F110007362FDF77EF98E
:104AB0000120F8BD0020F8BDCDCCCCCC38B50446E3
:104AC0000F490068FDF774FA0E4D0F49A068FDF715
:104AD0006FFA0E496068FDF76BFA2946E068FDF74A
:104AE00067FA29462069FDF763FA09496069FDF70D
:104AF0005FFA0849A069FDF75BFA7F23237738BD89
:104B000050720020805F0020587200207C720020CC
:104B1000C8720020E472002070B504460025102001
:104B2000A562C4E90855FAF7C1FE06462946FDF715
:104B300079F926601020FAF7B9FE06462946FDF7F6
:104B400071F9A6601020FAF7B1FE06462946FDF776
:104B500069F966601020FAF7A9FE06462946FDF7B6
:104B600061F9E6601020FAF7A1FE06462946FDF736
:104B700059F926611020FAF799FE06462946FDF7F5
:104B800051F966611020FAF791FE29460546FDF7B6
:104B900049F92046A561FFF791FF204670BD00BF8F
:104BA0002DE9F04188B00C460546304968469046EC
:104BB000FDF738F92E4904A8FDF734F904A9204679
:104BC000FDF7F4FA064604A8FDF7F0F8294904A811
:104BD000FDF728F904A92046FDF7E8FA074604A8DE
:104BE000FDF7E4F8BE4239DB30DCB8F1000F22D12A
:104BF0003EB337B3694604A8FDF786F8214604A8FA
:104C0000FDF73AFA6946FDF737FA01462046FDF707
:104C1000B1F904A8FDF7CAF814496846FDF786FA09
:104C200021462846FDF78EF86846FDF7BFF828466E
:104C300008B0BDE8F0810E496846FDF7B9F9002ECD
:104C4000D7D10A496846FDF7B3F9D3E70949684661
:104C5000FDF7AEF9B8F1000FCAD0ECE70449684699
:104C6000FDF7A6F9B8F1000FC2D0E4E7805F00209D
:104C7000685E0020544D00202DE9F04F91B08B4626
:104C8000074651490CA8FDF7CDF89BF81C1008A861
:104C9000FDF7DCF808A90CA8FDF7EEF94B49FDF784
:104CA000F3F901463846FDF72FF808A8FDF77EF81E
:104CB0000CA8FDF77BF84649DBF80000FDF736FA53
:104CC000002800F08F804349DBF80800FDF72EFA3A
:104CD000002800F0B2803F49DBF80400FDF726FA17
:104CE000002800F0D5803B49DBF80C00FDF71EFAE8
:104CF000002800F0F8803749DBF81000FDF716FABD
:104D0000002800F01B813349DBF81400FDF70EFA90
:104D1000002800F03E812F49DBF81800FDF706FA65
:104D2000002800F06181DBE908239B1A002B46DD97
:104D3000002504ACDFF8A4A02E46DFF8A49051466D
:104D40002046FDF76FF8DBF8203068460136595DE4
:104D5000FDF77CF869462046FDF78EF94946FDF7D8
:104D600093F9DBF82010804608A829441435043153
:104D7000FCF7CAFF012208A90CA8FFF711FF0CA934
:104D80004046FDF779F91149FDF77EF901463846AD
:104D9000FDF760F90CA8FDF709F808A8FDF706F87B
:104DA0006846FDF703F82046FDF700F8DBE9082325
:104DB0009B1A094A9B1002FB03F39E42BFDB384655
:104DC00011B0BDE8F08F00BFFC72002038790020E0
:104DD00050720020805F0020CDCCCCCC50730020DE
:104DE000104B002004AC92490CA8FDF71BF8DBF82F
:104DF00000102046FCF788FF0122214608A8FFF793
:104E0000CFFE08A90CA8FDF737F98A49FDF73CF950
:104E100001463846FDF71EF908A8FCF7C7FF2046F3
:104E2000FCF7C4FF0CA8FCF7C1FF8349DBF80800BE
:104E3000FDF77CF900287FF44EAF04AC7F490CA845
:104E4000FCF7F0FFDBF808102046FCF75DFF0122BD
:104E5000214608A8FFF7A4FE08A90CA8FDF70CF945
:104E60007449FDF711F901463846FDF7F3F808A833
:104E7000FCF79CFF2046FCF799FF0CA8FCF796FF77
:104E80006D49DBF80400FDF751F900287FF42BAFE2
:104E900004AC6B490CA8FCF7C5FFDBF804102046F6
:104EA000FCF732FF0122214608A8FFF779FE08A986
:104EB0000CA8FDF7E1F85F49FDF7E6F80146384632
:104EC000FDF7C8F808A8FCF771FF2046FCF76EFF55
:104ED0000CA8FCF76BFF5849DBF80C00FDF726F92E
:104EE00000287FF408AF04AC56490CA8FCF79AFFE1
:104EF000DBF80C102046FCF707FF0122214608A82A
:104F0000FFF74EFE08A90CA8FDF7B6F84949FDF7D2
:104F1000BBF801463846FDF79DF808A8FCF746FFA8
:104F20002046FCF743FF0CA8FCF740FF4249DBF8A2
:104F30001000FDF7FBF800287FF4E5AE04AC424911
:104F40000CA8FCF76FFFDBF810102046FCF7DCFE26
:104F50000122214608A8FFF723FE08A90CA8FDF7A7
:104F60008BF83449FDF790F801463846FDF772F8A2
:104F700008A8FCF71BFF2046FCF718FF0CA8FCF75D
:104F800015FF2D49DBF81400FDF7D0F800287FF459
:104F9000C2AE04AC2D490CA8FCF744FFDBF814109A
:104FA0002046FCF7B1FE0122214608A8FFF7F8FDD4
:104FB00008A90CA8FDF760F81E49FDF765F8014641
:104FC0003846FDF747F808A8FCF7F0FE2046FCF746
:104FD000EDFE0CA8FCF7EAFE1749DBF81800FDF718
:104FE000A5F800287FF49FAE04AC19490CA8FCF783
:104FF00019FFDBF818102046FCF786FE0122214637
:1050000008A8FFF7CDFD08A90CA8FDF735F8094958
:10501000FDF73AF801463846FDF71CF808A8FCF7FA
:10502000C5FE2046FCF7C2FE0CA8FCF7BFFE7AE6E0
:105030000473002038790020805F00200C7300206A
:105040001C73002028730020347300203C73002060
:1050500048730020F0B50C4689B005460846FDF7B8
:1050600005F901462046FCF785FF00212046FDF7A3
:1050700073F8034668461978FCF77AFE39496846A2
:10508000FDF754F800283ED0684604AEFCF78EFECB
:1050900035496846FCF7C6FE21466846FCF7ECFF3A
:1050A0003249FCF7F1FF01463046FCF72DFE08219E
:1050B0003046FEF7A7FF3046FCF778FE6846FCF75F
:1050C00075FE00212046FDF747F8A16807782046C5
:1050D0000139FDF741F80378BB4236D1A3680122BC
:1050E00021463046013BFDF785F831462046FCF766
:1050F00049FF3046FCF75AFE21462846FCF722FEBF
:10510000284609B0F0BD04AE01462046FDF724F85C
:1051100001783046FCF72CFE15493046FDF706F8BD
:1051200030B13046FCF742FE6846FCF73FFEAFE781
:105130003046FCF73BFE6846FCF738FE2146284621
:10514000FCF700FE284609B0F0BD0A493046FCF7DE
:1051500069FE30460521FEF755FF3046FCF726FE76
:10516000BCE700BF544D0020DC4600200047002073
:10517000685E0020044700202DE9F04F2DED028BE2
:105180008FB007468A46002102A808EE102AFCF7D5
:1051900049FE4C4902A8FCF70BFFD7E900239B1AF4
:1051A000002B40F38D8000230AAE11460193019B32
:1051B00002A8C3EBC30401EB8401A5000C31FCF78A
:1051C00049FF3B685A1953F8240053681B1A002BF7
:1051D00053DD0024DFF8FC90034603EB041B06A814
:1051E0004FEA041801345946FCF78EFD06A93046F3
:1051F000FFF730FF31465846FCF7C4FE3046FCF757
:10520000D5FD06A8FCF7D2FD494602A8FCF726FF0B
:105210003A6806AB5146525952F808002A4A00280B
:1052200008BF104618EE102AFEF702F8834698B120
:10523000FDF780FD3A68B7EEC00B052152593046A4
:1052400042440092FCF77AFE009A31461046FCF781
:1052500099FE3046FCF7AAFD3A6802A8515941442C
:10526000FCF7F8FE5846FDF739FA3B685A195B59C6
:105270005268D21AB4EB221FAFDB144902A8FCF724
:10528000EDFE019A12480132D7E9001301925B1A30
:105290009B1000FB03F39A4289DB02A93046FCF71E
:1052A00033FD07213046FEF7ADFE3046FCF77EFDAC
:1052B00002A8FCF77BFD0FB0BDEC028BBDE8F08FC0
:1052C0000AAEEAE7885E00208CAA0020286600204B
:1052D000B76DDBB6104B002070B588B0144606469B
:1052E0000D4668461146FCF70FFD694604A8FFF716
:1052F000B1FE04A92046FCF745FE04A8FCF756FDC4
:105300006846FCF753FD7068214600EB0510FCF77A
:1053100031FE012008B070BD2DE9F047A04C8AB0E5
:105320001820A04DFAF7C2FA00222368074605604C
:1053300002610281C260002B00F027811A465B697E
:10534000002BFBD157614FF00009974B1620974E69
:105350003B60C7F81490C7F8049087F80A90EDF7FF
:1053600005FD9C203760FAF7A1FA4FF480710246E0
:105370002368804642F8985B0181C0F89890C0E9A4
:105380000392002B00F009811A465B69002BFBD1C8
:10539000C2F814804FF00009854B404680224946F0
:1053A000C8F81490C8F8049088F80A9040F8183BA0
:1053B00025F0D2F87F4B80494046059305AA079314
:1053C0007E4B7F4F06937F4BC7F80080CDE90813D3
:1053D0004946EDF7AFFB41F65810FAF767FA41F688
:1053E000541300F5805105600344C0F80C9003612C
:1053F0004FF4807303812368C1F85499002B00F0A7
:10540000CA801A465B69002BFBD150614FF000093E
:105410006D4BDFF8E0810360C0F81490C0F8049091
:1054200080F80A90C8F80000242081F88C9881F850
:105430008F98FAF73BFA4FF480710246236842F8DE
:10544000185B0181C0F81890C0E90392002B00F0AE
:10545000A0801A465B69002BFBD150615B4B4FF07B
:10546000000ADFF89491036047F6FF73C0F814A0B8
:10547000C3834FF40043C0F804A0038480F80AA05B
:10548000C9F800003020FAF711FA014623684FF4FA
:1054900080700A4642F8185B0881C1F818A0C1E97B
:1054A00003A2002B73D01A465B69002BFBD151611C
:1054B000474B00240022474D0B6000234C61142011
:1054C0004C608C728C622960C1E90823FAF7EEF90E
:1054D000316882463B6803910293F8F7B9FC224693
:1054E0000399029B50460094F8F726FD3A4B14208E
:1054F000C3F800A0FAF7DAF939688246D8F8003024
:1055000003910293F8F7A4FC22460399029B5046AC
:105510000094F8F711FD314B1420C3F800A0FAF7FE
:10552000C5F939680746D9F8003003910293F8F7B6
:105530008FFC224638460094DDE90231F8F7FCFC86
:10554000274B14201F60FAF7B1F931682B68054624
:1055500003910293F8F77CFC224628460094DDE98B
:105560000231F8F7E9FC1F4B1F481E211D6029F08E
:1055700001FD1E4B01229FED1E0AD8F800001A7093
:105580000AB0BDE8F047EDF7ADB92060DBE6216079
:105590008EE7206062E7206038E72060FAE600BF0F
:1055A0005CDD002020890020AC8900204CE1002037
:1055B000808A0020E0323100D43F4C8AC16562000D
:1055C00050E10020AF8B78368C8A0020A089002023
:1055D000948900206CE1002060E1002058E1002067
:1055E0005CE1002064E10020A04420201DC40120D3
:1055F0006666E63E54E1002068E10020174A116823
:1056000072B60B7F03F0FF000BB100230B7762B67D
:1056100008B3136872B647F6FF7C4FF40040B3F945
:105620001E20B3F92010A3F81EC0188462B6002A09
:105630009FED0B7AB8BF52420029B8BF494293B2DE
:105640008AB29342B8BF134607EE903AF8EEE77A73
:1056500087EE870A7047BFEE000A704768E10020B6
:1056600000FEFF462DE9F04F054601200C462DEDCA
:10567000028B83B00092EA7B904003FA02F344D499
:1056800003F50043002B1E4660DB002B4FEA264645
:1056900063DB272C33D8BD4BB6B203EB840813F879
:1056A000249098F80170B9F1010FC7F3011B07F0BE
:1056B000030735D0B9F1020F21D16B68002B00F040
:1056C0008E80DDED007AB8EE678AD5ED027AF4EED1
:1056D000487AF1EE10FA5AD1324639461846FAF7AE
:1056E00059FCAB4B012098F8032003EB04135B68D3
:1056F0001A60AC7303B0BDEC028BBDE8F08F0020E4
:1057000003B0BDEC028BBDE8F08FA3F50043002B86
:105710001E4624DB002B4FEA2646BADB0136B8E7EB
:105720002A68002A41D0DDED007AB8EE678AD5ED0F
:10573000027AF4EE487AF1EE10FA18D110463346A8
:10574000394698F80220FAF75DFBCAE74FF6FF7674
:10575000002B1E444FEA26469BDA013E99E74FF69E
:10576000FF76002B1E444FEA264692DBD6E73946E9
:105770001046B0EE480A98F80220FAF79DFB85ED36
:10578000028A98F801702A6807F00307D6E73946BD
:105790001846B0EE480AFAF727FC85ED028A98F819
:1057A00001706B6807F0030796E7BBF1010F00F08B
:1057B000AB80BBF1020F2BD0BBF1000F50D007F133
:1057C0000C0BDFF818A273495AF82B302960002B14
:1057D00040F0A880009B0A464AF82B30A3E7BBF1B3
:1057E000010F7FD0BBF1020F47D0BBF1000F6BD090
:1057F00007F1090ADFF8E891674959F82A2069603A
:10580000002A40F0BB80009B49F82A300B4658E73D
:1058100007F1080BDFF8C4A160495AF82B30296062
:10582000002BD7D006215E480192FCF7EFF9312119
:105830005C48FCF7EBF949465B48FCF7E7F9019A4D
:105840005AF82B1013460A225848FAF7C7FA574855
:10585000FAF7A8FA98F801702A6807F0030762E7D8
:10586000DFF878A152495AF827302960002B61D11E
:10587000009B0A464AF8273055E707F1060ADFF889
:1058800060914C4959F82A206960002ABBD0062152
:1058900043480193FCF7BAF931214748FCF7B6F9C0
:1058A00001214148FCF7B2F9019B59F82A100A225C
:1058B0003E48FAF793FA3D48FAF774FA98F80170FF
:1058C0006B6807F00307FCE6DFF814913B4A59F8D0
:1058D00027106A60002940F08580009B49F8273036
:1058E0001346EEE607F1030ADFF8F490344959F85D
:1058F0002A206960002A86D0062129480193FCF7F6
:1059000085F931212F48C9E707F1040ADFF8CC9067
:105910002D4959F82A302960F3B9009B0A4649F805
:105920002A3000E706211E480192FCF76FF9312169
:1059300026487EE706211A480192FCF767F93121D3
:105940002348FCF763F949461748FCF75FF9019AC9
:105950005AF82710134676E7062111480192FCF702
:1059600055F931211B48FCF751F959460E48FCF70F
:105970004DF9019A59F82A10134664E706210848A0
:105980000193FCF743F93121134887E75450002075
:10599000F49B002000803E4000801E4000403E40BE
:1059A000C85100203C5A0020A452002040AC0020E6
:1059B00000C03D4000401E400C5B002000C01D4068
:1059C00000001E40D85A002000003E40705A0020BF
:1059D000D4590020085A0020405B0020ACDC002095
:1059E000ECDC0020062108480193FCF70FF9312177
:1059F0000648FCF70BF901210548FCF707F9019B64
:105A000059F8271053E700BFC8510020A45A0020BE
:105A1000A4520020F8B50523002512BA61F07F01D9
:105A200063F30305037A4FEA122E4FF0000C63F381
:105A30000F2504467646604661F3174562F31F65FD
:105A4000CCF12002ACF1200325FA0CF708210EFA64
:105A500002F22EFA03F317431F43FFB205E0D8B258
:105A60004B1E7F0813F0FF010ED007F00102430028
:105A7000B2EBD01F83F00703F1D14B1E40007F082B
:105A800013F0FF01C0B2F0D10CF1080CBCF1380FDB
:105A9000D6D160F31F660F46C7F12003A7F1200C93
:105AA00025FA07F1226806FA03F3083726FA0CFCF8
:105AB000104619432AB141EA0C011368C9B21B68A8
:105AC0009847402FE8D1F8BD1C4A102138B5026133
:105AD0000446FFF79FFF1A4A20466C21E261002529
:105AE000FFF798FF174A204670216262FFF792FF86
:105AF0002A46204642216561FFF78CFF204611218E
:105B00001422FFF787FF2A4620461321FFF782FF62
:105B10002A4620462221FFF77DFF2A4620461421EF
:105B2000FFF778FF2A4620464021FFF773FF2A46F9
:105B300020464221BDE83840FFF76CBF101F01002E
:105B40005300011024000DC107291CD8DFE801F023
:105B50000D0415171911130F0722C37F6C2162F36F
:105B60000303C377C269FFF755BF0822F5E7012297
:105B7000F3E70322F1E70222EFE70622EDE7052231
:105B8000EBE70422E9E70022E7E700BF4FF4E07308
:105B900010B50446C3604160002102721A46FFF747
:105BA00039FF2046FFF790FF238A1021204623F477
:105BB000F85323F01F0323822269FFF72BFF637C36
:105BC000627D03F01F03217E132B94BF002301236A
:105BD00063F3C712627541BBB4F90A00002803DB06
:105BE0000121C0B2F8F7AEFB237F20466C216FF392
:105BF00003032377E269FFF70DFF94F82630204670
:105C000070216FF3820384F82630626AFFF702FF87
:105C100094F82630204670216FF3C30384F82630B1
:105C2000626ABDE81040FFF7F5BE62694221204676
:105C3000FFF7F0FED0E700BF90F86730ABB190F807
:105C40004430B0F86420F0B590F86650A1B0044636
:105C500085F0010503EB45036E0000EB4303B3F849
:105C600046309A4202D121B0F0BD7047724904A873
:105C7000FCF7D8F80A22B4F864106846FCF7FEF87E
:105C8000694604A8FCF7F8F96C49FCF7FDF994F8AB
:105C9000443007460A22334408A804EB4303B3F810
:105CA0004610FCF7EBF808A93846FCF7E5F964491B
:105CB000FCF7EAF907460A2229460CA8FCF7DEF8A9
:105CC0000CA93846FCF7D8F95E49FCF7DDF9074620
:105CD0000A2294F8441010A8FCF7D0F810A938460E
:105CE000FCF7CAF95849FCF7CFF907460A22B4F87D
:105CF0006A1014A8FCF7C2F814A93846FCF7BCF9DE
:105D00005249FCF7C1F907460A22616818A8FCF756
:105D1000B5F818A93846FCF7AFF901461CA8FBF7FF
:105D2000F3FF08211CA8FEF76DF91CA8FCF73EF84C
:105D300018A8FCF73BF814A8FCF738F810A8FCF7F3
:105D400035F80CA8FCF732F808A8FCF72FF86846DD
:105D5000FCF72CF804A8FCF729F894F8443093B128
:105D6000012B07D104EB8505B4F86A20B5F848107B
:105D7000914238D31E4404EB4606B6F84630A4F8E8
:105D8000643021B0F0BD04EB8502B2F84610B4F8DF
:105D90006A209142EED92E4918A8FCF743F80A224E
:105DA000616814A8FCF76AF814A918A8FCF764F94C
:105DB00001461CA8FBF7A8FF05211CA8FEF722F945
:105DC0001CA8FBF7F3FF14A8FBF7F0FF18A8FBF7DC
:105DD000EDFF94F84430F21804EB4202B2F846208A
:105DE000A4F86A20BCE71A4918A8FCF71BF80A2295
:105DF000616814A8FCF742F814A918A8FCF73CF94C
:105E000001461CA8FBF780FF05211CA8FEF7FAF845
:105E10001CA8FBF7CBFF14A8FBF7C8FF18A8FBF7DB
:105E2000C5FF94F84430F21804EB4202B2F8462061
:105E3000A4F86A209EE700BF706000208060002008
:105E400098600020A0600020AC600020B8600020B6
:105E5000D060002090F86830002B00F0D5800378E7
:105E60002DE9F043044695B0002B40F0CE80B4F805
:105E70006430B4F86A20934235D294F84410012972
:105E800037D094F87010002940F0FC80B4F86E50C0
:105E9000F8F72EFA236EC01AA84280F0C080A169DC
:105EA000F1B1B4F86E3007EE903AF8EE677AF5EE9D
:105EB000C07AF1EE10FA13D99FEDB37AF4EEC77AF7
:105EC000F1EE10FA0CDCF3EE086ABEEE007AA7EEF3
:105ED000A67AFCEEC77A17EE902A102A00F22581E6
:105EE00015B0BDE8F08379D994F84410002940F04A
:105EF000C2800CADDFF8C492A4492846FBF792FF9C
:105F000099F80530ABB1A24910A8FBF78BFFA14966
:105F100010A8FCF7B1F8A049FCF7B6F82946FCF741
:105F2000ABF8014604F13000FCF794F810A8FBF739
:105F30003DFF04AF2846FBF739FF9849384608AEC5
:105F4000FBF770FF0A22B4F86A106846FBF796FF69
:105F500069463846FCF790F89149FCF795F8804679
:105F60000A22B4F864103046FBF788FF31464046F9
:105F7000FCF782F88B49FCF787F894F84410FCF79B
:105F8000A5F801462846FBF7BFFE99F80830ABB1EB
:105F90007F4910A8FBF746FF834910A8FCF76CF86F
:105FA0007D49FCF771F82946FCF766F8014604F1D3
:105FB0003000FCF74FF810A8FBF7F8FE2846FBF777
:105FC000F5FE3046FBF7F2FE6846FBF7EFFE38467B
:105FD000FBF7ECFEB4F86430B4F86A209A427FF420
:105FE00050AF637F002B7FD094F87030002B40F0CF
:105FF000E78094F87130002B40F09E80012200234E
:10600000227784F868306BE77047FFF715FEB4F825
:106010006430B4F86A209342BFF465AF2DE7FF21E6
:1060200094F84000F8F78EF96049614A614B48687E
:106030001268A3FB0232920C52004B681B1A9A4260
:10604000FBD8002194F84000F8F77CF994F844302C
:10605000002B61D1B4F8643001339BB2A4F86430F2
:10606000F8F746F90123A169206684F87030002909
:106070007FF417AF34E794F8701000293FF406AFAF
:106080009B1A04E094F844100029F9D1D31A217B1B
:106090009942B4F86C300A46ACBF03F1FF330133C8
:1060A0001BB2002B6CDB994280F2CD800022A4F859
:1060B0006C10B4F85C300021D4ED026A03FB02F2EC
:1060C00007EE903A84F8701007EE102AF8EEE77A9F
:1060D000B8EEC77AE7EE267AFCEEE77A17EE903A4A
:1060E0009DB2A4F86E50D3E694F87130002B85D0A1
:1060F000B4F8722094F8753094F87450A4F86A20BB
:106100007BB9294694F84100F8F71CF9002384F87C
:10611000445084F87130E3E6B4F86430013B9BB23C
:106120009CE7B5FA85F14909ECE704F1100015B0D8
:10613000BDE8F043F9F784BA0CADDFF880901E4952
:106140002846FBF76FFE99F80830ABB1104910A84C
:10615000FBF768FE144910A8FBF78EFF0E49FBF70A
:1061600093FF2946FBF788FF014604F13000FBF757
:1061700071FF10A8FBF71AFE2846FBF717FEB7E7DA
:106180000023A4F86C3094E7ABAA2A4DF8600020F5
:106190009C460020B0E20020B0A600203461002020
:1061A0005C610020A0600020E0E20020001000E020
:1061B0003CAC002083DE1B439061002070B40020C3
:1061C00008AE04AF22490CAD3046DFF89490FBF7DF
:1061D00029FE0A22B4F864103846FBF74FFE394610
:1061E0003046FBF749FF01462846FBF78DFD99F83D
:1061F0000830ABB1174910A8FBF714FE164910A8D8
:10620000FBF73AFF1549FBF73FFF2946FBF734FF41
:10621000014604F13000FBF71DFF10A8FBF7C6FD97
:106220002846FBF7C3FD3846FBF7C0FD3046FBF7B9
:10623000BDFD94F87130002B3FF4E0AE637F002B7E
:106240003FF456AF7BE7CA1AA4F86C3031E700BFC1
:106250006C6100209C460020E0E20020B0A60020F7
:1062600070B40020B0F95420B0F864309A4230B5D0
:10627000044695B0C0F2C88094F86730002B00F057
:106280008D8094F86630002B40F0888094F851306F
:10629000002B00F0E780B4F8523094F8502004A8A6
:1062A000A4F8643004EB42027649A2F84A30FBF7C6
:1062B000B9FD0A2294F850106846FBF7DFFD6946E5
:1062C00004A8FBF7D9FE7049FBF7DEFE94F85030C6
:1062D00005460A2204EB430308A8B3F84A10FBF76B
:1062E000CDFD08A92846FBF7C7FE6849FBF7CCFEA1
:1062F00005460A2261680CA8FBF7C0FD0CA92846D8
:10630000FBF7BAFE014610A8FBF7FEFC082110A817
:10631000FDF778FE10A8FBF749FD0CA8FBF746FD3A
:1063200008A8FBF743FD6846FBF740FD04A8FBF710
:106330003DFD574908A8FBF775FD0A2294F8441063
:1063400004A8FBF79BFD04A908A8FBF795FE51499B
:10635000FBF79AFE05460A2294F875100CA8FBF785
:106360008DFD0CA92846FBF787FE014610A8FBF718
:10637000CBFC082110A8FDF745FE10A8FBF716FD81
:106380000CA8FBF713FD04A8FBF710FD08A8FBF70A
:106390000DFD032384F8433015B030BDB4F85C50D4
:1063A000F7F7A6FF236EC01AA84204D294F8703003
:1063B0002BBB15B030BDFF2194F84000F7F7C2FFAA
:1063C0003549364A364B48681268A3FB0232920CB4
:1063D00052004B681B1A9A42FBD8002194F84000E7
:1063E000F7F7B0FF94F84430002B45D0B4F8643090
:1063F000013B9BB2A4F86430F7F77AFF20660023D4
:1064000084F8703015B030BD26490CA8FBF70AFDA2
:106410000A22616808A8FBF731FD08A90CA8FBF760
:106420002BFE014610A8FBF76FFC082110A8FDF712
:10643000E9FD10A8FBF7BAFC08A8FBF7B7FC0CA80D
:10644000FBF7B4FC94F850308BB194F8751000252C
:1064500094F84100F7F776FF072384F8445084F856
:10646000433009E7B4F852305B429BB215E794F829
:10647000751001256940EBE7B4F8643001339BB235
:10648000B8E700BFF8610020FC6F0020E862002040
:106490001C62002044620020001000E03CAC0020A0
:1064A00083DE1B43B861002090F8773030B5044696
:1064B00095B02BB1B0F86430B3F5207F00F2938033
:1064C00094F867301BB194F86630002B36D1B4F8DD
:1064D0005C50F7F70DFF236EC01AA84204D294F85F
:1064E000703033BB15B030BDFF2194F84000F7F792
:1064F00029FF8349834A844B48681268A3FB023210
:10650000920C52004B681B1A9A42FBD8002194F857
:106510004000F7F717FF94F84430002B00F0E780B5
:10652000B4F86430013B9BB2A4F86430F7F7E0FEA6
:106530002066002384F8703015B030BD94F85030D8
:1065400004A8B4F8642004EB43037049A3F8462080
:10655000FBF768FC0A2294F850106846FBF78EFCA3
:10656000694604A8FBF788FD6949FBF78DFD94F89F
:10657000503005460A2204EB430308A8B3F846103E
:10658000FBF77CFC08A92846FBF776FD6149FBF781
:106590007BFD05460A2261680CA8FBF76FFC0CA97D
:1065A0002846FBF769FD014610A8FBF7ADFB082163
:1065B00010A8FDF727FD10A8FBF7F8FB0CA8FBF7C8
:1065C000F5FB08A8FBF7F2FB6846FBF7EFFB04A816
:1065D000FBF7ECFB0122B4F8643084F87720A4F8D0
:1065E000783015B030BD4C490CA8FBF71BFC0A22D3
:1065F0004FF4207108A8FBF741FC08A90CA8FBF791
:106600003BFD014610A8FBF77FFB082110A8FDF712
:10661000F9FC10A8FBF7CAFB08A8FBF7C7FB0CA8FE
:10662000FBF7C4FB3D490CA8FBF7FCFB0A226168A1
:1066300008A8FBF723FC08A90CA8FBF71DFD0146E1
:1066400010A8FBF761FB082110A8FDF7DBFC10A8E0
:10665000FBF7ACFB08A8FBF7A9FB0CA8FBF7A6FB14
:1066600094F85030002B47D194F87510012581F033
:10667000010194F84100F7F765FE042384F84450C3
:1066800008A884F843300023254984F87730FBF7C5
:10669000C9FB0A2294F8441004A8FBF7EFFB04A9F5
:1066A00008A8FBF7E9FC1F49FBF7EEFC94F875100E
:1066B00004460A220CA8FBF7E1FB0CA92046FBF7D5
:1066C000DBFC014610A8FBF71FFB082110A8FDF713
:1066D00099FC10A8FBF76AFB0CA8FBF767FB04A862
:1066E000FBF764FB08A8FBF761FB15B030BDB4F8FD
:1066F000643001339BB217E794F875100025B8E7B2
:10670000001000E03CAC002083DE1B431C63002033
:10671000FC6F0020C4630020A8620020C06200203B
:10672000F46200204462002090F8673030B50446DF
:1067300095B0002B5ED090F86630002B5AD190F8BF
:106740005030B0F86420B3FA83F34749013A5B094B
:1067500000EB430304A8A3F84A20FBF763FB94F87B
:1067600050100A226846B1FA81F14909FBF786FB0D
:10677000694604A8FBF780FC3C49FBF785FC94F8CC
:10678000503005460A22B3FA83F308A85B0904EBEC
:106790004303B3F84A10FBF771FB08A92846FBF73F
:1067A0006BFC3349FBF770FC05460A2261680CA8B4
:1067B000FBF764FB0CA92846FBF75EFC014610A81A
:1067C000FBF7A2FA082110A8FDF71CFC10A8FBF7A4
:1067D000EDFA0CA8FBF7EAFA08A8FBF7E7FA684617
:1067E000FBF7E4FA04A8FBF7E1FA052384F8433049
:1067F00015B030BDB4F85C50F7F77AFD236EC01ABF
:10680000A84204D294F8703023BB15B030BDFF21EC
:1068100094F84000F7F796FD1649174A174B486859
:106820001268A3FB0232920C52004B681B1A9A4268
:10683000FBD8002194F84000F7F784FD94F8443029
:106840006BB1B4F86430013B9BB2A4F86430F7F745
:106850004FFD2066002384F8703015B030BDB4F8C9
:10686000643001339BB2F0E784620020FC6F0020AB
:10687000C4630020001000E03CAC002083DE1B431A
:1068800090F8673030B5044695B0002B61D090F891
:106890006630002B5DD090F85030B0F86420B3FA29
:1068A00083F34949013A5B0900EB430304A8A3F8C9
:1068B0004620FBF7B7FA94F850100A226846B1FA5E
:1068C00081F14909FBF7DAFA694604A8FBF7D4FB22
:1068D0003E49FBF7D9FB94F8503005460A22B3FA3B
:1068E00083F308A85B0904EB4303B3F84610FBF7F6
:1068F000C5FA08A92846FBF7BFFB3549FBF7C4FBDF
:1069000005460A2261680CA8FBF7B8FA0CA92846CC
:10691000FBF7B2FB014610A8FBF7F6F9082110A817
:10692000FDF770FB10A8FBF741FA0CA8FBF73EFA45
:1069300008A8FBF73BFA6846FBF738FA04A8FBF710
:1069400035FA0822002384F84320A4F86A3015B0F1
:1069500030BDB4F85C50F7F7CBFC236EC01AA842E8
:1069600004D294F8703023BB15B030BDFF2194F8E9
:106970004000F7F7E7FC1749174A184B48681268B8
:10698000A3FB0232920C52004B681B1A9A42FBD8AE
:10699000002194F84000F7F7D5FC94F844306BB12F
:1069A000B4F86430013B9BB2A4F86430F7F7A0FC64
:1069B0002066002384F8703015B030BDB4F8643020
:1069C00001339BB2F0E700BF60620020FC6F002043
:1069D000C4630020001000E03CAC002083DE1B43B9
:1069E00070B5002300F130060D4694B0044683775D
:1069F000AE493046FBF7DCFA15B194F8763043BB6C
:106A000094F84200F7F7C8FC94F8663005468342D4
:106A100094F8433011D0021E03F1FF3318BF012256
:106A200084F86620012284F86720072B3FD8DFE82E
:106A300003F0817D7975718599630022013B84F8AB
:106A40006720072B33D8DFE803F075716D69657C2B
:106A5000BF57974904A8FBF7E5F90A2201216846C8
:106A6000FBF70CFA694604A8FBF706FB9149FBF714
:106A70000BFB05460A2294F8761008A8FBF7FEF9EE
:106A800008A92846FBF7F8FA01460CA8FBF73CF9E1
:106A9000894B1B7AD3B90CA8FBF788F908A8FBF738
:106AA00085F96846FBF782F904A8FBF77FF904F142
:106AB000200531462846FBF75DFA7C492846FBF75E
:106AC00035FB08B90123A37714B070BD7B4910A82A
:106AD000FBF7A8F97A4910A8FBF7CEFA7949FBF73A
:106AE000D3FA0CA9FBF7C8FA01463046FBF7B2FA15
:106AF00010A8FBF75BF9CEE7B4F86420B4F86A306D
:106B00009A4240F08E800022012384F8682084F8A5
:106B10004330CCE72046FFF7B3FEC8E72046FFF737
:106B200003FEC4E72046FFF7BFFCC0E72046FFF79F
:106B300099FBBCE72046FFF78DF9B8E7002840F045
:106B4000CB80B4F85C50F7F7D3FB236EC01AA84291
:106B500080F0988094F87030002BA8D0002384F83F
:106B60007030A4E780BB94F85030002B40F0CF8009
:106B700094F875100125694094F84100F7F7E2FB9D
:106B80000623514984F8445084F843300CA8FBF79D
:106B900049F90A22616808A8FBF770F908A90CA84E
:106BA000FBF76AFA014610A8FBF7AEF8082110A817
:106BB000FDF728FA10A8FBF7F9F808A8FBF7F6F894
:106BC0000CA8FBF7F3F872E7B4F85C50F7F790FB0A
:106BD000236EC01AA842BDD3FF2194F84000F7F7F6
:106BE000B1FB3A493A4A3B4B48681268A3FB023270
:106BF000920C52004B681B1A9A42FBD8002194F861
:106C00004000F7F79FFB94F84430002B7AD1B4F89A
:106C1000643001339BB2A4F86430F7F769FB206657
:106C20009CE7B4F85C50F7F763FB236EC01AA842E8
:106C3000FFF43DAFFF2194F84000F7F783FB2349B1
:106C4000234A244B48681268A3FB0232920C52007C
:106C50004B681B1A9A42FBD8002194F84000F7F7C2
:106C600071FB94F84430002B54D1B4F864300133F4
:106C70009BB2A4F86430F7F73BFB0123206684F84D
:106C8000703014E7FF2194F84000F7F75BFB0F49E1
:106C90000F4A104B48681268A3FB0232920C520054
:106CA0004B681B1A9A42FBD8A8E700BF805F002000
:106CB000286000205860002070B400209C4600200E
:106CC000E0E20020B0A6002000600020001000E0FC
:106CD0003CAC002083DE1B4394F8753094F8505090
:106CE000EBB1B5FA85F1490994F84100F7F72AFBB1
:106CF000022200230B4984F8445084F84320A4F86E
:106D0000643043E7B4F86430013B9BB283E794F806
:106D1000751031E7B4F86430013B9BB2A9E729460E
:106D2000E2E700BFD45F00200D4B1B681B68DB68E7
:106D3000186900B585B028B10121FFF751FE05B0F3
:106D40005DF804FB07496846FBF76CF805216846C7
:106D5000FDF758F96846FBF729F805B05DF804FB24
:106D60002CC20120844D002008B5054B1B68DB6B4D
:106D7000DB69186910B10121FFF732FE08BD00BFC1
:106D80002CC2012007EE901A9FED567A437FF8EE51
:106D9000E77A70B567EE877A90B00446FCEEE77A42
:106DA00017EE902A95B2002B5DD1B4F86A20954277
:106DB00028D0012194F8683084F8761043B3B4F8F1
:106DC000643094F844109D4200F2818034BF012069
:106DD000002081423BD094F87160A4F8725084F88E
:106DE00074003EB9207B1D18954203DD002974D143
:106DF000A4F86A500122002384F8712084F87630C8
:106E000010B070BD94F86830FBB9012384F8763077
:106E1000B4F864300022A4F86A509D42A4F86C20B3
:106E20001CD394F87510002694F841000025F7F75C
:106E300089FA01232046294684F8446084F86830A2
:106E40002577FFF7CDFD84F8765010B070BD002295
:106E50009D42A4F86A5084F87120E2D294F875102B
:106E600001267140E0E7204904A8FAF7DBFF0A2277
:106E700029466846FBF702F8694604A8FBF7FCF8C8
:106E8000014608A8FAF740FF184B1B7AABB1184926
:106E90000CA8FAF7C7FF17490CA8FBF7EDF816493D
:106EA000FBF7F2F808A9FBF7E7F8014604F1300018
:106EB000FBF7D0F80CA8FAF779FF08A8FAF776FFE5
:106EC0006846FAF773FF04A8FAF770FF6DE7002928
:106ED000BDD094F8716000207FE71B1AA4F86A30D7
:106EE00088E700BFC800C83DB85F002070B400202C
:106EF0009C460020E0E20020B0A6002030B58DB016
:106F00000C460546124904A8FAF78CFF0A222146CE
:106F10006846FAF7B3FF694604A8FBF7ADF80146E7
:106F200008A8FAF7F1FE022108A8FDF76BF808A8F7
:106F3000FAF73CFF6846FAF739FF04A8FAF736FF7C
:106F4000EB6821461869FFF71DFF2C800DB030BD9E
:106F5000187F002038B5C568002D00F08D800446EC
:106F600000682860F7F7A0FF286800224FF4E1319D
:106F7000F7F75EFE00224FF4E1312846FEF706FEE9
:106F8000A068F7F761F9227D32211F23642A3B486C
:106F9000E56828BF642213FB02136A7C1021A0FB62
:106FA000030328465B0963F304026A742A69FEF747
:106FB00031FD6B7C6A7D03F01F03297E132B94BF88
:106FC0000023012363F3C7126A7500294ED1E17DC6
:106FD000E068490805D00023013349089BB2FBD182
:106FE000D9B2FEF7B1FDE0680021037B43F0040352
:106FF0000373C268FEF70EFDE568032210212B7CA7
:10700000284662F304032B742A69FEF703FD6B7CA8
:107010006A7D03F01F03297E132B94BF00230123F5
:1070200063F3C7126A75B1B9E468B4F90A000028BD
:107030000CDA237F204694F820206C2162F30303AE
:107040002377E269FEF7E6FC012038BD0021C0B2DB
:10705000F7F778F9EDE728466A694221FEF7DAFC8E
:10706000E468B4F90A000028E3DBEFE76A6942212B
:107070002846FEF7CFFCAAE7284638BD1F85EB510E
:107080002DE9F047036005469046C8234FF4E132EE
:10709000002686B07C20894601279DF838A0C5E9E6
:1070A0000123A44BC5E903666B61F8F7FFFB4FF0C2
:1070B000FF330446A04943602030A04B00F8206C09
:1070C00040F8183C232340F8106C00F8143C80234F
:1070D00020F8046C00F80C3C00F8026CFAF7A2FEF1
:1070E000954904F13000FAF79DFE954B84F8436012
:1070F000A36540F20A53A4F85E60A4F84E304FF442
:10710000486384F84470A4F854302765F7F7F0F822
:1071100040F20113394620666367404684F8419087
:1071200084F842A0A4F8646084F86860A4F86A60F7
:10713000A4F8786084F84080C4E91B67F7F73EF94B
:10714000394694F84100F7F739F9032194F84200E1
:10715000F7F734F9314694F84000F7F7F3F894F86C
:107160004200F7F719F994F86630834205D0801B86
:107170003E4618BF012084F866002C61282084F860
:1071800067600324F8F792FB00224FF4E1310346D5
:1071900080F82040E860C0E900214FF6FF711A72C4
:1071A0001A7628465981FFF7D5FE2B6940F249220D
:1071B000644902A8A3F85220FAF734FE08210DEB27
:1071C0000100FCF71FFF02A8FAF7F0FD6A7D3221EB
:1071D0001F23642AEC6828BF6422204613FB021395
:1071E000594A1021A2FB0323627C5B0963F304026A
:1071F00062742269FEF70EFC637C627D03F01F035C
:10720000132B94BF0023012363F3C712237E6275FF
:10721000002B40F08880052301204C4E0021009077
:107220001A46286941F28737FDF7D6F92C69D6F856
:10723000008004E03368A3EB0803BB4256D800216A
:107240002046FFF7CDFB94F86830002BF2D140497F
:1072500002A8FAF7E7FD08210DEB0100FCF7D2FECA
:1072600002A8FAF7A3FD2A7D32211F23EC68642AC5
:10727000204628BF642213FB0213334A1021A2FBCD
:107280000323627C5B0963F3040262742269FEF7E4
:10729000C1FB637C627D03F01F03132B94BF0023AB
:1072A000012363F3C712237E6275002B35D10021C1
:1072B0002869FFF767FD40F6B7382C69376803E0A7
:1072C0003368DB1B434522D800212046FFF788FBAB
:1072D00094F86830002BF3D12B6922221D492846EF
:1072E000A3F85C20996506B0BDE8F08700231A4931
:1072F00002A884F8683084F84330FAF793FD02A8B6
:107300000521FCF77FFE02A8FAF750FDABE700234A
:1073100084F8683084F84330DEE762694221204611
:10732000FEF778FBC3E7626942212046FEF772FB55
:1073300071E700BF28140A20805F0020CDCCCC3D2F
:1073400000002041447E00201F85EB513CC20120FB
:10735000547E0020000070415C7E00202DE9F04149
:1073600086B006460D46684902A8FAF75BFD08217B
:107370000DEB0100FCF746FE02A8FAF717FD336992
:1073800040F249223221F468A3F852201F23727D73
:107390002046642A28BF642213FB02135B4A102193
:1073A000A2FB0323627C5B0963F30402627422691B
:1073B000FEF730FB637C627D03F01F03132B94BF49
:1073C0000023012363F3C712237E6275002B40F074
:1073D0008C803069002280F8682080F84320002DDE
:1073E00062D101232946009305231A46FDF7F4F8DC
:1073F000474D41F287373469D5F8008004E02B68A7
:10740000A3EB0803BB425CD800212046FFF7E8FA53
:1074100094F86830002BF2D13E4902A8FAF702FD39
:1074200008210DEB0100FCF7EDFD02A8FAF7BEFC08
:10743000327D32211F23642AF46828BF642220464B
:1074400013FB0213314A1021A2FB0323627C5B0968
:1074500063F3040262742269FEF7DCFA637C627DE6
:1074600003F01F03132B94BF0023012363F3C71200
:10747000237E6275FBB930690021FFF783FC40F67B
:10748000B73734692E6803E02B689B1BBB4232D8A8
:1074900020460021FFF7A4FA94F868000028F3D1F1
:1074A000012006B0BDE8F0810523009201211A46B3
:1074B000FDF792F89CE7626942212046FEF7AAFA9E
:1074C000D9E70025144902A884F8685084F843508D
:1074D000FAF7A8FC052102A8FCF794FD02A8FAF728
:1074E00065FC284606B0BDE8F0816269204642216D
:1074F000FEF790FA6DE7002384F8683084F8433093
:1075000006B0BDE8F08100BF447E00201F85EB512E
:107510003CC20120547E00205C7E00202DE9F04F0B
:1075200083B000254FF0000899469DF8303004469E
:1075300085661746C0F860800E469DF834B09DF809
:1075400038A00193C0E91655F6F7D2FE019B012140
:10755000E06684F877303046624B84F897901B6879
:1075600084F87660C4F888305F4B84F899701027EF
:10757000E3674CF2503384F879B023675B4B84F8AF
:1075800078A0C4F880306423A4F87450C4F88C3018
:107590004FF47A73A4F88450A4F89430544B84F8D0
:1075A0009650C4F8A03084F89850F6F707FF2946A3
:1075B00094F87700F6F702FF294694F87900F6F779
:1075C000FDFE294694F87800F6F7F8FE94F8761058
:1075D000DFF8209114200191F8F768F90646C0F809
:1075E00008800574C0F80C90C0E900551020F8F729
:1075F00079FEB38944F6206201993046FEF732F8ED
:10760000266030743846F773F8F76CFE94F89700EC
:107610000121F6F7D3FE294694F89700F6F792FE7B
:1076200094F8991014200191F8F740F90646C0F833
:107630000880C0F80C900574C0E900553846F8F78A
:1076400051FE44F6206201993046B389FEF70AF8EC
:107650000346C4F89C6038463374F773F8F742FE6B
:1076600094ED287A94F89900B7EEC77A9FED195BEC
:107670009FED1A6B37EE457BB7EEC77BB7EEC77A47
:1076800027EE067BB7EEC77BBCEEC77A17EE103A43
:10769000594289B2F8F7EEFC012194F87600F8F728
:1076A000E9FC206894F87630817B994206D000236B
:1076B0002046A4F8743003B0BDE8F08FD0ED027A14
:1076C0004FF6FF73FCEEE77A838117EE902AFDF701
:1076D000C9FFECE7333333333333F33F910669901B
:1076E0000669C0403CC201200000E03FA4704D414B
:1076F0003333D3400000FF10000000009FED0F5B0C
:10770000B7EEC07A9FED0F6B37EE457B08B5B7EE4D
:10771000C77B034690F8990083ED280AB7EEC77A35
:1077200027EE067BB7EEC77BBCEEC77A17EE103AA2
:10773000594289B2F8F79EFC012008BD3333333338
:107740003333F33F910669900669C04090F8963054
:1077500070B5044694B0002B56D0364904A8FAF709
:1077600061FB0A22D4F890106846FAF7CFFB69460D
:1077700004A8314EFAF780FC3049FAF785FC05463B
:107780000A22B4F8941008A8FAF778FB08A928464A
:10779000FAF772FC2A49FAF777FC05460A223168A3
:1077A0000CA8FAF7B3FB0CA92846FAF765FC0146CA
:1077B00010A8FAF7A9FA082110A8FCF723FC10A8D2
:1077C000FAF7F4FA0CA8FAF7F1FA08A8FAF7EEFAC1
:1077D0006846FAF7EBFA04A8FAF7E8FAB4F8943036
:1077E000D4F8901032680B44934215D2154910A872
:1077F000FAF718FB082110A8FCF704FC10A8FAF708
:10780000D5FA002384F8963094F897000121F6F712
:1078100099FD012014B070BD0B4910A8FAF702FBC6
:10782000082110A8FCF7EEFB10A8FAF7BFFA002019
:1078300014B070BDB47700203CC20120C87700208E
:10784000D8770020E87700200C780020826D092A84
:107850000CDCC26D00EBC20393ED027BB5EE407B06
:10786000F1EE10FA04D19FED0B0A7047FCF76CBCE7
:1078700000B585B008496846FAF7D4FA042168468D
:10788000FCF7C0FB6846FAF791FABFEE000A05B0B4
:107890005DF804FB000000005877002038B504466E
:1078A00000BF90F87700F6F777FD94F864308342D4
:1078B00027D0054680B3D4ED1A7ADFED205AB8EE12
:1078C000E76B9FED1A4B84EE067BB7EEC77BB4EEF9
:1078D000E57AF1EE10FA15DB9FED167BD4E916235D
:1078E0000133092A04EBC30181ED007B01DC013285
:1078F000A2650A2BA8BF0023E365BFF34F8F84F86E
:10790000645038BDF2EE047AB4EEE77AF1EE10FA84
:10791000E2D9B7EEC77AE1E7F6F7EAFCE36EC01A00
:10792000A066F6F7E5FCE066C5E700BF00000000D2
:1079300080842E4100000000000000000050C3477A
:10794000024B1B681B681869FFF7A8BF44C20120DF
:10795000024B5B681B681869FFF7A0BF44C2012097
:10796000024B9B681B681869FFF798BF44C201204F
:10797000024BDB681B681869FFF790BF44C2012007
:10798000024B1B691B681869FFF788BF44C20120BE
:10799000024B5B691B681869FFF780BF44C2012076
:1079A000024B9B691B681869FFF778BF44C201202E
:1079B000024BDB691B681869FFF770BF44C20120E6
:1079C0002DE9F0474FF6FF7A04460F4690F876000F
:1079D000AAEB01052946F8F74DFBB4F87430BB4219
:1079E00021D31CDDAAEB030A204EDFF88490DFF8D8
:1079F0008480D9F804103268A8FB0232920C02EBA2
:107A00008202D9F804305B1A9A42FAD851460AF138
:107A1000010A94F87600F8F72DFBAA45E9D1A4F8FD
:107A20007470BDE8F087FADAAAEB030A0F4EDFF8AC
:107A30004090DFF84080D9F804103268A8FB023289
:107A4000920C02EB8202D9F804305B1A9A42FAD8FF
:107A500051460AF1FF3A94F87600F8F70BFBAA4575
:107A6000E9D1A4F87470BDE8F08700BF3CAC0020F9
:107A7000001000E083DE1B430000000010B5044648
:107A8000F6F736FCD4E91B23801A834201D3002089
:107A900010BDE36DA26D0133092A04EBC3019FED14
:107AA000097B81ED007BE36501DC0132A265092BD6
:107AB00003DD00230120E36510BD012010BD00BFE0
:107AC000AFF30080000000000000000008B590F84F
:107AD0007900F6F73DF805EE900A9FED066BB8EEDB
:107AE000E50B9FED067B20EE060B20EE070BB7EEB5
:107AF000C00B08BD6666666666660A400000000048
:107B00000000303F10B5044690F87900F6F720F8F1
:107B100007EE900AD4ED203AB8EEE77B94ED286AA0
:107B20009FED164BC3EE866A27EE047B9FED155B37
:107B300027EE057BB7EEC77BF4EEC76AF1EE10FACD
:107B40000DD894F8850078B1104BD4E922121B6847
:107B50005B1A934202D9012384F8843010BD0023BC
:107B60001846A4F8843010BD084A0123126818464C
:107B700084F88530C4F8882010BD00BF666666664C
:107B800066660A40000000000000303F3CC2012051
:107B90002DE9F04F0446224889B000256060214855
:107BA0009DF84880A06000209DF84C909DF850A062
:107BB0006061A820258005939DF858609DF85C7051
:107BC0009DF864B0C4E90355CDE90621F7F76EFED0
:107BD000CDF8008007998046DDE90532CDE9019AAC
:107BE000FFF79CFCE368C4F810802BB11B691BB144
:107BF00029462046FFF782F91820F7F757FE054679
:107C00003A463146189BCDF800B0FFF739FA00210B
:107C10002846E560FFF7A2FB204609B0BDE8F08FDB
:107C20000000E03FA4704D41006990F896300BB120
:107C300000207047FCF72ABA30B589B00D46002104
:107C40000446FAF7EFF80F4904A8FAF7EBF82B69A6
:107C50000221684693ED280AFAF770F9694604A8EC
:107C6000FAF70AFA0849FAF70FFA01462046FAF736
:107C700081F96846FAF79AF804A8FAF797F82046C7
:107C800009B030BD347F0020387900204368D3ED3F
:107C9000027AF4EEC07A10B5F1EE10FA04462DED3A
:107CA000028BB0EE408A8CB006D4D3ED007AF4EEAD
:107CB000C07AF1EE10FA2CDDB5EE408AF1EE10FA42
:107CC00052D1314904A8FAF7ADF8B0EE480A0221C2
:107CD0006846FAF733F9694604A8FAF7CDF9014680
:107CE00008A8FAF711F8022108A8FCF78BF908A8F0
:107CF000FAF75CF86846FAF759F804A8FAF756F864
:107D000084ED0C8A00230120E3620CB0BDEC028BF1
:107D100010BD1D4904A8FAF785F8B0EE480A022103
:107D20006846FAF70BF9694604A8FAF7A5F901467F
:107D300008A8F9F7E9FF022108A8FCF763F908A8E9
:107D4000FAF734F86846FAF731F804A8FAF72EF88B
:107D5000B5EE408A84ED0C8AF1EE10FAD2D0012003
:107D60000CB0BDEC028B10BD084908A8FAF75AF810
:107D7000022108A8FCF746F908A8FAF717F800202E
:107D80000CB0BDEC028B10BDF86E0020DC6E002044
:107D9000036870B51E690446F36D002B2DED028B50
:107DA00040F3858006EBC30393ED007BB7EEC77B02
:107DB00094ED0C8A38EE478A94ED117AB5EEC08ABC
:107DC000F1EE10FAD4BFF1EE487AF0EE487AB4EE54
:107DD000E77A94ED067AF1EE10FA48BFC4ED117A15
:107DE000D4ED077AF4EE487AF1EE676AF1EE10FA14
:107DF00048BFB0EE678AF4EE486AF1EE10FA36FE3C
:107E0000888AB4EEC87AF1EE10FA06D9B1EE477A54
:107E1000B4EEC87AF1EE10FA46DB94ED0B6A38EE58
:107E2000066A84ED0B6AD4ED036A94ED057A66EE7A
:107E3000266ADFED325A38EE477AD4ED027A94EDB5
:107E4000045AF4EEE56AC4ED096A68EE277A27EE73
:107E5000057AF1EE10FAC4ED087A84ED0A7A03DDB2
:107E600036EE656A84ED0B6A77EEA67A77EE877A4E
:107E7000F5EEC07AF1EE10FA1ED49FED207AF4EE02
:107E8000C77AF1EE10FA30DD00234FF6FF75306847
:107E900096F87620817B914217D0A6F8745084ED35
:107EA000058ABDEC028B70BD94ED0B6ABBE796EDC5
:107EB000147BB7EEC77B7BE730684FF6FF7396F80D
:107EC00076200025817B9142E7D1D0ED027A838133
:107ED000FCEEE77A17EE902AFDF7C4FBA6F8745083
:107EE00084ED058ABDEC028B70BDFCEEE77A17EEDF
:107EF000903A9DB2EB439BB2C9E700BF00FF7F47BA
:107F0000094B5B6993F8202012B1DA69012A00D08D
:107F10007047D868D0ED0C7AF5EEC07AF1EE10FA21
:107F2000F6DDFFF735BF00BF28440120094B1B6871
:107F300093F8202012B1DA69012A00D07047D8687E
:107F4000D0ED0C7AF5EEC07AF1EE10FAF6DDFFF71F
:107F50001FBF00BF28440120094BDB6993F8202094
:107F600012B1DA69012A00D07047D868D0ED0C7AD6
:107F7000F5EEC07AF1EE10FAF6DDFFF709BF00BFAB
:107F800028440120094B9B6993F8202012B1DA693B
:107F9000012A00D07047D868D0ED0C7AF5EEC07A8F
:107FA000F1EE10FAF6DDFFF7F3BE00BF2844012022
:107FB000094B5B6893F8202012B1DA69012A00D0DE
:107FC0007047D868D0ED0C7AF5EEC07AF1EE10FA71
:107FD000F6DDFFF7DDBE00BF28440120094B9B689A
:107FE00093F8202012B1DA69012A00D07047D868CE
:107FF000D0ED0C7AF5EEC07AF1EE10FAF6DDFFF76F
:10800000C7BE00BF28440120094BDB6893F820203D
:1080100012B1DA69012A00D07047D868D0ED0C7A25
:10802000F5EEC07AF1EE10FAF6DDFFF7B1BE00BF53
:1080300028440120094B1B6993F8202012B1DA690A
:10804000012A00D07047D868D0ED0C7AF5EEC07ADE
:10805000F1EE10FAF6DDFFF79BBE00BF28440120C9
:1080600070B588B00D463A490446F9F7DBFE394948
:1080700004A8394EF9F7D6FE95ED030A02216846A9
:10808000F9F75CFF694604A8F9F7F6FF3146F9F7FE
:10809000FBFF01462046F9F7DDFF6846F9F786FE4B
:1080A00004A8F9F783FE2D4904A8F9F7BBFE95ED66
:1080B000020A02216846F9F741FF694604A8F9F768
:1080C000DBFF3146F9F7E0FF01462046F9F7C2FF32
:1080D0006846F9F76BFE04A8F9F768FE204904A882
:1080E000F9F7A0FE95ED040A02216846F9F726FF8C
:1080F000694604A8F9F7C0FF3146F9F7C5FF014604
:108100002046F9F7A7FF6846F9F750FE04A8F9F7EB
:108110004DFE144904A8F9F785FE95ED060A684658
:108120000221F9F70BFF694604A8F9F7A5FF3146CC
:10813000F9F7AAFF01462046F9F78CFF6846F9F7E0
:1081400035FE04A8F9F732FE204608B070BD00BF26
:10815000805F0020846F0020387900208C6F002021
:10816000946F00209C6F002070B54368044690F81F
:108170002C2084B000680D465E8A012AC3681B6902
:1081800021D094F89420D4ED1A7A9FED487A9FED8F
:10819000486A27EE877AC3ED167ADFED466AC6EEA7
:1081A000077A67EEA67AFCEEE77A17EE901AA3F844
:1081B0005C103ABBAE42314628BF294604B0BDE848
:1081C0007040FEF79BBE197F89B384F8702094F845
:1081D0009420002A4BD1D4ED1B7A9FED347A9FED89
:1081E000346A27EE877AC3ED167ADFED326AC6EE7F
:1081F000077A67EEA67AFCEEE77A17EE902AA3F8E4
:108200005C20D7E72C496846F9F70CFE0821684640
:10821000FBF7F8FE6846F9F7C9FD2068C3680BB99B
:1082200004B070BD1B69002BC4D104B070BD94F8BC
:10823000701094F894200029A5D0D4ED1B7A9FEDFE
:108240001B7A9FED1B6A27EE877AC3ED167ADFED66
:10825000196AC6EE077A67EEA67AFCEEE77A17EEA1
:10826000901AA3F85C10002AA4D01449CBE7144953
:108270006846F9F7D7FD08216846FBF7C3FE684654
:10828000F9F794FD94F82C302068012B09D1C368CC
:1082900094F8701094F894201B6900293FF473AF90
:1082A000CBE7C36894F894201B696CE70000704228
:1082B000002474490000003D005C0020E05B0020C9
:1082C000D05B0020426808B5138A528A07EE903AC4
:1082D000D21A038DB8EEE77B06EE902A428D9FED11
:1082E0000B4BB8EEE66B134486EE045B06EE903A59
:1082F000B8EEE66BA5EE067BBCEEC77B17EE103A38
:1083000099B2FFF731FF012008BD00BF0000000057
:10831000E0FFEF40A9B1002290F8B81008B580F84E
:108320002C2009B1084608BD074A80F87010126871
:10833000C1864168098C0263FFF716FF01210846D8
:1083400008BD0846704700BF3CC2012081F0010310
:1083500090F8942030B504468DB080F8B83032B92A
:1083600013B994F82C2022B301200DB030BD0D4676
:1083700004A81749F9F756FD0A2229466846F9F775
:108380007DFD694604A8F9F777FE014608A8F9F7CC
:10839000BBFC082108A8FBF735FE08A8F9F706FD85
:1083A0006846F9F703FD04A8F9F700FD94F8B83022
:1083B000D6E7084A204661681268098C84F8703054
:1083C000E3862263FFF7D0FE01200DB030BD00BF71
:1083D000A05C00203CC2012030B5D0E90F35D0EDC3
:1083E000297AB0EE000BED1A0446B8EEE77AD0ED2C
:1083F0002A7AAD10F8EEE77A06EE905A05EB85057D
:108400002DED048BF8EEE69A9FED499A95B090ED2C
:10841000268A87EE291AB7EEC88A21EE271A21EE9E
:10842000091AB7EEC11A19F0DDFC07EE905A94ED67
:108430002B7A28EE008BF8EEE77AB8EEC77AB0EE2A
:10844000000B87EEA91AF7EEC88B21EE071A21EE72
:10845000091AB7EEC11A19F0C5FCB7EEE87A94F81C
:10846000943027EE000BB7EEC08BF3B96368D3ED01
:10847000007A93ED027AB4EE678AF1EE10FA68FEA4
:10848000277AF4EEC77AF1EE10FA58BFF0EE477A89
:10849000B4EE678AC4ED277AF1EE10FA0CBF012022
:1084A000002015B0BDEC048B30BD224904A8F9F7BB
:1084B000B9FC94ED260A02216846F9F73FFD6946AA
:1084C00004A8F9F7D9FD1C49F9F7DEFD0546B0EE21
:1084D000680A022108A8F9F731FD08A92846F9F72A
:1084E000CBFD1649F9F7D0FD0546B0EE480A02214A
:1084F0000CA8F9F723FD0CA92846F9F7BDFD0146A4
:1085000010A8F9F701FC082110A8FBF77BFD10A8C3
:10851000F9F74CFC0CA8F9F749FC08A8F9F746FC58
:108520006846F9F743FC04A8F9F740FC9EE700BF52
:1085300000000038645C0020745C0020845C002033
:1085400010B5C0F8A8100446FFF746FF08B9002090
:1085500010BD94ED270AE068FFF798FB0028F6D0DD
:1085600094F89430002BF3D02046BDE81040FBF780
:10857000C3BD00BF10B5C0F8AC100446FFF72CFF18
:1085800008B9002010BD94ED270AE068FFF77EFBD4
:108590000028F6D094F89430002BF3D02046BDE8A4
:1085A0001040FBF7A9BD00BF70B5D0E90F51D0E96D
:1085B0002C328D421344A1EB05022DED028B90B0BD
:1085C00069D09210044693FBF2F102FB1136002EA3
:1085D000B8BFB618002B03DA511E5B1A93FBF2F1F9
:1085E000636807EE901AB0EE000B05EB860593ED7D
:1085F000058AB8EEE71B19F0F5FB95ED007AB7EEAA
:10860000C88A94F89430B7EEC77A28EE000B27EEAC
:10861000000BB7EEC08B73B9204684ED268AFFF7B6
:10862000DBFE94ED270AE06810B0BDEC028BBDE8DC
:108630007040FFF72BBB204904A8F9F7F3FB0A228F
:1086400031466846F9F71AFC694604A8F9F714FDA3
:108650001A49F9F719FD0546B0EE480A022108A8A3
:10866000F9F76CFC08A92846F9F706FD01460CA8A5
:10867000F9F74AFB08210CA8FBF7C4FC0CA8F9F792
:1086800095FB08A8F9F792FB6846F9F78FFB04A859
:10869000F9F78CFBC0E70A490CA8F9F7C3FB0521E1
:1086A0000CA8FBF7AFFC0CA8F9F780FB002010B07A
:1086B000BDEC028B70BD00BF385C0020545C002014
:1086C000205C002010B44468B4F91830B4F91A40A2
:1086D0008B42B8BF0B46A342A8BF23468B4203D0B0
:1086E00000205DF8044B70475DF8044BC0F8B030D3
:1086F000FFF75ABF2DE9F041864F054600263B683B
:108700002DED068BB0EE40AA94B0F5F7F1FDE868C8
:10871000D7F80080BFEE008AB0EE4A0AD0ED0CAA6E
:10872000FFF7B4FAB7EECA9ADFED7B8A2B681869B7
:10873000FFF78CF8B8FE497BFDEEC77B17EE903A49
:10874000B7EEC07AB8FE477BBDEEC77B17EE102AA6
:108750009A4208BF0136F5F7CBFD04460AE091EDD9
:10876000007BB7EEC78BF4EE488AF1EE10FA48BFF3
:10877000F0EE488AF5F7BCFD001B09280BD82B68E2
:108780001B69DA6D002A03EBC201E8DC93ED147B70
:10879000B7EEC78BE7E73B68A3EB0803B3F57A7F37
:1087A00055D80A2EC2D15D4904A8F9F73BFBB0EEBB
:1087B0006A0A02216846F9F7C1FB694604A8F9F77D
:1087C0005BFC5749F9F760FC0446B0EE4A0A022107
:1087D00008A8F9F7B3FB08A92046F9F74DFC514961
:1087E000F9F752FC396804463246A1EB08010CA89F
:1087F000F9F78CFB0CA92046F9F73EFC4A49F9F73A
:1088000043FC014610A8F9F77FFA062110A8FBF7F0
:10881000CDFB10A8F9F7CAFA0CA8F9F7C7FA08A80F
:10882000F9F7C4FA6846F9F7C1FA04A8F9F7BEFAED
:10883000B4EEEAAAF1EE10FA46DCB4EEEAAAF1EEE2
:1088400010FA2DD414B0BDEC068BBDE8F081374989
:108850000CA8F9F7E7FA2B681869FEF7F7FF022171
:1088600008A8F9F76BFB08A90CA8F9F705FC304933
:10887000F9F70AFC014610A8F9F746FA052110A8F5
:10888000FBF7C0FB10A8F9F791FA08A8F9F78EFAE0
:108890000CA8F9F78BFA14B0BDEC068BBDE8F0819B
:1088A00024490CA8F9F7BEFAB0EE480A022108A83C
:1088B000F9F744FB08A90CA8F9F7DEFB014610A85C
:1088C000F9F722FA0621DAE71B490CA8F9F7AAFA08
:1088D000B0EE680A022108A8F9F730FB08A90CA835
:1088E000F9F7CAFB014610A8F9F70EFA062110A8FD
:1088F000FBF788FB10A8F9F759FA08A8F9F756FA18
:108900000CA8F9F753FAB4EEEAAAF1EE10FA99D5E9
:10891000C6E700BF3CC2012000000000486F0020F5
:10892000546F00205C6F0020E4660020106F002070
:10893000406F0020746F0020646F002070B50D46FA
:1089400088B004465849F9F76DFAE96804A8574E0B
:10895000FFF786FB04A92046F9F714FB04A8F9F7F2
:1089600025FA534904A8F9F75DFA95F865106846A9
:10897000F9F76CFA694604A8F9F77EFB3146F9F776
:1089800083FB01462046F9F765FB6846F9F70EFAC6
:1089900004A8F9F70BFA474904A8F9F743FA0A22A1
:1089A000D5F8A4106846F9F769FA694604A8F9F7FA
:1089B00063FB3146F9F768FB01462046F9F74AFBAD
:1089C0006846F9F7F3F904A8F9F7F0F93A4904A869
:1089D000F9F728FA95ED1A0A02216846F9F7AEFA76
:1089E000694604A8F9F748FB3146F9F74DFB014603
:1089F0002046F9F72FFB6846F9F7D8F904A8F9F7EC
:108A0000D5F92E4904A8F9F70DFA95ED1B0A0221B4
:108A10006846F9F793FA694604A8F9F72DFB314641
:108A2000F9F732FB01462046F9F714FB6846F9F7DF
:108A3000BDF904A8F9F7BAF9214904A8F9F7F2F940
:108A40000A22A98E6846F9F719FA694604A8F9F7C7
:108A500013FB3146F9F718FB01462046F9F7FAFAFD
:108A60006846F9F7A3F904A8F9F7A0F9154904A88D
:108A7000F9F7D8F995F864106846F9F7E7F9694607
:108A800004A8F9F7F9FA3146F9F7FEFA014620464B
:108A9000F9F7E0FA6846F9F789F904A8F9F786F9D1
:108AA000204608B070BD00BF805F002038790020EC
:108AB000A85C0020B05C0020B85C0020C05C0020F6
:108AC000C85C0020D05C002070B5044684B0F5F787
:108AD0000FFC6369228AC31A934253D394F8383047
:108AE0006061ABB1E369002B5ED094F82030002BBD
:108AF00060D0E368D3ED0C7A2368F5EE407AF1EEAE
:108B000010FA41D0186904B0BDE87040FEF7B6BF56
:108B100094F8B830002BE5D1454B216B1B68A28E31
:108B20005B1A9A42DED894F82C30002B64D094F86B
:108B30003630002BD6D094F83750002DD2D1236890
:108B40001869FEF783FEB5EE400AF1EE10FAC9D1BE
:108B5000236829461B6993F89700F5F7F3FB012278
:108B600094F8943084F83720002BBBD03149684604
:108B7000F9F758F968460821FBF744FA6846F9F70F
:108B800015F9AFE704B070BD1D69286895F8763017
:108B9000817B994222D028460023A5F8743004B086
:108BA000BDE87040FEF76ABF21680022E3680D69E6
:108BB000DA62EAE721680022E3680D69A68C28687A
:108BC000DA6295F87630817B994223D02846A5F861
:108BD000746004B0BDE87040FEF750BFD0ED027A7B
:108BE0004FF6FF73FCEEE77A838117EE902AFCF7CD
:108BF00039FD23681869CFE794F83630002B9AD1F5
:108C0000012194F89420E36184F83610002ACBD037
:108C10000949ACE7D0ED027AF343FCEEE77A9BB268
:108C2000838117EE902AFCF71DFD23681869CEE7B3
:108C30003CC201208C5B0020745B002038B5D0E979
:108C400016230F4D9B1A9B1005FB03F3013B8B4230
:108C500014D3002912DBC1EBC10304463C3002EB04
:108C6000830584F864102946FAF7CCFF05F10C015E
:108C700004F14800F9F77EF9012038BD002038BD25
:108C8000B76DDBB603682DE9F04F064685B018696D
:108C900001F10108FEF7DAFDFDEEC07A00254FF084
:108CA000000A4FF0000B17EE907AA9460DE03368EA
:108CB0001869FEF7CBFDFDEEC07A454517EE903AF8
:108CC00022D09F4217EE907A2DD0FA200135F5F789
:108CD000BBFA33681C69F5F70BFBD4E91B23801A38
:108CE0009842E4D9D4E916230133092A02F101009C
:108CF00004EBC301C1E900ABD8BFA065092BE36554
:108D0000C8BFC4F85C90D2E709496846F9F78AF809
:108D100004216846FBF776F96846F9F747F8002022
:108D200005B0BDE8F08F012005B0BDE8F08F00BFB1
:108D3000A48500202DE9F04F2DED028B93B0044661
:108D40009E490EA8F9F76EF809210EA8FBF75AF90B
:108D50000EA8F9F72BF82368A26818699188FEF726
:108D60002FFE2068C3681E6933B12EB10021FEF7C3
:108D7000C5F82368DB681E69914D40F6B737D5F812
:108D8000008005E02B68A3EB0803BB4200F2C6811C
:108D900000213046FDF724FE96F86830002BF1D113
:108DA0000A212046FFF76EFF38B94FF0000A5046FF
:108DB00013B0BDEC028BBDE8F08F4FF00009814F7E
:108DC000DFF818824FF4FA707F4EF5F73DFA23680A
:108DD0001869FEF73BFDD8F804103A68B0EE408AF7
:108DE000A6FB0232920C02EB82025200D8F8043049
:108DF0005B1A9A42FAD8B5EEC08A09F10109F1EE80
:108E000010FA94BF01230023B9F1640F0CBF0023B3
:108E100003F00103002BDAD1B5EEC08A0193F1EE25
:108E200010FAC2D9694906A8F8F7FCFFB0EE480A63
:108E3000022102A8F9F782F802A906A8F9F71CF99D
:108E4000064663490AA8F8F7EDFF0AA93046F9F784
:108E500013F901460EA8F8F757FF09210EA8FBF7F2
:108E6000D1F80EA8F8F7A2FF0AA8F8F79FFF02A80A
:108E7000F8F79CFF06A8F8F799FFA689002E3ED0C8
:108E8000019BF0EE008A1E4698462068C368D3F81E
:108E900010A04BB1BAF1000F06D03146FEF72EF804
:108EA0002368DB68D3F810A0D5F8009005E02B68A4
:108EB000A3EB0903092B00F22C8100215046FDF79A
:108EC0008FFD9AF86830002BF1D123681869FEF7FE
:108ED000BDFCBDEEC00A10EE103A002BF5DD236894
:108EE0001869FEF7B3FC78EE687AF4EEC07AF1EE1A
:108EF00010FA04DC0A36A389B6B2B342C5D8236897
:108F00001869FEF7A3FCB5EEC00AF1EE10FA7FF681
:108F10004CAF304906A8F8F785FF0A22314602A86F
:108F2000F8F7ACFF02A906A8F9F7A6F82A49F9F75D
:108F3000ABF8236880461869FEF788FC02210AA86E
:108F4000F8F7FCFF0AA94046F9F796F82049F9F727
:108F50009BF801460EA8F8F7D7FE09210EA8FBF7EB
:108F600051F80EA8F8F722FF0AA8F8F71FFF02A889
:108F7000F8F71CFF06A8F8F719FFE389B34280F061
:108F8000D380F61AB6B2B246236800211869FEF7FC
:108F900017FD2068C368D3F810B04BB1BBF1000FC8
:108FA00006D03146FDF7AAFF2368DB68D3F810B07E
:108FB000D5F8009040F6B73818E000BF24830020B1
:108FC0003CC201203CAC002083DE1B435C830020BC
:108FD0006C8300207083002030660020001000E0C9
:108FE0002B68A3EB0903434500F2A28000215846F9
:108FF000FDF7F6FC9BF86830002BF1D18B490AA8ED
:10900000F8F710FF0A22514606A8F8F737FF06A91D
:109010000AA8F9F731F801460EA8F8F775FE0921FC
:109020000EA8FAF7EFFF0EA8F8F7C0FE06A8F8F7AB
:10903000BDFE0AA8F8F7BAFEA368998823681869E4
:10904000FEF7BEFC0A212046FFF71CFE0190002817
:109050003FF4ABAE2068C368D3F810904BB1B9F1C0
:10906000000F06D03146FDF749FF2368DB68D3F8CF
:109070001090D5F8008005E02B68A3EB0803B3F54A
:10908000FA7F6AD200214846FDF7AAFC99F868A049
:10909000BAF1000FF0D1DFF8A8912068C368D3F8C7
:1090A00010B04BB1BBF1000F06D03146FDF726FFE3
:1090B0002368DB68D3F810B0D5F8008002E02A6896
:1090C00090453BD100215846FDF78AFC9BF868206B
:1090D000002AF4D1564BD9F804103A68A3FB0232A7
:1090E0006423920C03FB02F2D9F804305B1A9A4213
:1090F000FAD823681869FEF7A9FBF0EE007A78EE3B
:10910000677AF4EEC07AF1EE10FA2DDC0136B6B2D1
:10911000C3E78AF868808AF84380D6E6002386F899
:10912000683086F843303BE64FF0000A56462BE79E
:1091300000238BF868308BF843305FE7216800220A
:1091400008698BF868208BF84320FEF77FFB5046B8
:1091500013B0BDEC028BBDE8F08F00239A4689F86E
:10916000683089F8433022E623681869FEF76EFB01
:10917000B5EEC00AF1EE10FA7FF617AEA3680AA8A2
:109180002C491E82F8F74EFEA3680A2206A8198A07
:10919000F8F774FE06A90AA8F8F76EFF01460EA8B4
:1091A000F8F7B2FD09210EA8FAF72CFF0EA8F8F780
:1091B000FDFD06A8F8F7FAFD0AA8F8F7F7FD1E4925
:1091C0000AA8F8F72FFE23681869FEF73FFB022173
:1091D00006A8F8F7B3FE06A90AA8F8F74DFF174945
:1091E000F8F752FF01460EA8F8F78EFD09210EA8E8
:1091F000FAF708FF0EA8F8F7D9FD06A8F8F7D6FD8C
:109200000AA8F8F7D3FD236800211869FEF7D8FBF8
:109210002068C3683BB11B692BB10021DDF804A0B5
:10922000FDF76CFEC3E5DDF804A0C0E58C830020EB
:1092300083DE1B43A4830020B88300206C830020BE
:10924000001000E02DE9F0472DED068B90B00546AB
:10925000B4490CA8F8F7E6FD09210CA8FAF7D2FEEC
:109260000CA8F8F7A3FDAB6899889B895B1A48BFE7
:10927000013301EB63012B6889B21869FEF7A0FB8B
:109280002868C3681E6933B12EB10021FDF736FE90
:109290002B68DB681E69A44C41F28737D4F8008044
:1092A00005E02368A3EB0803BB4200F227810021FD
:1092B0003046FDF795FB96F86830002BF1D14FF45E
:1092C000FA70F4F7C1FF64212846FFF7DBFC07467C
:1092D00030B90027384610B0BDEC068BBDE8F087EA
:1092E0002B681869FEF7B2FAB5EE400AB0EE408A74
:1092F000F1EE10FAEDD0AB68EA89B3F910101B8AD1
:10930000914200F3018100262868C368D3F810A0B9
:109310004BB1BAF1000F06D03146FDF7EFFD2B68D7
:10932000DB68D3F810A0D4F8009041F2873805E04C
:109330002368A3EB0903434500F221810021504635
:10934000FDF74EFB9AF86830002BF1D1774908A859
:10935000F8F768FDB0EE480A022104A8F8F7EEFD20
:1093600004A908A8F8F788FE7149F8F78DFE0146B0
:109370000CA8F8F7C9FC09210CA8FAF743FE0CA8C1
:10938000F8F714FD04A8F8F711FD08A8F8F70EFD8A
:10939000AB89B3425FD9DFF8AC819FED5E9B9FED57
:1093A0005F8B2868C368D3F810A04BB1BAF1000FE7
:1093B00006D03146FDF7A2FD2B68DB68D3F810A07C
:1093C000D4F8009005E02368A3EB0903632B00F2B7
:1093D000C28000215046FDF703FB9AF86830002B4D
:1093E000F1D154496423544A48681268A8FB02C268
:1093F000920C03FB02F24B681B1A9A42FBD82B68B3
:109400001869FEF723FA2B68B0EE40AA1869FEF738
:1094100035FBB5EE40AAF1EE10FA1CD02B681869A6
:10942000FEF770FBB8B92B68D3F8109099F8790063
:10943000F4F78EFB07EE900AD9ED1F6AB8EEE77BD2
:1094400027EE097B27EE087BB7EEC77BF4EEC76AF1
:10945000F1EE10FA78D8AB6838495E8204A8F8F7C4
:10946000E1FCAB680A226846598AF8F707FD6946AD
:1094700004A8F8F701FE3249F8F706FE2B68044607
:109480001869FEF7E3F9022108A8F8F757FD08A9C3
:109490002046F8F7F1FD2649F8F7F6FD01460CA83D
:1094A000F8F732FC09210CA8FAF7ACFD0CA8F8F784
:1094B0007DFC08A8F8F77AFC6846F8F777FC04A862
:1094C000F8F774FC2B6800211869FEF779FA286810
:1094D000C36823B11B6913B10021FDF70FFD4FF4E1
:1094E0007A70F4F7B1FE2B680021D868FDF736FFDB
:1094F000384610B0BDEC068BBDE8F087002386F837
:10950000683086F84330DAE69B1A9EB2FCE600BF6C
:10951000AFF300806666666666660A40000000007B
:109520000000303FB08200203CC201205C8300205C
:109530006C830020001000E03CAC0020A4830020DD
:10954000B883002083DE1B430136AB89B6B2B34239
:109550003FF627AF7FE7002311490CA88AF868304F
:109560008AF84330F8F75EFC08210CA8FAF74AFDA8
:109570000CA8F8F71BFCAB680A495E826EE7002373
:1095800009490CA88AF868308AF84330F8F74AFC91
:109590000CA80521FAF736FD0CA8F8F707FC91E7AF
:1095A000C4820020D8820020F882002003682DE9C0
:1095B000F0430446002691B0D3E90320136993F8E1
:1095C00000801E70636893F8207083F82060FEF7B7
:1095D000BDF82368464A2046DB681B69D3ED167A3E
:1095E0009A656822FCEEE77AA3F85C2017EE903AC1
:1095F0009DB2FFF79FFB90BB3E490CA8F8F712FC09
:109600000CA805214FF00009FAF7FCFC0CA8F8F7AC
:10961000CDFB07EE905ADFED386ADFED385A484649
:10962000F8EE677A9FED366AD4E9003267EEA66AF3
:10963000DB6885EEA67A1B6983F80080C3ED167A95
:1096400027EE067ABCEEC77A17EE101AA3F85C1064
:10965000002382F82070D36111B0BDE8F08320466A
:10966000FFF7F0FD81460028C6D0A36840F6B83069
:10967000198A81423AD9A1F6B83292B2824202D90D
:10968000204E0E44B6B21A8204A81E841E49F8F772
:10969000C9FBA3680A226846198AF8F7EFFB6946F6
:1096A00004A8F8F7E9FC1949F8F7EEFCA3680646A8
:1096B0000A22198C08A8F8F7E1FB08A93046F8F748
:1096C000DBFC01460CA8F8F71FFB08210CA8FAF7F1
:1096D00099FC0CA8F8F76AFB08A8F8F767FB68463E
:1096E000F8F764FB04A8F8F761FB92E73246CAE793
:1096F0000000A0401884002000007042002474493B
:109700000000003D90E8FFFFC88300200084002097
:1097100000000000D0E900232DE9F04F00260446A8
:1097200010692DED068B92ED02AA93B093F82020DC
:1097300083F820600192FEF709F83B490EA8F8F77C
:1097400071FB09210EA8FAF75DFC0EA8F8F72EFBB5
:10975000236831461869FEF733F92068C3681D692C
:1097600033B12DB13146FDF7C9FB2368DB681D69B4
:109770002E4E40F6B738376804E03368DB1B4345AC
:1097800000F2D38100212846FDF72AF995F86830C8
:10979000002BF2D10025264EDFF898A04FF47A77FF
:1097A000DFF894802368A9B21869FEF709F9DAF89E
:1097B00004103268A8FB0232920C07FB02F2DAF8BE
:1097C00004305B1A9A42FAD8236801351869FEF70B
:1097D0003DF8F3EE047AB4EEE70AF1EE10FA2DD577
:1097E000B5F5803FDED14FF4FA70F4F72DFD0A2174
:1097F0002046FFF747FA236800211869FEF7E0F8D2
:109800002068C36823B11B6913B10021FDF776FB03
:109810006368002201990120DA6183F8201013B0F7
:10982000BDEC068BBDE8F08FF88400203CC201201F
:109830003CAC0020001000E083DE1B434FF4FA70C4
:10984000F4F702FD0A212046FFF71CFAB5F5803F28
:10985000D1D080F0010313F0FF07CCD1D4F80880F9
:109860002368A8F804501869FDF7F0FFB74988EDA0
:10987000000A06A8F8F7D6FAA3680A2202A899886F
:10988000F8F7FCFA02A906A8DFF8E8B2F8F7F4FB4B
:10989000AF49F8F7F9FBA3680546022193ED000AEA
:1098A0000AA8F8F74BFB0AA92846DFF8CCA2F8F77C
:1098B000E3FBA849F8F7E8FB01460EA8DFF8BC82F5
:1098C000F8F722FA09210EA8A34DFAF79BFB0EA880
:1098D000F8F76CFA0AA8F8F769FA02A8F8F766FA36
:1098E00006A8F8F763FA9D490EA8F8F79BFA092134
:1098F0000EA8FAF787FB0EA8F8F758FA2368B6EE19
:10990000087A9749D3ED027A0AA867EE877A9FED25
:109910008B9BC3ED027AF8F785FA2368022106A82B
:1099200093ED020AF8F70AFB06A90AA8F8F7A4FBC8
:109930008C49F8F7A9FB01460EA8F8F7E5F90921CB
:109940000EA8FAF75FFB0EA8F8F730FA06A8F8F7AA
:109950002DFA0AA8F8F72AFA9FED7A8B2368B9B294
:109960001869FEF72DF8DBF804103268AAFB023202
:109970006423920C03FB02F2DBF804305B1A9A4278
:10998000FAD8414606A8F8F74DFA23680A371B694A
:1099900093F87900F4F7DCF807EE900A23680221C7
:1099A000B8EEE70B02A81B6920EE090BD3ED287A6D
:1099B00020EE080BB7EEC00B20EE270AF8F7BEFA30
:1099C00002A906A8F8F758FB2946F8F75DFB81467F
:1099D0000A2239460AA8F8F799FA0AA94846F8F778
:1099E0004BFB01460EA8F8F78FF909210EA8FAF7EC
:1099F00009FB0EA8F8F7DAF90AA8F8F7D7F902A8D0
:109A0000F8F7D4F906A8F8F7D1F9574B9F4205D0DB
:109A100023681869FEF776F800289FD04FF6FF7587
:109A2000236852490AA8BD4283ED02AAA36828BF51
:109A30003D46ADB29D81F8F7F5F92368F6EE087A58
:109A4000022193ED020A06A820EE270AF8F776FA1B
:109A500006A90AA8F8F710FB4249F8F715FB0146DA
:109A60000EA8F8F751F909210EA8FAF7CBFA0EA8BB
:109A7000F8F79CF906A8F8F799F90AA8F8F796F903
:109A80004FF4FA70F4F7E0FB0A212046FFF7FAF8EA
:109A900000283FF4B0AE23681869FDF7D7FEF7EE53
:109AA000007AB4EEE70AF1EE10FA3FF5A4AE2368AF
:109AB000A6681869FDF7CAFEA36886ED020A06A823
:109AC0009D812B49F8F7AEF9A3680A2202A899896B
:109AD000F8F7D4F902A906A8F8F7CEFA1C49F8F766
:109AE000D3FAA3680546022193ED020A0AA8F8F703
:109AF00025FA0AA92846F8F7BFFA1649F8F7C4FA72
:109B000001460EA8F8F700F909210EA8FAF77AFA2B
:109B10000EA8F8F74BF90AA8F8F748F902A8F8F7E1
:109B200045F906A8F8F742F965E6002385F868309C
:109B300085F843302EE600BFAFF3008066666666A8
:109B400066660A40000000000000303F0C850020DF
:109B5000B88300206C8300206C85002018850020CD
:109B60002C85002050850020040001007C85002009
:109B700098850020001000E083DE1B4358850020FC
:109B80002DE9F0432DED048B91B00446AD490CA8AE
:109B9000F8F748F909210CA8FAF734FA0CA8F8F7F5
:109BA00005F9236800211869FDF70AFF2068C368DA
:109BB0001D6933B12DB10021FDF7A0F92368DB68E1
:109BC0001D69A14F40F6B736D7F8008005E03B6825
:109BD000A3EB0803B34200F22C8200212846FCF7D5
:109BE000FFFE95F86830002BF1D1A268F0EE087AFC
:109BF0002368D2ED008A186968EEA78AFDF7A6FDF2
:109C00006368DFF85492B0EE680AD868FEF73EF851
:109C100063682268012193F8386040F2DC501269D1
:109C200083F83810D9610023DFF83082C2E9163397
:109C3000F4F70AFB19259FED858A0120F4F704FB50
:109C400023681869FDF702FE013D38EE008AF4D161
:109C5000F3EE097A494604A888EE279AF8F7E2F865
:109C600002216846B0EE680AF8F768F9694604A868
:109C7000F8F702FA4146F8F707FA0546022108A864
:109C8000B0EE490AF8F75AF908A92846F8F7F4F9A6
:109C900001460CA8F8F738F809210CA8FAF7B2F930
:109CA0000CA8F8F783F808A8F8F780F86846F8F7E2
:109CB0007DF804A8F8F77AF8F7EE007A38EEE78A2C
:109CC000B4EEC98AF1EE10FA1AD878EEA78AF4EE4B
:109CD000C98AF1EE10FA13DB6368B0EE480AD8685F
:109CE000FDF7D4FF6420F4F7AFFAA368D3ED027A4E
:109CF000B4EEE78AF1EE10FA03D5F0EE488A99E760
:109D0000A36883ED009A08A85149F8F78BF8A36877
:109D1000022104A893ED000AF8F710F904A908A895
:109D2000DFF83491F8F7A8F94A49F8F7ADF9014698
:109D30000CA8DFF82881F7F7E7FF09210CA8FAF74C
:109D400061F90CA8F8F732F804A8F8F72FF808A87A
:109D5000F8F72CF84FF4FA70F4F776FAA268236853
:109D600092ED029A00221B69B0EE490AC3E916225D
:109D70006368D868FDF78AFF19259FED348A0120B2
:109D8000F4F762FA23681869FDF760FD013D38EECB
:109D9000008AF4D1F3EE097A494604A8C8EE279A5E
:109DA000F8F740F802216846B0EE490AF8F7C6F81D
:109DB000694604A8F8F760F94146F8F765F90546E1
:109DC000022108A8B0EE690AF8F7B8F808A92846F1
:109DD000F8F752F901460CA8F7F796FF09210CA8ED
:109DE000FAF710F90CA8F7F7E1FF08A8F7F7DEFF7C
:109DF0006846F7F7DBFF04A8F7F7D8FFF7EE007A1D
:109E000079EE678AF4EEE98AF1EE10FA06D879EE77
:109E1000277AF4EEE97AF1EE10FA21DA6368B0EE0F
:109E2000680AD868FDF732FF6420F4F70DFAA368DA
:109E3000D3ED007AF4EEE78AF1EE10FA13DDB0EE1E
:109E4000689A99E73C8400203CC201200000000091
:109E500078840020988400205484002064840020AA
:109E6000F0EE498AA368794908A8C3ED029AF7F78A
:109E7000D9FFA368022104A893ED020AF8F75EF85F
:109E800004A908A8F8F7F8F87149F8F7FDF80146B1
:109E90000CA8F7F739FF09210CA8FAF7B3F80CA8BA
:109EA000F7F784FF04A8F7F781FF08A8F7F77EFF0C
:109EB0004FF4FA70F4F7C8F92068C3681D693BB124
:109EC00035B1A368598AFDF719F82368DB681D6965
:109ED000D7F8009040F6B73805E03B68A3EB0903DC
:109EE000434500F2AC8000212846FCF779FD95F847
:109EF0006830002BF1D1DFF86881564F19259FEDAE
:109F0000568A0120F4F7A0F923681869FDF79EFC32
:109F1000013D38EE008AF4D1F3EE097A414604A8F7
:109F200088EE279AF7F77EFF02216846B0EE680AAE
:109F3000F8F704F8694604A8F8F79EF83946F8F7E8
:109F4000A3F80546022108A8B0EE490AF7F7F6FF84
:109F500008A92846F8F790F801460CA8F7F7D4FEB0
:109F600009210CA8FAF74EF80CA8F7F71FFF08A86C
:109F7000F7F71CFF6846F7F719FF04A8F7F716FF75
:109F8000F7EE007A38EEE78AB4EEC98AF1EE10FAFD
:109F900006D878EEA78AF4EEC98AF1EE10FA13DA41
:109FA0006368B0EE480AD868FDF770FE6420F4F7E5
:109FB0004BF9A368D3ED007AB4EEE78AF1EE10FA1C
:109FC00003DDF0EE488A99E7A36883ED079A08A8B5
:109FD0002249F7F727FFA368022104A893ED070A97
:109FE000F7F7ACFF04A908A8F8F746F81849F8F7FE
:109FF0004BF801460CA8F7F787FE09210CA8FAF7E1
:10A0000001F80CA8F7F7D2FE04A8F7F7CFFE08A8CE
:10A01000F7F7CCFE4FF4FA70F4F716F963680022F4
:10A02000012083F83860DA6111B0BDEC048BBDE823
:10A03000F083002385F8683085F84330D5E50023A8
:10A0400085F8683085F8433055E700BF9C840020D0
:10A05000988400206484002000000000D084002048
:10A060005484002070B588B00D462E490446F7F799
:10A07000D9FE2D4904A82D4EF7F7D4FEAB686846EB
:10A08000022193ED000AF7F759FF694604A8F7F794
:10A09000F3FF3146F7F7F8FF01462046F7F7DAFFFE
:10A0A0006846F7F783FE04A8F7F780FE204904A866
:10A0B000F7F7B8FEAB680221684693ED020AF7F79E
:10A0C0003DFF694604A8F7F7D7FF3146F7F7DCFFF5
:10A0D00001462046F7F7BEFF6846F7F767FE04A87B
:10A0E000F7F764FE134904A8F7F79CFEAB686846CF
:10A0F000022193ED050AF7F721FF694604A8F7F757
:10A10000BBFF3146F7F7C0FF01462046F7F7A2FF35
:10A110006846F7F74BFE04A8F7F748FE204608B05C
:10A1200070BD00BF805F0020D885002038790020F6
:10A13000E0850020E88500200368002130B5054651
:10A1400085B0D868FDF70AF950B32846FFF7E2FA60
:10A150000446B8B12846FEF7EDFD044628B328466C
:10A16000FFF770F80446F0B111496846F7F75AFE58
:10A1700006216846F9F746FF6846F7F717FE2046BE
:10A1800005B030BD0B496846F7F74CFE052168461F
:10A19000F9F738FF6846F7F709FE204605B030BDED
:10A1A00004460549EFE70549EDE70549EBE700BF40
:10A1B0009C82002050820020348200208482002073
:10A1C0006C820020F0B5D0E903420F462549131BED
:10A1D00085B0DB1001FB03F39F4202D3002005B0E2
:10A1E000F0BD07EB4703064604EBC30404F1180077
:10A1F000824218D0101AC510002801FB05F52EDD8B
:10A200000834218A2046628A183434F8043C24F841
:10A21000201C24F81E2C24F81C3C2146F7F7B2FE23
:10A22000013DEED13069A0F1180310383361F7F722
:10A23000BDFD337ABB4202D2012005B0F0BD002340
:10A24000094968463372F7F7EDFD08216846F9F7CA
:10A25000D9FE6846F7F7AAFD012005B0F0BD10460B
:10A26000E1E700BFABAAAAAAB85E00202DE9F04F33
:10A270008B469DB055498146F7F7D4FDDBE90332A3
:10A280009A4200F09F8000250DF1500818AF504E03
:10A290002C46504904A8F7F7C5FD2946684604EB4B
:10A2A0004404F7F7D3FD694604A80135F7F7E4FE47
:10A2B0003146F7F7E9FEDBF80C20824608A832F8B1
:10A2C00034100A22F7F7DAFD08A95046E400F7F740
:10A2D000D3FE3146F7F7D8FEDBF80C2082460CA8F7
:10A2E0002244EDB251880A22F7F7C8FD0CA9504666
:10A2F000F7F7C2FE3146F7F7C7FEDBF80C208246BF
:10A3000010A8224491880A22F7F7B8FD10A95046F8
:10A31000F7F7B2FE3146F7F7B7FEDBF80C108246CE
:10A32000404621442C460831F7F7EEFC0122414615
:10A330003846FAF735FC39465046F7F79DFE264970
:10A34000F7F7A2FE01464846F7F784FE3846F7F7CE
:10A350002DFD4046F7F72AFD10A8F7F727FD0CA8BA
:10A36000F7F724FD08A8F7F721FD6846F7F71EFD6B
:10A3700004A8F7F71BFDDBE903239B1A174ADB1040
:10A3800002FB03F39D4284D315493846F7F74AFD93
:10A390009BF808104046F7F759FD41463846F7F755
:10A3A0006BFE0D49F7F770FE01464846F7F752FE7F
:10A3B0004046F7F7FBFC3846F7F7F8FC48461DB077
:10A3C000BDE8F08F0DF1500818AFDDE7805F002089
:10A3D000104B0020605F002038790020ABAAAAAAA9
:10A3E000685F002000295BDD4FF6FF7390ED067A71
:10A3F0009942A8BF194607EE901AF8EEE77A10B511
:10A4000067EE877A04462DED028BF5EE407A8CB02C
:10A41000F1EE10FA03D10CB0BDEC028B10BDC38A73
:10A42000828A07EE103A9FED1F6AD21AB8EEC78AE9
:10A4300007EE102AB8EEC77AC7EE066AA6EEA78A1C
:10A44000F3F756FF03462078E360FDEEC87A17EE77
:10A45000901AF5F70FFE0123134904A82372F7F7AA
:10A46000E1FCB0EE480A02216846F7F767FD69464D
:10A4700004A8F7F701FE014608A8F7F745FC0221FA
:10A4800008A8F9F7BFFD08A8F7F790FC6846F7F7AA
:10A490008DFC04A8F7F78AFC0CB0BDEC028B10BD54
:10A4A000704700BF00FF7F478081002070B50546E0
:10A4B00005EE101A90B02B49AA88B8EE455B6B8860
:10A4C00004A807EE903AD31A06EE103AB8EEE77BEE
:10A4D0009FED223BB8EEC66B86EE034BA4EE057BE8
:10A4E000FCEEC77B17EE904A944228BF1446F7F75C
:10A4F00099FC0A2268462146A4B2F7F707FD69468F
:10A5000004A8F7F7B9FD1849F7F7BEFD06460A2279
:10A51000A98808A8F7F7B2FC08A93046F7F7ACFD00
:10A5200001460CA8F7F7F0FB02210CA8F9F76AFD29
:10A530000CA8F7F73BFC08A8F7F738FC6846F7F7D4
:10A5400035FC04A8F7F732FC002301202C80AC81F5
:10A550002B7610B070BD00BFAFF30080000000008C
:10A56000E0FFEF40B07E0020C87E002010B504461A
:10A570008CB01149238804A86380F7F753FC0A22A2
:10A5800061886846F7F77AFC694604A8F7F774FD16
:10A59000014608A8F7F7B8FB082108A8F9F732FD2B
:10A5A00008A8F7F703FC6846F7F700FC04A8F7F7DC
:10A5B000FDFB01200CB010BD007F002010B504464B
:10A5C0008CB01149238804A8A380F7F72BFC0A223A
:10A5D000A1886846F7F752FC694604A8F7F74CFDD6
:10A5E000014608A8F7F790FB082108A8F9F70AFD2B
:10A5F00008A8F7F7DBFB6846F7F7D8FB04A8F7F7DE
:10A60000D5FB01200CB010BD807E002010B50446A3
:10A610008CB01149238804A8E380F7F703FC0A22D1
:10A62000E1886846F7F72AFC694604A8F7F724FD95
:10A63000014608A8F7F768FB082108A8F9F7E2FC2B
:10A6400008A8F7F7B3FB6846F7F7B0FB04A8F7F7DD
:10A65000ADFB01200CB010BD987E002070B588B015
:10A660000D4638490446F7F7DDFB374904A8374E55
:10A67000F7F7D8FB0A22A9886846F7F7FFFB694677
:10A6800004A8F7F7F9FC3146F7F7FEFC014620462F
:10A69000F7F7E0FC6846F7F789FB04A8F7F786FBB5
:10A6A0002B4904A8F7F7BEFB0A22E9886846F7F7AA
:10A6B000E5FB694604A8F7F7DFFC3146F7F7E4FC51
:10A6C00001462046F7F7C6FC6846F7F76FFB04A87B
:10A6D000F7F76CFB1F4904A8F7F7A4FB0A22698867
:10A6E0006846F7F7CBFB694604A8F7F7C5FC314687
:10A6F000F7F7CAFC01462046F7F7ACFC6846F7F7C7
:10A7000055FB04A8F7F752FB134904A8F7F78AFB97
:10A710000A22298A6846F7F7B1FB694604A8F7F7C9
:10A72000ABFC3146F7F7B0FC01462046F7F792FC48
:10A730006846F7F73BFB04A8F7F738FB204608B05C
:10A7400070BD00BF805F0020E07E002038790020CF
:10A75000E87E0020F07E0020F87E00208189C389F9
:10A760008B4210B5044684B005D0C3691869FCF764
:10A7700009FBA389E381238A13B1227E022A01D037
:10A7800004B010BD0D4A61691268521A9342F7D2A3
:10A79000E3691B6993F86830002BF1D108496846DA
:10A7A000F7F740FB08216846F9F72CFC6846F7F7F5
:10A7B000FDFA62880123A2812376E1E73CC20120F1
:10A7C0006C7E002070B50A261F4C00252DED028BF3
:10A7D0009FED1E8ADFED1E8A226872B6137F03F09A
:10A7E000FF0103B1157762B60029F5D0236872B670
:10A7F00047F6FF7C4FF40040B3F91E20B3F9201058
:10A80000A3F81EC0188462B6002A4FF00100B8BF3A
:10A8100052420029B8BF494293B28AB29342B8BFAC
:10A82000134607EE903AF8EEE77A87EEA87A38EE0C
:10A83000078AF3F709FD013ECED1B2EE040A88EE95
:10A84000000ABDEC028B70BD68E100200000000032
:10A8500000FEFF462DE9F04FDFF86CA2002506460A
:10A8600090499AF808308AF808502DED048B93B07F
:10A870000EA80193F7F7D6FA09210EA8F9F7C2FB43
:10A880000EA8F7F793FA33682946D869FCF766FDF6
:10A89000736829461B6993F897003368DB691C6964
:10A8A000F3F750FDB06890F8B830C56180F82C50CF
:10A8B000002B00F043827C4D736840F6B737D5F823
:10A8C0000080DB68D3F8109005E02B68A3EB080349
:10A8D000BB4200F24F8200214846FCF781F899F80C
:10A8E0006830002BF1D140F6B830F3F7ADFC3046BC
:10A8F000FFF768FFB5EE400A6C490AA8F1EE10FABE
:10A9000008BF9FED6B0A86ED040AF7F78BFA96ED08
:10A91000040A022106A8F7F711FB06A90AA8F7F70F
:10A92000ABFB01460EA8F7F7EFF909210EA8F9F7DE
:10A9300069FB0EA8F7F73AFA06A8F7F737FA0AA85C
:10A94000F7F734FA96ED047A9FED526BB7EEC77ABB
:10A95000B4EEC67BF1EE10FA80F2FB81B3680122FF
:10A9600083F82020DA6173681869FCF7EFFEB0689D
:10A970004268B2F91830B2F91A1023EAE3738B4235
:10A98000A8BF0B46002B00F0CC81138A0AA8528A7C
:10A990004849D21A48BF033203EBA2039FB2F7F72C
:10A9A00041FA0A22394606A8F7F768FA06A90AA862
:10A9B000F7F762FB01460EA8F7F7A6F909210EA8E2
:10A9C000F9F720FB0EA8F7F7F1F906A8F7F7EEF96B
:10A9D0000AA8F7F7EBF97068C36823B11B6913B1D4
:10A9E0003946FCF78BFA34490EA8F7F71BFA092110
:10A9F0000EA840F6B738F9F705FB0EA8F7F7D6F919
:10AA00007368D5F80090DB68D3F810B005E02B68C8
:10AA1000A3EB0903434500F2B38100215846FBF73D
:10AA2000DFFF9BF86830002BF1D124490EA8F7F71F
:10AA3000F9F909210EA8DFF89480F9F7E3FA0EA8D6
:10AA4000F7F7B4F940F6C410F3F7FEFB1C490AA867
:10AA5000F7F7E8F99FED1B0A022106A8F7F76EFA4F
:10AA600006A90AA8F7F708FB01460EA8F7F74CF964
:10AA700009210EA8F9F7C6FA0EA8F7F797F906A864
:10AA8000F7F794F90AA8F7F791F99FED049B25E0F1
:10AA9000AFF30080333333333333C33F3333333394
:10AAA0003333D33F947000203CC20120B8700020A3
:10AAB0000AD7233CF0700020047100202C71002084
:10AAC000447100209A99993E70B40020747100205E
:10AAD000B3685B685B8ABB4240F258817068643738
:10AAE000C368BFB223B11B6939460BB1FCF706FA44
:10AAF0003046FFF767FE414686ED050A0AA8F7F7DC
:10AB000091F996ED050A022106A8F7F717FA06A9AA
:10AB10000AA8F7F7B1FA01460EA8F7F7F5F80921E8
:10AB20000EA8F9F76FFA0EA8F7F740F906A8F7F79D
:10AB30003DF90AA8F7F73AF996ED057AB7EEC77A24
:10AB4000B4EEC97BF1EE10FAC2D49C490AA8F7F71B
:10AB500069F996ED050A022106A8F7F7EFF906A9AB
:10AB60000AA84FF00009F7F787FA01460EA840F649
:10AB7000B738F7F7C9F809210EA8F9F743FA0EA874
:10AB8000F7F714F906A8F7F711F90AA8F7F70EF97D
:10AB90009FED889B49462046FCF7F4F82F6804E0B7
:10ABA0002B68DB1B434500F2C38000212046FBF7E6
:10ABB00017FF94F86830002BF2D1304609F1640990
:10ABC000FFF700FEB0EE408A7D4906A8F7F72AF9A4
:10ABD0000221B0EE480A02A8F7F7B0F902A906A8C8
:10ABE0001FFA89F9F7F748FA7649F7F74DFA074659
:10ABF0000A2249460AA8F7F741F90AA93846F7F7A1
:10AC00003BFA01460EA8F7F77FF809210EA8F9F7DD
:10AC1000F9F90EA8F7F7CAF80AA8F7F7C7F802A8D3
:10AC2000F7F7C4F806A8F7F7C1F8B7EEC87AB4EE9C
:10AC3000C97BF1EE10FA13D4D6ED046AF4EEC86ABB
:10AC4000F1EE10FA0CDC338B4B4509D9B4EEC97B1D
:10AC5000F1EE10FA9EDAF4EEC86AF1EE10FA99D924
:10AC6000B9F1640F00F0A48033680AA85649A3F82C
:10AC700004904FEA5909A3F80690F7F7D3F8336820
:10AC80000A2206A89988F7F7F9F806A90AA8F7F79B
:10AC9000F3F901460EA8F7F737F809210EA8F9F7DE
:10ACA000B1F90EA8F7F782F806A8F7F77FF80AA817
:10ACB000F7F77CF845490EA8F7F7B4F809210EA874
:10ACC000F9F7A0F90EA8F7F771F8B0680023C3618F
:10ACD00080F82C3090F8B830002B59D073680021E0
:10ACE0001B6993F89700F3F72DFB73682F6840F604
:10ACF000B736DB681C6903E02B68DB1BB34251D815
:10AD000000212046FBF76CFE94F86830002BF3D14D
:10AD10000120019B8AF8083013B0BDEC048BBDE81C
:10AD2000F08FC0F8B030FDF73FFCB3685A682CE6EE
:10AD3000002384F8683084F843303EE7244D80F8DF
:10AD40007030C3864368198C2B680363FDF70CFAD7
:10AD5000B2E520490EA8F7F765F805210EA8F9F726
:10AD600051F90EA8F7F722F8002013B0BDEC048BC0
:10AD7000BDE8F08F002389F8683089F84330B2E5E8
:10AD800000238BF868308BF843304EE61249E1E738
:10AD900080F87030C3862B6803634368198CFDF715
:10ADA000E3F99BE7002384F8683084F84330AFE789
:10ADB0000A49CFE77B14AE47E17A843FA0710020B7
:10ADC000C4710020CC710020F87100200C720020AA
:10ADD0003CC20120D470002088710020DC7100206A
:10ADE000B34BB4491A7A2DE9F04F002597B082464B
:10ADF000B14C1D7212A80092F7F714F8092112A89D
:10AE0000F9F700F912A8F6F7D1FFDAF80030294671
:10AE100040F6B736D869FCF7A1FADAF80030BAF88C
:10AE20000C10DB69D3F810B09BF8003058468BF853
:10AE300000500193FBF7A6FF256804E023685B1B25
:10AE4000B34200F21F8100215846FBF7C9FD9BF871
:10AE50006830002BF2D19BF866900EA8974998466F
:10AE6000F6F7E0FF0A2249460AA8F7F707F80AA909
:10AE70000EA840F6B736F7F7FFF8014612A8F6F726
:10AE800043FF092112A8F9F7BDF812A8F6F78EFFC3
:10AE90000AA8F6F78BFF0EA8F6F788FFBAF80C7031
:10AEA000013F5846BFB23946FBF76CFF256804E006
:10AEB00023685B1BB34200F2B98000215846FBF7C0
:10AEC0008FFD9BF86830002BF2D1002F00F0B78087
:10AED0009BF866304B45E3D0794906A8F6F7A2FF08
:10AEE0000A229BF8661002A8F6F7C8FF02A906A876
:10AEF0000BEB8909F7F7C0F87249F7F7C5F8044674
:10AF00000A229BF844100AA84FF00108F6F7B6FF92
:10AF10000AA92046F7F7B0F86B49F7F7B5F80446E9
:10AF20000A22BBF864100EA8F6F7A8FF0EA9204667
:10AF3000F7F7A2F8014612A8F6F7E6FE092112A8D3
:10AF4000F9F760F812A8F6F731FF0EA8F6F72EFF12
:10AF50000AA8F6F72BFF02A8F6F728FF06A8F6F7CF
:10AF600025FFB9F84860BBF86450F2EE046ABAF8FD
:10AF70000C3006A8AD1B9FED557A554907EE905A47
:10AF8000B8EEE76A07EE903AF8EEE77AE6EE667A10
:10AF900077EEC77AFDEEE77A17EE904AAAF81840E6
:10AFA000F6F740FF0A22314602A8F6F767FF02A92A
:10AFB00006A8F7F761F84749F7F766F82946054606
:10AFC0000A220AA8F6F78AFF0AA92846F7F754F8D2
:10AFD0004149F7F759F8214604460A220EA8F6F728
:10AFE0007DFF0EA92046F7F747F8014612A8F6F7AD
:10AFF0008BFE092112A8F9F705F812A8F6F7D6FE7C
:10B000000EA8F6F7D3FE0AA8F6F7D0FE02A8F6F7C8
:10B01000CDFE06A8F6F7CAFE019B009A40468BF8C3
:10B020000030234B1A7217B0BDE8F08F4FF00003C9
:10B030008BF868308BF84330002F7FF449AF2749F5
:10B040000EA8F6F7EFFE0A229BF866100AA8F6F79C
:10B0500015FF0AA90EA8F7F70FF8014612A8F6F790
:10B0600053FE052112A8F8F7CDFF12A8F6F79EFEB1
:10B070000AA8F6F79BFE0EA8F6F798FE404617B012
:10B08000BDE8F08F4FF00008154912A88BF86880D2
:10B090008BF84380F6F7C6FE092112A8F8F7B2FF35
:10B0A00012A8F6F783FE404617B0BDE8F08F00BF48
:10B0B00070B40020A46F00203CC2012070700020FA
:10B0C000E86F0020A0600020047000200000FA4417
:10B0D000107000202470002034700020C46F002005
:10B0E0005070002038B50446FFF77AFE10B90025ED
:10B0F000284638BD2046FFF7ADFB05460028F6D0B0
:10B1000023680021D869FCF729F9284638BD00BF1B
:10B11000D0E903232DE9F043934285B0044613D0D0
:10B120009B1A002B10DD00252E4E05EB4500013546
:10B1300002EB8010FDF7C8FCD4E903239B1A9B1196
:10B1400006FB03F39D42F0DBD4E90C23934220D0AD
:10B150009B1A002B1DDD4FF00008234F234D464660
:10B16000C8EBC80308F1010802EB8309F3F7C0F844
:10B1700099F808302BB1D9E90332C01A904200D9AE
:10B18000EAB9D4E90C239B1A9B1005FB03F39845FD
:10B19000E6DBD4E90F0383420ED01B1A002B0BDD34
:10B1A000002500EB45100135FFF7D8FAD4E90F036D
:10B1B0001B1AB5EB631FF4DB05B0BDE8F08300217B
:10B1C00099F80000F4F756FF39466846F6F72AFE6C
:10B1D00002216846F8F716FF6846F6F7E7FD89F89A
:10B1E0000860CEE7ABAAAAAAD0630020B76DDBB691
:10B1F00070B5374D0C4637498CB0D5E90026B31AE7
:10B20000002B03FB01F142DD13464FF0000C04E07C
:10B210000CF1010C03338C4539DA93F801E0A645B3
:10B22000F6D193F800E08645F2D14FFA8CFCBCF1E0
:10B23000FF3F2CD00CEB4C0C02EB0C00C11C8E42DF
:10B2400003D0721A1FF0ECF86968CB1E04A82249DB
:10B250006B60F6F7E7FD21466846F6F7F7FD6946AD
:10B2600004A8F6F709FF014608A8F6F74DFD0821E6
:10B2700008A8F8F7C7FE08A8F6F798FD6846F6F79D
:10B2800095FD04A8F6F792FD01200CB070BD13499E
:10B2900004A8F6F7C7FD21466846F6F7D7FD6946CC
:10B2A00004A8F6F7E9FE014608A8F6F72DFD0821E7
:10B2B00008A8F8F7A7FE08A8F6F778FD6846F6F79D
:10B2C00075FD04A8F6F772FD00200CB070BD00BF3C
:10B2D00004440120ABAAAAAAB4460020A04600203C
:10B2E0002DE9F04F2C4B85B0DFF8E4B00022DFF8F9
:10B2F000E4A047F61221C3F800B0284BDFF8D8903D
:10B30000C3F800A0264BDFF8D480C3F80090254B8B
:10B31000254FC3F80080254B254E1F60254B264C3A
:10B320001E60264D264B27481D60F3F781FC636D98
:10B33000002247F612211868F3F77AFC224B2349C2
:10B3400068461B68A561C4F80031032384F8703097
:10B35000002384F85A3084F8593084F8F830636751
:10B36000C4F8FC3084F85830C4E918334FF6FF7342
:10B37000C4E902BAC4E91A33C4E90498C4E9076706
:10B38000F6F750FD09216846F8F73CFE6846F6F7E7
:10B390000DFD05B0BDE8F08F8CC2012090C20120E8
:10B3A000C4C2012088C2012081D5010094C20120BD
:10B3B000B1D201007CC2012018C800203DD6010096
:10B3C00098C20120ECCE00203CC20120E44E0020B7
:10B3D000F1CF010009D10100C1D1010069D3010001
:10B3E00010B5364C84B02378072B0BD8344A42F87A
:10B3F0002310013B062B4CD8DFE803F0151E273045
:10B4000039420700002004B010BD28284FF0040284
:10B410002C4928BFFF20F4F76BF823780120034460
:10B42000237004B010BD28284FF00402264928BF1D
:10B43000FF20F4F75DF8F0E728284FF004022349D5
:10B4400028BFFF20F4F754F8E7E728284FF004025C
:10B450001F4928BFFF20F4F74BF8DEE728284FF0FC
:10B4600004021C4928BFFF20F4F742F8D5E728283A
:10B470004FF00402184928BFFF20F4F739F8CCE751
:10B4800028284FF00402154928BFFF20F4F730F8B0
:10B49000C3E728284FF00402114928BFFF20F4F722
:10B4A00027F810496846F6F7BDFC68460821F8F70A
:10B4B000A9FD6846F6F77AFCAFE700BF27C4012074
:10B4C00044C20120DD5901007D5901008D59010060
:10B4D0009D590100AD590100BD590100CD59010030
:10B4E0006D590100744D002010B5484C2378072B8E
:10B4F0000BD847495A1E41F82300062A74D8DFE8C2
:10B5000002F00F1E2D3C4B5A0600002010BD028A8F
:10B510004049501E88425DD301330120237010BD85
:10B52000028A3C49501E8842F6D202EB42023A4956
:10B530003A48D200013AF4F783F82378ECE7028A1C
:10B540003449501E8842E7D202EB42023449354862
:10B55000D200013AF4F774F82378DDE7028A2D4926
:10B56000501E8842D8D202EB42022F492F48D20007
:10B57000013AF4F765F82378CEE7028A2549501E90
:10B580008842C9D202EB420229492A48D200013A34
:10B59000F4F756F82378BFE7028A1E49501E884206
:10B5A000BAD202EB420224492448D200013AF4F70D
:10B5B00047F82378B0E7028A1649501E8842ABD27A
:10B5C00002EB42021E491F48D200013AF4F738F854
:10B5D0002378A1E702EB42021B491C48D200013A42
:10B5E000F4F72EF8237897E7038A0A4A591E914206
:10B5F00001D3002390E703EB430315491548DA0014
:10B60000013AF4F71DF8237886E700BF21C4012032
:10B6100028440120AAAAAA0ADD5F010018B8002068
:10B620000960010020B800203560010028B8002022
:10B630006160010030B800202D5F010038B80020A3
:10B64000B15F010040B80020855F010048B80020CC
:10B65000595F010010B80020F0B5002600F11C056C
:10B6600085B0044686764821284A2846E6F754FDE8
:10B67000002849D04FF400712846E6F763FD04F135
:10B680002C0732464FF480412846E6F787FDE0213B
:10B690002846E6F759FD1D4A49213846E6F73CFDA4
:10B6A00028B3012338464FF40071A376E6F74AFD2C
:10B6B0003846C021E6F748FD15491448F8F790F8D8
:10B6C000324638464FF48041E6F768FD4FF040239C
:10B6D00010496846C4F82032F6F7A4FB08216846F2
:10B6E000F8F790FC6846F6F761FB05B0F0BD0A4933
:10B6F0006846F6F797FB05216846F8F783FC68462D
:10B70000F6F754FB05B0F0BD0449F1E78CD10020F9
:10B71000801A0600607500204475002028750020FE
:10B72000072A70B5054694B005D92A49F6F77AFB81
:10B73000284614B070BDC2EB0212684601EB8204C9
:10B7400094F84410F6F782FB694604A8F6F7DCFA91
:10B75000214904A8F6F798FC06460A22B4F86C10B2
:10B7600008A8F6F78BFB08A93046F6F785FC1A49BE
:10B77000F6F78AFC06460A22B4F86A100CA8F6F717
:10B780007DFB0CA93046F6F777FC1349F6F77CFCF5
:10B79000B4F8681004460A2210A8F6F76FFB10A947
:10B7A0002046F6F769FC01462846F6F7ADFA10A8E0
:10B7B000F6F7FCFA0CA8F6F7F9FA08A8F6F7F6FA85
:10B7C00004A8F6F7F3FA6846F6F7F0FA284614B03C
:10B7D00070BD00BF805F0020104B00202DE9F04FAE
:10B7E0008A4600263B4D91B05446DFF8F8903A491E
:10B7F0008046F6F717FB5FFA86FB384904A83C340D
:10B80000F6F710FB59466846F6F720FB694604A890
:10B81000F6F732FC2946F6F737FCDAF8041007464B
:10B8200008A801EB06110136F6F76EFA012208A905
:10B830000CA8F9F7B5F90CA93846F6F71DFC4946EE
:10B84000F6F722FC01464046F6F704FC0CA8F6F792
:10B85000ADFA08A8F6F7AAFA6846F6F7A7FA04A818
:10B86000F6F7A4FA1E490CA8F6F7DCFA594608A820
:10B87000F6F7ECFA08A90CA8F6F7FEFB2946F6F74E
:10B8800003FC217AF6F70EFC2946F6F7FDFB218E24
:10B89000F6F71CFC2946F6F7F7FBE18DF6F716FCE8
:10B8A0002946F6F7F1FBA18DF6F710FC4946F6F7AD
:10B8B000EBFB01464046F6F7CDFB08A8F6F776FA13
:10B8C0000CA8F6F773FA082E95D1404611B0BDE8E2
:10B8D000F08F00BF104B0020805F00207C740020A0
:10B8E00084740020387900202DE9F04F2DED028B73
:10B8F0008DB08046C34908A8DFF86493F6F792FA42
:10B90000C14908A8F6F7B8FBC049F6F7BDFB0146E8
:10B910004046F6F7F9F908A8F6F748FABC4908A82E
:10B92000F6F780FABB4908A8F6F7A6FBB749F6F781
:10B93000ABFB01464046F6F78DFB08A8F6F736FA52
:10B94000B54BB64908A81B7808EE103AF6F76AFA24
:10B95000082108A8F8F756FB08A8F6F727FAD9E94E
:10B960000021914200F08A81002704AC6E46DFF886
:10B97000B4B23D4659462046F6F754FA0A22294603
:10B980003046F6F77BFA314620460135F6F774FB70
:10B990009E49F6F779FBD9F80010824608A8394489
:10B9A0002C37F9F769F908A95046F6F765FB014607
:10B9B0004046F6F74FFB08A8F6F7F8F93046F6F7D9
:10B9C000F5F92046F6F7F2F9D9E900239B1A944AD3
:10B9D0009B1002FB03F3AB42CCD8924908A8F6F7C0
:10B9E00021FA18EE101A20468F4DF6F72FFA21464D
:10B9F00008A8F6F741FB8549F6F746FB01464046A5
:10BA0000F6F728FB2046F6F7D1F908A8F6F7CEF9A5
:10BA1000864908A8F6F706FA082108A8F8F7F2FA06
:10BA200008A8F6F7C3F9824B08A81968FFF7D6FEF5
:10BA300008A94046F6F70EFB08A8F6F7B7F97D49C6
:10BA400008A8F6F7EFF9082108A8F8F7DBFA08A824
:10BA5000F6F7ACF9784908A8F6F7E4F92B68204620
:10BA6000596AFEF7FFFA214608A8F6F705FB0146DA
:10BA70004046F6F7EFFA2046F6F798F908A8F6F7E9
:10BA800095F96E4908A8F6F7CDF9082108A8F8F746
:10BA9000B9FA08A8F6F78AF92B6808A8D9685831C6
:10BAA000F8F712FF08A94046F6F7D4FA08A8F6F707
:10BAB0007DF9634908A8F6F7B5F9082108A8F8F751
:10BAC000A1FA08A8F6F772F92B6808A8D96BFEF757
:10BAD000C5FD08A94046F6F7BDFA08A8F6F766F9CD
:10BAE000584908A8F6F79EF9082108A8F8F78AFA35
:10BAF00008A8F6F75BF92B6808A8D968FCF71EFFC1
:10BB000008A94046F6F7A6FA08A8F6F74FF94E49F5
:10BB100008A8F6F787F9082108A8F8F773FA08A823
:10BB2000F6F744F92B6808A81968FCF785F808A906
:10BB30004046F6F78FFA08A8F6F738F9434908A8FF
:10BB4000F6F770F9082108A8F8F75CFA08A8F6F7E4
:10BB50002DF92B683E4930461F6BF6F763F93D49D6
:10BB600008A8F6F75FF90A22B98A2046F6F786F99F
:10BB7000214608A8F6F780FA2449F6F785FA014627
:10BB80003046F6F767FA2046F6F710F908A8F6F7F8
:10BB90000DF9314908A8F6F745F90A22F98A204635
:10BBA000F6F76CF9214608A8F6F766FA1749F6F792
:10BBB0006BFA01463046F6F74DFA2046F6F7F6F8EE
:10BBC00008A8F6F7F3F831464046F6F743FA304650
:10BBD000F6F7ECF8214908A8F6F724F9082108A897
:10BBE000F8F710FA08A8F6F7E1F82B6808A8DB6860
:10BBF0009968FEF73BFB08A94046F6F72BFA08A820
:10BC000030E000BFE44D00208CE1002038790020B6
:10BC1000EC4D0020F043012088E10020F44D00208D
:10BC2000A38B2EBA0C4E00202CC20120144E0020F3
:10BC300080E10020284E0020404E0020484E002089
:10BC4000604E0020744E00208C4E0020A04E00203C
:10BC5000805F0020B84E0020C04E0020C84E00205B
:10BC600074E10020F6F7A2F806494046F6F7F6F927
:10BC700040460DB0BDEC028BBDE8F08F04AC6E46C3
:10BC8000ABE600BFE04E002010B590B028490CA8EC
:10BC9000F6F7C8F827490CA8F6F7EEF92649F6F7A3
:10BCA000F3F901466846F6F72FF80CA8F6F77EF888
:10BCB000224904A8F6F7B6F8694604A8F6F7DCF9B5
:10BCC0001F49F6F7E1F91F49F6F7DEF90299044634
:10BCD0000020F2F73BFE009840B3029A04210132A3
:10BCE000F2F74AFE02990A2208A80231F6F70EF985
:10BCF00008A92046F6F7C0F91349F6F7C5F9014639
:10BD00000CA8F6F701F800210CA8F8F77BF90CA8AD
:10BD1000F6F74CF808A8F6F749F804A8F6F746F83D
:10BD20006846F6F743F8012010B010BD0748D4E785
:10BD3000E44D00208CE10020387900206447002089
:10BD4000905F00206C470020744700208CAA0020E0
:10BD500010B590B06846FFF7C7FD204904A8F6F774
:10BD600061F8694604A8F6F787F91D49F6F78CF9DA
:10BD70001C49F6F789F9029904460020F2F7E6FD1E
:10BD8000009840B3029A04210132F2F7F5FD0299BE
:10BD90000A2208A80231F6F7B9F808A92046F6F7F2
:10BDA0006BF91149F6F770F901460CA8F5F7ACFFED
:10BDB00000210CA8F8F726F90CA8F5F7F7FF08A85A
:10BDC000F5F7F4FF04A8F5F7F1FF6846F5F7EEFF85
:10BDD000012010B010BD0548D4E700BF6447002023
:10BDE000905F00206C470020744700208CAA002040
:10BDF0002DE9F8438046806C20B1D8F85010091A1C
:10BE0000F3F758FDD8F83C0020B1D8F84410091ACF
:10BE1000F3F750FDD8F8300020B1D8F83810091ADF
:10BE2000F3F748FDD8F8240020B1D8F82C10091AEF
:10BE3000F3F740FDD8F8180020B1D8F82010091AFF
:10BE4000F3F738FDD8E903794F4532D007F1840084
:10BE5000F5F7ACFF07F17400F5F7A8FFD7E9165620
:10BE6000B54211D005F10C0420461C34F5F79EFFB5
:10BE700054F8283C18461BB1A968C91AF3F71AFDF3
:10BE80001C35AE42F0D1BE6D26B1396E3046891BED
:10BE9000F3F710FD07F14800F5F788FFF86B18B1CC
:10BEA000796C091AF3F706FDC037B945CED1D8F839
:10BEB0000C90B9F1000F06D0D8F814104846A1EB49
:10BEC0000901F3F7F7FCD8F8000020B1D8F8081002
:10BED000091AF3F7EFFC4046BDE8F88370B5D0E9E6
:10BEE00000450646AC4206D020466434FFF780FF8A
:10BEF000A542F9D1356825B1B1682846491BF3F749
:10BF0000D9FC304670BD00BF70B5D0E9004506468B
:10BF1000AC4206D0201D1434F5F748FFA542F9D1F4
:10BF2000356825B1B1682846491BF3F7C3FC304694
:10BF300070BD00BF2DE9F843044600680F46154662
:10BF400098B10368DB689847236803E01B685B6966
:10BF500098472368184643B11B681B699847002817
:10BF6000236856DD1846002BF0D1002D4FD000235A
:10BF70004FEAC50800261846002B44D03A681B68D3
:10BF800022FA06F11B68C9B2984723680836B04503
:10BF9000F1D123B11A681846D368984723684FF047
:10BFA0000009DFF87C801C4F1C4EC3B11A6818468C
:10BFB00013699847854215DDB9F57A6F21D0D8F815
:10BFC00004203968A6FB0131890CD8F804309B1A8B
:10BFD0009942FAD8236809F10109002BE6D11846E5
:10BFE0008542E9DCB9F57A6F0BD055B1002623689C
:10BFF000184613B11B685B6998470136F6B2B54223
:10C00000F5D1BDE8F8830836B045BFD1C7E72B4668
:10C01000C5E7002DACD1BCE73CAC002083DE1B4360
:10C02000001000E02DE9F041052282B04FF000033E
:10C0300000260192044661F30603027A35468DF824
:10C0400006308DF80520019F27FA06F10820C9B2B5
:10C0500005E0DDB2431E490813F0FF000ED001F0E9
:10C0600001026B00B2EBD51F83F00703F1D1431E31
:10C070006D00490813F0FF00EDB2F0D10836182E1C
:10C08000E2D104228DF80750DFF89C800746244E49
:10C090000DEB0201234D2046FFF74CFF206820B135
:10C0A00003681B699847072810DC42F210739F420F
:10C0B00032D0D8F804103268A5FB0232920CD8F8BE
:10C0C00004305B1A9A42FAD80137E7E742F210735C
:10C0D0009F4221D000252F462E46236818468BB15B
:10C0E0001B685B699847A5F12001C317C5F12002C1
:10C0F00000FA01F1AB4020FA02F2A8400B430743DB
:10C1000013431E430835402DE7D1300240EA176043
:10C1100000BA02B0BDE8F081002002B0BDE8F081B5
:10C120003CAC002083DE1B43001000E0F8B50D4658
:10C13000044606212846FFF775FF000E21280CBF94
:10C1400001230023237016D0002395F826102046E3
:10C150001A46C1F301111D466370A370A380E380EA
:10C16000217263726381A381E3812382A374E274E9
:10C1700025756375F8BD00212846FFF753FF034678
:10C180006C212846EB60FFF74DFF034670212846DF
:10C19000EB61FFF747FF2B7B6862C3F3801262708D
:10C1A0002A7F12F00F0218BF0122A270EA7F02F06C
:10C1B0000F02511E072958D8C2F10802012192B27C
:10C1C00001FA02F292B295F811C06427297C0CF0B2
:10C1D0001F0ECCF3040CAE7CA280C3F3C00284F823
:10C1E0000AC001F01F0CC1F30401A27183F0040224
:10C1F00007FB0EFE217306F00F01C2F38002C6F3A7
:10C20000030607FB01F10EF10F0EE271A673073171
:10C21000174E07FB0CFC95F82620A6FB01610CF1DC
:10C220000F0CC2F301126074C90822722A7E114DEC
:10C23000617385FB0E6185FB0C657144E274654496
:10C2400009112D116172C0F38041E57203F00105FF
:10C25000E173C3F34003C0F3C041C0F30720257569
:10C26000A074204621746375F8BD4FF48072AAE76C
:10C2700089888888430821842DE9F04F9BB00446C3
:10C28000744914A8F5F7CEFD082114A8F7F7BAFEF3
:10C2900014A8F5F78BFD704914A8F5F7C3FD082124
:10C2A00014A8F7F7AFFE14A8F5F780FDE16814A80D
:10C2B000FFF73CFF69490CA8F5F7B4FD0A229DF889
:10C2C000501008A8F5F7DAFD08A90CA8F5F7D4FE78
:10C2D000014610A8F5F718FD082110A8F7F792FEFF
:10C2E00010A8F5F763FD08A8F5F760FD0CA8F5F7B1
:10C2F0005DFD5B490CA8F5F795FD0A229DF85110EC
:10C3000008A8F5F7BBFD08A90CA8F5F7B5FE01468E
:10C3100010A8F5F7F9FC082110A8F7F773FE10A88C
:10C32000F5F744FD08A8F5F741FD0CA8F5F73EFD2B
:10C330004C490CA8F5F776FD0A229DF8521008A882
:10C34000F5F79CFD08A90CA8F5F796FE014610A884
:10C35000F5F7DAFC082110A8F7F754FE10A8F5F756
:10C3600025FD08A8F5F722FD0CA8F5F71FFD3E49AD
:10C370000CA8F5F757FD0A22BDF8541008A8F5F7E8
:10C380007DFD08A90CA8F5F777FE014610A8F5F782
:10C39000BBFC082110A8F7F735FE10A8F5F706FD3D
:10C3A00008A8F5F703FD0CA8F5F700FD2F490CA828
:10C3B000F5F738FD0A229DF8561008A8F5F75EFD3E
:10C3C00008A90CA8F5F758FE014610A8F5F79CFC43
:10C3D000082110A8F7F716FE10A8F5F7E7FC08A843
:10C3E000F5F7E4FC0CA8F5F7E1FC21490CA8F5F7FA
:10C3F00019FD0A229DF8571008A8F5F73FFD08A976
:10C400000CA8F5F739FE014610A8F5F77DFC0821C8
:10C4100010A8F7F7F7FD10A8F5F7C8FC08A8F5F77E
:10C42000C5FC0CA8F5F7C2FC124910A8F5F7FAFCF8
:10C43000082110A8F7F7E6FD10A8F5F7B7FC9DF85E
:10C440005830032B23D8DFE813F06F046C04690421
:10C45000170000BF3C79002058790020687900203F
:10C4600088790020A0790020C0790020E0790020A0
:10C470000C7A0020307A0020BF4910A8F5F7D2FCD2
:10C4800010A80821F7F7BEFD10A8F5F78FFCBB49EF
:10C490000CA8F5F7C7FC9DF8591008A8F5F7D6FCCD
:10C4A00008A90CA8F5F7E8FD014610A8F5F72CFC43
:10C4B000082110A8F7F7A6FD10A8F5F777FC08A843
:10C4C000F5F774FC0CA8F5F771FCAD490CA8F5F76D
:10C4D000A9FC9DF85A1008A8F5F7B8FC08A90CA803
:10C4E000F5F7CAFD014610A8F5F70EFC082110A8C3
:10C4F000F7F788FD10A8F5F759FC08A8F5F756FCE2
:10C500000CA8F5F753FC9F490CA8F5F78BFC9DF898
:10C510005B1008A8F5F79AFC08A90CA8F5F7ACFD84
:10C52000014610A8F5F7F0FB082110A8F7F76AFDFF
:10C5300010A8F5F73BFC08A8F5F738FC0CA8F5F7B0
:10C5400035FC91490CA8F5F76DFC9DF85C1008A826
:10C55000F5F77CFC08A90CA8F5F78EFD014610A89C
:10C56000F5F7D2FB082110A8F7F74CFD10A8F5F756
:10C570001DFC08A8F5F71AFC0CA8F5F717FC834971
:10C580000CA8F5F74FFC9DF85D1008A8F5F75EFCC8
:10C5900008A90CA8F5F770FD014610A8F5F7B4FB43
:10C5A000082110A8F7F72EFD10A8F5F7FFFB08A843
:10C5B000F5F7FCFB0CA8F5F7F9FB75490CA8F5F7A6
:10C5C00031FC9DF85E1008A8F5F740FC08A90CA8FE
:10C5D000F5F752FD014610A8F5F796FB082110A8C3
:10C5E000F7F710FD10A8F5F7E1FB08A8F5F7DEFB5B
:10C5F0000CA8F5F7DBFB67490CA8F5F713FC0A223A
:10C600009DF85F1008A8F5F739FC08A90CA8F5F704
:10C6100033FD014610A8F5F777FB082110A8F7F7BE
:10C62000F1FC10A8F5F7C2FB08A8F5F7BFFB0CA8B2
:10C63000F5F7BCFB58490CA8F5F7F4FB0A229DF866
:10C64000601008A8F5F71AFC08A90CA8F5F714FD66
:10C65000014610A8F5F758FB082110A8F7F7D2FCFF
:10C6600010A8F5F7A3FB08A8F5F7A0FB0CA8F5F7B1
:10C670009DFB4A490CA8F5F7D5FB9DF8611008A869
:10C68000F5F7E4FB08A90CA8F5F7F6FC014610A89D
:10C69000F5F73AFB082110A8F7F7B4FC10A8F5F756
:10C6A00085FB08A8F5F782FB0CA8F5F77FFB3C4952
:10C6B0000CA8F5F7B7FB9DF8621008A8F5F7C6FBC4
:10C6C00008A90CA8F5F7D8FC014610A8F5F71CFB43
:10C6D000082110A8F7F796FC10A8F5F767FB08A843
:10C6E000F5F764FB0CA8F5F761FB2E490CA8F5F7EC
:10C6F00099FB0A229DF8631008A8F5F7BFFB08A96B
:10C700000CA8F5F7B9FC014610A8F5F7FDFA0821C9
:10C7100010A8F7F777FC10A8F5F748FB08A8F5F77D
:10C7200045FB0CA8F5F742FB1F490CA8F5F77AFB6F
:10C730000A229DF8641008A8F5F7A0FB08A90CA828
:10C74000F5F79AFC014610A8F5F7DEFA082110A8C3
:10C75000F7F758FC10A8F5F729FB08A8F5F726FB12
:10C760000CA8F5F723FB11490CA8F5F75BFB0A228F
:10C770009DF865101CE000BF747A00207C7A0020D0
:10C78000987A0020B87A0020D47A0020F87A002025
:10C79000187B0020407B0020707B0020A47B0020C1
:10C7A000BC7B0020D87B0020F87B0020247C00206C
:10C7B00008A8F5F763FB08A90CA8F5F75DFC01468E
:10C7C00010A8F5F7A1FA082110A8F7F71BFC10A88C
:10C7D000F5F7ECFA08A8F5F7E9FA0CA8F5F7E6FA88
:10C7E000BF4910A8F5F71EFB082110A8F7F70AFCAF
:10C7F00010A8F5F7DBFABB4910A8F5F713FB0821E1
:10C8000010A8F7F7FFFB10A8F5F7D0FAB44910A865
:10C81000F5F708FB082110A8F7F7F4FB10A8F5F7C7
:10C82000C5FAB14910A8F5F7FDFA082110A8F7F7E5
:10C83000E9FB10A8F5F7BAFA0621E068FFF7F2FB6A
:10C840000546AA490CA8F5F7EDFA0A2205F0010100
:10C8500008A8F5F713FB08A90CA8F5F70DFC01468D
:10C8600010A8F5F751FA082110A8F7F79FFB10A8B8
:10C87000F5F79CFA08A8F5F799FA0CA8F5F796FAD7
:10C88000974910A8F5F7CEFA082110A8F7F7BAFBD8
:10C8900010A8F5F78BFA934910A8F5F7C3FA082109
:10C8A00010A8F7F7AFFB10A8F5F780FA8C4910A88D
:10C8B000F5F7B8FA082110A8F7F7A4FB10A8F5F7C8
:10C8C00075FA8B4910A8F5F7ADFA082110A8F7F70B
:10C8D00099FB10A8F5F76AFA6F21E068FFF7A2FB51
:10C8E000044600F001028349C4F34003C4F3402529
:10C8F000C4F3802607920693C4F3C013C4F3002246
:10C900000CA80493C4F3C0230392C4F3800B0593D3
:10C91000C4F3C00A0295C4F300190196F5F782FA30
:10C92000079A08A8C4F34018C4F3801711460A22D6
:10C93000F5F7ECFA08A90CA8C4F30446F5F79CFB3C
:10C94000014610A8C4F38075F5F7DEF9082110A898
:10C95000E40FF7F757FB10A8F5F728FA08A8F5F742
:10C9600025FA0CA8F5F722FA63490CA8F5F75AFA4C
:10C97000069B0A2208A81946F5F7C8FA08A90CA8C8
:10C98000F5F77AFB014610A8F5F7BEF9082110A8C3
:10C99000F7F738FB10A8F5F709FA08A8F5F706FA33
:10C9A0000CA8F5F703FA55490CA8F5F73BFA0A224B
:10C9B000594608A8F5F7AAFA08A90CA8F5F75CFBF0
:10C9C000014610A8F5F7A0F9082110A8F7F71AFBFF
:10C9D00010A8F5F7EBF908A8F5F7E8F90CA8F5F7B2
:10C9E000E5F947490CA8F5F71DFA0A22514608A8AF
:10C9F000F5F78CFA08A90CA8F5F73EFB014610A83C
:10CA0000F5F782F9082110A8F7F7FCFA10A8F5F756
:10CA1000CDF908A8F5F7CAF90CA8F5F7C7F939490F
:10CA20000CA8F5F7FFF90A22494608A8F5F76EFAAF
:10CA300008A90CA8F5F720FB014610A8F5F764F942
:10CA4000082110A8F7F7DEFA10A8F5F7AFF908A843
:10CA5000F5F7ACF90CA8F5F7A9F92B490CA8F5F7EF
:10CA6000E1F90A22414608A8F5F750FA08A90CA8EE
:10CA7000F5F702FB014610A8F5F746F9082110A8C2
:10CA8000F7F7C0FA10A8F5F791F908A8F5F78EF9AD
:10CA90000CA8F5F78BF91D490CA8F5F7C3F90A2284
:10CAA000394608A8F5F732FA08A90CA8F5F7E4FA10
:10CAB000014610A8F5F728F9082110A8F7F7A2FAFF
:10CAC00010A8F5F773F908A8F5F770F90CA8F5F7B1
:10CAD0006DF90F490CA8F5F7A5F90A221AE000BF75
:10CAE0003C790020805F0020547C0020687C00207E
:10CAF000807C00208C7C0020B07C0020D47C002036
:10CB0000F07C00200C7D0020287D0020447D00204A
:10CB10005C7D0020049908A8F5F7F8F908A90CA88D
:10CB2000F5F7AAFA014610A8F5F7EEF8082110A8C3
:10CB3000F7F768FA10A8F5F739F908A8F5F736F904
:10CB40000CA8F5F733F97A490CA8F5F76BF90A2226
:10CB5000039908A8F5F7DAF908A90CA8F5F78CFAF3
:10CB6000014610A8F5F7D0F8082110A8F7F74AFAFF
:10CB700010A8F5F71BF908A8F5F718F90CA8F5F7B0
:10CB800015F96C490CA8F5F74DF90A22029908A885
:10CB9000F5F7BCF908A90CA8F5F76EFA014610A83C
:10CBA000F5F7B2F8082110A8F7F72CFA10A8F5F756
:10CBB000FDF808A8F5F7FAF80CA8F5F7F7F85E49BC
:10CBC0000CA8F5F72FF90A22019908A8F5F79EF9A4
:10CBD00008A90CA8F5F750FA014610A8F5F794F843
:10CBE000082110A8F7F70EFA10A8F5F7DFF808A843
:10CBF000F5F7DCF80CA8F5F7D9F850490CA8F5F7CB
:10CC000011F90A22059908A8F5F780F908A90CA8D6
:10CC1000F5F732FA014610A8F5F776F8082110A8C2
:10CC2000F7F7F0F910A8F5F7C1F808A8F5F7BEF87E
:10CC30000CA8F5F7BBF842490CA8F5F7F3F80A225F
:10CC4000314608A8F5F762F908A90CA8F5F714FA17
:10CC5000014610A8F5F758F8082110A8F7F7D2F9FF
:10CC600010A8F5F7A3F808A8F5F7A0F80CA8F5F7B1
:10CC70009DF834490CA8F5F7D5F80A22294608A8EA
:10CC8000F5F744F908A90CA8F5F7F6F9014610A83C
:10CC9000F5F73AF8082110A8F7F7B4F910A8F5F756
:10CCA00085F808A8F5F782F80CA8F5F77FF826496B
:10CCB0000CA8F5F7B7F80A22214608A8F5F726F9D7
:10CCC00008A90CA8F5F7D8F9014610A8F5F71CF843
:10CCD000082110A8F7F796F910A8F5F767F808A843
:10CCE000F5F764F80CA8F5F761F8184910A8F5F7FE
:10CCF00099F8082110A8F7F785F910A8F5F756F864
:10CD0000134910A8F5F78EF8082110A8F7F77AF95B
:10CD100010A8F5F74BF81BB0BDE8F08F0D49FFF7F1
:10CD2000ACBB0D49FFF7A9BB0C49FFF7A6BB00BF81
:10CD3000747D0020947D0020B47D0020D47D0020EF
:10CD4000F47D0020107E00202C7E00203C79002005
:10CD5000805F0020647A0020547A00204C7A002002
:10CD60002DE9F04FD0E900A91446854AA9EB0A0342
:10CD70000F46844985B09B10039002FB03F38B425E
:10CD800000F0FA80012B1A4638BF01229B1802934B
:10CD900080F0E180029BA7EB0A05002B40F0E380C6
:10CDA00001930023019AD4E9001053511544B0EBCC
:10CDB0000108C5E9013300F0CB80734B984556D884
:10CDC0004046F2F773FD0346D4E90010461A03EB20
:10CDD00008028142AA60C5E9003304D018463246F1
:10CDE0001DF01EFB0346334404F10C0105F10C0059
:10CDF0006B60F4F789FF5745019E42D006F10C04A1
:10CE00000AF10C054FF0000826E05F4B9B4533D834
:10CE10005846F2F74BFD034603EB0B0244E903339C
:10CE200044F8042C55E903129142A2EB010B04D003
:10CE300018465A461DF0F4FA03465B44294620463C
:10CE40001C3644F8083C1C34F4F75EFF05F11C0363
:10CE50001035AF4215D01D4655E9032344E9038838
:10CE6000B3EB020B44F8048CCFD15B46D4E7B8F1A6
:10CE7000000F04DA0DF0A0FBBBF1000FFADB0DF0A0
:10CE80008BFB4F4506F11C0438D028360C370025A3
:10CE900026E03D4B9845EAD84046F2F707FD0346A9
:10CEA00057E90312A2EB010B03EB08008A4246F894
:10CEB000040C46E9033304D018465A461DF0B0FA74
:10CEC00003465B44394630461C3446F8083C1C3661
:10CED000F4F71AFF07F11C031037B9450ED01F46AF
:10CEE00057F8082C57F80C1C46F8045CB2EB010804
:10CEF00046E90355CDD1C3464346D5E7CA4510D0D0
:10CF00000AF10C0556462846F4F750FF55F80C0C6C
:10CF100018B1B168091AF2F7CDFC1C361C35B145C1
:10CF2000F1D1BAF1000F06D0039B50469968A1EBEE
:10CF30000A01F2F7BFFC029B0199C3EBC303039AFA
:10CF400001EB8303C2E90014936005B0BDE8F08FE4
:10CF5000464643463BE7A7EB0A050C480291F2F729
:10CF6000A5FC01901DE7029B8B4228BF0B46C3EB3B
:10CF7000C30002938000F2E705480DF045FB00BFB7
:10CF8000B76DDBB624499204FCFFFF7FF0FFFF7F03
:10CF90002087002070B5002588B00646294604A8E1
:10CFA0000395CDE90155F4F73DFFD6E901439C42D5
:10CFB00033D0029B019A2560C4E901559D1A2AD0FD
:10CFC0001C4B9D422FD82846F2F770FC03461D44A7
:10CFD000C4E90033DDE90110A5608142A0EB010541
:10CFE00004D018462A461DF01BFA03462B4404A918
:10CFF00004F10C006360F4F787FE73681C33736000
:10D0000004A8F4F7D3FE019818B10399091AF2F7AE
:10D0100051FC08B070BD2B46D9E701AA2146304625
:10D02000FFF79EFEECE7002D01DA0DF0C5FA0DF0DA
:10D03000B3FA00BFFCFFFF7F2DE9F04FD0E9008677
:10D040008B461146A6EB08036FF0784285B0B2EB31
:10D05000231F5AD01F1181465D46012F3B4638BF22
:10D060000123FF18ABEB08034DD2DFBB1024BA46F7
:10D0700001970AEB0300F4F747FEC3450DD047467E
:10D080005446394610372046F4F73EFE5F452246A7
:10D0900004F11004F5D102F12004B34507D029466C
:10D0A000103520461034F4F72FFEB542F7D1B045C5
:10D0B00006D0454628461035F4F778FEB542F9D13A
:10D0C000B8F1000F06D0D9F808104046A1EB0801CE
:10D0D000F2F7F0FB019BC9E900A4C9F8083005B0DC
:10D0E000BDE8F08F974228BF17463F013846CDE98B
:10D0F0000231F2F7DBFBC319824600F11004019301
:10D10000DDE90231B5E7024FF0E702480DF07CFAA5
:10D11000F0FFFF7F208700202DE9F04F002500F170
:10D120000C0887B00E46856007466449C0E9005583
:10D130004046F4F777FE624902A8F4F773FE02A9AD
:10D140003046F5F733F8044602A8F4F72FFE611CC9
:10D1500000F0AC8023462A46314602A8F5F74AF88B
:10D1600002A8F5F773F801464046F4F703FF02A85A
:10D17000F4F71CFEB368013B9C4280F29B80DFF811
:10D180004481DFF8449151E054457BDD6A1C18BFAF
:10D190000122414602A80192F4F744FE019AAA45F1
:10D1A000D4BF002202F00102002A74D1BAF1FF3F7D
:10D1B00071D0414602A85546F4F7FAFE6A1C02A94E
:10D1C0003046F5F705F8421C18BF441C02A8F4F7D6
:10D1D000EDFD631C5A46314602A808BFB4682346D9
:10D1E000F5F708F802A8F5F731F80146102001918B
:10D1F000F2F75CFB01990546F4F786FD02A8F4F707
:10D20000D5FDD7E9010398424AD02946F4F77CFDC1
:10D210007B6810337B602846F4F7C8FD1021284650
:10D22000F2F748FBB368013BA34243DD04F1010B75
:10D23000234902A8F4F7F6FD5A4602A93046F4F74E
:10D24000C7FF044602A8F4F7B1FD414602A8F4F76F
:10D25000E9FD5A4602A93046F4F7BAFF824602A811
:10D26000F4F7A4FD494602A8F4F7DCFD5A4602A9EA
:10D270003046F4F7ADFF054602A8F4F797FDBAF182
:10D28000FF3F81D1B5F1FF3F18BFAC42CCBF0122B7
:10D2900000229EDD7DE7494602A8F4F789FE8DE76E
:10D2A00001462A463846FFF7C7FEB4E731464046F6
:10D2B000F4F760FE384607B0BDE8F08F805F0020CD
:10D2C000104B0020685E0020544D00202DE9F04FE7
:10D2D000D0E90084444B9346A4EB0805434A83B04D
:10D2E000AD1003FB05F595427BD0012D2B4607467B
:10D2F0000E4638BF0123ED18A1EB08036FD2002DB5
:10D300005DD14FF0240AA94609EB030C4645BBE862
:10D310000F00ACE80F00BBE80F00ACE80F00DBF833
:10D320000030CCF8003028D009F1240BC246D64694
:10D33000ABF1240C0AF1240A0BF1240BBEE80F0018
:10D34000ACE80F00BEE80F00B245ACE80F00DEF815
:10D350000030CCF80030EAD1A6F1240A224BAAEB27
:10D36000080A4FEA9A0A03FB0AFA2AF0404A0AF12D
:10D37000020A0AEBCA0A09EB8A0AA64210D0A21BCB
:10D38000194B50463146243A920803FB02F222F030
:10D390004042013202EBC20292009244F2F7ECF9F1
:10D3A000B8F1000F05D0B9684046A1EB0801F2F7CB
:10D3B00081FABD60C7E9009A03B0BDE8F08F9542DD
:10D3C00028BF154605EBC505AD0028460193F2F7C9
:10D3D0006DFA019B8146054400F1240A94E7044D4F
:10D3E000F3E704480DF010F9398EE338E3388E0383
:10D3F000ECFFFF7F208700202DE9F04FD0E900846B
:10D40000404B9346A4EB08053F4A83B0ED1003FB65
:10D4100005F5954273D0012D2B4607460E4638BFC1
:10D420000123ED18A1EB080367D2002D55D14FF071
:10D43000180AA94609EB030C4645BBE80F00ACE807
:10D440000F009BE803008CE8030024D009F1180BBF
:10D45000C246D646ABF1180C0AF1180A0BF1180BAC
:10D46000BEE80F00B245ACE80F009EE803008CE870
:10D470000300EED1A6F1180A244BAAEB080A4FEAE2
:10D48000DA0A03FB0AFA2AF0604A0AF1020A0AEBF6
:10D490004A0A09EBCA0AA64210D0A21B1B4B5046EF
:10D4A0003146183AD20803FB02F222F06042013200
:10D4B00002EB4202D2009244F2F75EF9B8F1000F9B
:10D4C00005D0B9684046A1EB0801F2F7F3F9BD6059
:10D4D000C7E9009A03B0BDE8F08F954228BF154612
:10D4E00005EB4505ED0028460193F2F7DFF9019BB6
:10D4F0008146054400F1180A9CE7054DF3E705480D
:10D500000DF082F8ABAAAAAA55555505ABAAAA0AEE
:10D51000F8FFFF7F208700202DE9F04FD0E9007948
:10D520000C466FF07841A9EB070383B0B1EB231FE2
:10D5300049D01D110646A4EB070A012D2B4638BF22
:10D540000123ED183DD275BB4FF0100BA84608EB38
:10D550000A0CBC420FCA8CE80F000FD008F1100E65
:10D56000BC469CE80F000CF1100CA4450EE90F001E
:10D570000EF1100EF5D10AF1100BC3444C4506D044
:10D58000A9EB0402584621469344F2F7F5F827B177
:10D59000B1683846C91BF2F78DF9B560C6E9008B52
:10D5A00003B0BDE8F08F8D4228BF0D462D012846FF
:10D5B0000192F2F77BF9019A8046054400F1100BC5
:10D5C000C5E7024DF3E702480DF01EF8F0FFFF7FBC
:10D5D000208700202DE9F04FD0E90084404B93468E
:10D5E000A4EB08053F4A83B0AD1003FB05F5954257
:10D5F00073D0012D2B4607460E4638BF0123ED1888
:10D60000A1EB080367D2002D55D14FF01C0AA946A3
:10D6100009EB030C4645BBE80F00ACE80F009BE8A4
:10D6200007008CE8070024D009F11C0BC246D6463F
:10D63000ABF11C0C0AF11C0A0BF11C0BBEE80F002D
:10D64000B245ACE80F009EE807008CE80700EED179
:10D65000A6F11C0A244BAAEB080A4FEA9A0A03FB1C
:10D660000AFA2AF0404A0AF1020ACAEBCA0A09EB8E
:10D670008A0AA64210D0A21B1B4B504631461C3AC8
:10D68000920803FB02F222F040420132C2EBC202D6
:10D6900092009244F2F770F8B8F1000F05D0B96823
:10D6A0004046A1EB0801F2F705F9BD60C7E9009A11
:10D6B00003B0BDE8F08F954228BF1546C5EBC50500
:10D6C000AD0028460193F2F7F1F8019B814605442D
:10D6D00000F11C0A9CE7054DF3E705480CF094FFA8
:10D6E000B76DDBB624499204B76DDB36F0FFFF7FE0
:10D6F00020870020F0B5074687B01C200D46002685
:10D70000F2F7D4F843F69823044605700121067217
:10D71000C0E903634FF6FF73284663614FF07E5301
:10D72000A361F0F74BFE217814200191F2F7BEF8C7
:10D73000002305460674C0E90066AB6010201B4B51
:10D74000EB60F2F7CFFDAB89019944F620622846E1
:10D75000F7F788FF796BBB6B6560994228741FD01F
:10D7600025468C4601F11C060FCDACE80F0095E86C
:10D7700007008CE807007E6320780021F2F77AFC2E
:10D780000B4902A8F4F74EFB022102A8F6F73AFC77
:10D7900002A8F4F70BFB00230120237207B0F0BDB1
:10D7A000224607F13000FFF715FFE5E70000FF1004
:10D7B000D06300202DE9F04FD0E900A516466FF0A8
:10D7C0007C42A5EB0A0383B0B2EB631F00F0BD807F
:10D7D0005F1180460C46A1EB0A0B012F3B4638BF78
:10D7E0000123FF1880F0AF80002F40F09F8020229F
:10D7F000B9460197336809EB0B01307A544549F873
:10D800000B30736808724B60338A0B8273894B81CB
:10D81000F368CB6073694B61337E0B76F369CB6140
:10D8200037D00AF120034A4633F8206C203233F80F
:10D830001E0C203353F82C7C22F8206C22F81E0C8E
:10D8400033F83C6C33F83A0C22F81C6C22F81A0CB2
:10D8500013F8386C33F8360C02F8186C22F8160CF2
:10D8600033F8346C33F8320C22F8146C22F8120CB2
:10D8700033F8306C13F8280C22F8106C02F8080CFE
:10D8800042F80C7C8A4253F8240C42F8040CCBD1A9
:10D890002032AC4248D02D1B2034154434F81E1CD5
:10D8A000203234F81A3C203434F840CC34F83C6C44
:10D8B00014F8380C22F81E1C22F81A3C34F8361CD6
:10D8C00034F8323C22F820CC22F81C6C02F8180CF8
:10D8D00022F8161C22F8123C34F834CC34F8306CA0
:10D8E00054F82C1C14F8280C54F8243C22F814CCBE
:10D8F00022F8106C42F80C1C02F8080C42F8043CA8
:10D90000AA42CBD1BAF1000F06D0D8F80810504681
:10D91000A1EB0A01F1F7CEFF019BC8E90095C8F819
:10D92000083003B0BDE8F08F1546EBE7974228BFFB
:10D9300017467F013846F1F7B9FFC319814600F158
:10D940002002019356E7024FF4E702480CF05CFE18
:10D95000E0FFFF7F208700202DE9F04FD0E9008411
:10D96000404B9346A4EB08053F4A83B0AD1003FB40
:10D9700005F5954273D0012D2B4607460E4638BF5C
:10D980000123ED18A1EB080367D2002D55D14FF00C
:10D990001C0AA94609EB030C4645BBE80F00ACE89E
:10D9A0000F009BE807008CE8070024D009F11C0B4E
:10D9B000C246D646ABF11C0C0AF11C0A0BF11C0B3B
:10D9C000BEE80F00B245ACE80F009EE807008CE807
:10D9D0000700EED1A6F11C0A244BAAEB080A4FEA75
:10D9E0009A0A03FB0AFA2AF0404A0AF1020ACAEB31
:10D9F000CA0A09EB8A0AA64210D0A21B1B4B50464A
:10DA000031461C3A920803FB02F222F040420132F6
:10DA1000C2EBC20292009244F1F7AEFEB8F1000FE1
:10DA200005D0B9684046A1EB0801F1F743FFBD609E
:10DA3000C7E9009A03B0BDE8F08F954228BF1546AC
:10DA4000C5EBC505AD0028460193F1F72FFF019BFB
:10DA50008146054400F11C0A9CE7054DF3E70548A3
:10DA60000CF0D2FDB76DDBB624499204B76DDB36FE
:10DA7000F0FFFF7F208700202DE9F04784B00546A6
:10DA8000202000269DF834704FF6FF7A03924EF264
:10DA900078690293F1F70AFF394B04464680D3F8C0
:10DAA00000800672C0F81480C66006820676C0F850
:10DAB00004A0A0F80A901820F1F7F8FE0C9B00973C
:10DAC0000746DDE90221F9F7DBFAE761D5E9101332
:10DAD000994245D001F120032288C1F804A0A1F8A1
:10DAE0000A90C1F814804E800E72CE600E820E76BF
:10DAF000CF610A802B6400212046FCF7D7FCE26945
:10DB000002211C201269D5E900365160F31A2A6CF3
:10DB1000183EDB10A2F12004EA68033B02EB8317F6
:10DB2000F1F7C4FE0023296D04600361EC6C4361CE
:10DB300000238C4203834EF66023C0E90167838192
:10DB400014D0844604F11C06BCE80F000FC49CE806
:10DB5000070084E807000120EE6404B0BDE8F08708
:10DB6000224605F13C00FFF725FEC4E702462146A8
:10DB700005F14800FFF7F0FE012004B0BDE8F08792
:10DB80003CC201202DE9F04FD0E9007993462E4A9E
:10DB9000A9EB07030C462D4983B002FB03F38B422C
:10DBA0004FD0012B1A460646A4EB070A38BF0122C4
:10DBB0009D1844D2BDBB0323A846BBF8001008EB58
:10DBC0000A02BC4228F80A109BF80210917011D08A
:10DBD00008F1030C3B461A88033313F801EC0CF1EF
:10DBE000030CA3422CF8062C0CF804ECF3D10AF138
:10DBF000030343444C4508D0A9EB040218462146D0
:10DC000013440193F1F7B8FD019B37B1B168384671
:10DC10000193C91BF1F74EFE019BB560C6E9008375
:10DC200003B0BDE8F08F8D4228BF0D4605EB4505DA
:10DC30002846F1F73BFE80460544C31CBDE7044D72
:10DC4000F6E704480CF0E0FCABAAAAAAAAAAAA2A02
:10DC5000FEFFFF7F2087002070B592B00D468DF843
:10DC600004000EAE8DF806208DF80510FDF7C0FA01
:10DC7000002845D12D4CD4E90132934250D0BDF853
:10DC8000041003339DF8062023F8031C03F8012C2D
:10DC90006360274906A8F4F7C5F8294602A8F4F7F7
:10DCA000D5F802A906A8F4F7E7F92249F4F7ECF948
:10DCB000214905460AA8D4E900239B1A0A2203FB3E
:10DCC00001F1F4F7F3F80AA92846F4F7D5F91B494E
:10DCD000F4F7DAF901463046F4F716F80821304631
:10DCE000F6F790F93046F4F761F80AA8F4F75EF811
:10DCF00002A8F4F75BF806A8F4F758F812B070BD64
:10DD00000F493046F4F78EF8084C05213046F6F7F7
:10DD100079F93046F4F74AF8D4E901329342AED1AA
:10DD200001AA19462046FFF72DFFB2E7044401205F
:10DD3000A84D0020B84D0020ABAAAAAA6479002003
:10DD4000944D00202DE9F04F034685B01446794AE2
:10DD50005D680E460390006877492B1A01909B106E
:10DD600002FB03F38B4200F0E180012B1A4638BF1F
:10DD700001229B18029380F0C080019BA6EB030850
:10DD8000029B002B40F0C980009300990023226879
:10DD900001EB080741F80820BB62C7E90833636854
:10DDA0007B60A368BB60E368FB6023693B616369D8
:10DDB000D4E908187B61A369B8EB0109BB61237F33
:10DDC0003B7700F098805D4A914500F29F8048467D
:10DDD000F1F76CFD8246D4E908180AEB090388457F
:10DDE000BB62C7E908AA15D001F1040B0AF10409C6
:10DDF0005C461BF8043C59464846103409F8043C7C
:10DE0000F3F782FF0AF1140AA0450BF1140B09F194
:10DE10001409EDD1C7F824A0DDE900439E4229D0C2
:10DE2000187F9F682077186AD3E90012C4E90012AE
:10DE3000D3E90321C4E90272D3E90527C4E9041236
:10DE4000D3E909122C33A761A2629E42C4E90801FA
:10DE500004F12C04E4D1019AA6F12C039B1A384A50
:10DE60009B0802FB03F32C2223F0404303FB022216
:10DE7000009B9C18AE4204F12C0428D03046274663
:10DE80008268D0E90013C7E90013D0E90331C7E97C
:10DE90000223D0E90532C7E90413037F016ABA619E
:10DEA0003B77D0E909232C30BB628542C7E90812D1
:10DEB00007F12C07E4D1AB1B214A2C3B9B0802FB4A
:10DEC00003F32C2223F0404303FB02221444019B62
:10DED0002BB1039A18469168C91AF1F7EBFC009927
:10DEE0002C230298039A03FB0013C2E900149360E9
:10DEF00005B0BDE8F08FCA466FE7019B1148A6EB5D
:10DF000003080291F1F7D2FC00903EE7B9F1000F4F
:10DF100001DA0CF051FB0CF03FFB029B2C208B42F2
:10DF200028BF0B4603FB00F00293EBE706480CF01A
:10DF30006BFB00BFA38B2EBA2EBAE802F8FFFF7F5F
:10DF4000A38B2E3AE8FFFF7F208700202DE9F04FBA
:10DF5000436801F12C0883B00E464345019050D030
:10DF6000A3EB0808364A4FEAA804B8F1000F02FBF9
:10DF700004F463DD01F15808002558F82C1C58F80A
:10DF800038AC48F8581C58F8281C58E9092358E9B7
:10DF90000D9B48E9142358F8143CCA4548F8541C12
:10DFA00048F8403C58F8083C18F8102C48F8343C25
:10DFB00058F8043C08F83C2C48F8303C48F8045C1D
:10DFC00058E9071048E9121058F80C1C48E90355A5
:10DFD00048F8381C06D05746381D1437F3F7E6FECC
:10DFE000B945F9D1BAF1000F04D0ABEB0A015046A4
:10DFF000F1F760FC013C08F12C08BED1019BD3F87D
:10E00000048058F80C4CA8F12C0358F8085C019ACD
:10E01000AC42536007D0201D1434F3F7C7FEA5426D
:10E02000F9D158F80C5C2DB158F8041C2846491B4E
:10E03000F1F740FC304603B0BDE8F08F9846E0E7CA
:10E04000A38B2EBA2DE9F84FD0E900890F469246EE
:10E050006FF06041A9EB0802B1EBA20F55D093100D
:10E060000646A7EB0805012B1A4638BF01229C186B
:10E0700049D2002C3DD1A346DAF800200BEB050372
:10E08000002D1A6024DCA9EB07090435B9F1000F53
:10E090005D4413DC4D44B8F1000F04D1B460C6E90F
:10E0A00000B5BDE8F88FB168A1EB08014046F1F773
:10E0B00001FCB460C6E900B5BDE8F88F28463946D2
:10E0C0004A464D44F1F758FBB8F1000FE6D0EAE7B5
:10E0D000A9EB07092A464146584604351CF0A0F929
:10E0E000B9F1000F5D44E9DCB1684D44A1EB0801D2
:10E0F000DCE78C4228BF0C46A4002046F1F7D6FB93
:10E1000083460444B8E7024CF7E702480CF07CFA77
:10E11000FCFFFF7F2087002070B50E46D0E900216C
:10E120002DED028B8B1AB0EE408A82B0B6EBA30FB6
:10E1300017D30446002506E041F8045B8B1A6160A2
:10E14000B6EBA30F0DD3A36801958B42F4D101AABE
:10E150002046FFF777FFD4E900218B1AB6EBA30F17
:10E16000F1D202EB860282ED008A02B0BDEC028B96
:10E1700070BD00BF2DE9F043002389B00C468046F6
:10E18000194604A817461D460193CDE90233F3F75B
:10E1900049FE214604A80024F3F7ECFE019A0299F7
:10E1A000AE0057F8049B8B1AB5EBA30F0AD3039B61
:10E1B00000948B4246D041F8044B8B1A0291B5EB88
:10E1C000A30FF4D2013516440C2DC6F80090E6D109
:10E1D000D8E901439C423ED00023DDE90125A3603C
:10E1E000AD1AC4E9003334D0214B9D4239D82846BA
:10E1F000F1F75CFB03461D44C4E90033DDE901107F
:10E20000A5608142A0EB010504D018462A461CF007
:10E2100007F903462B4404A904F10C006360F3F7EB
:10E2200073FDD8F804301C33C8F8043004A8F3F7A1
:10E23000BDFD019818B10399091AF1F73BFB09B02C
:10E24000BDE8F0836A4601A8FFF7FCFEDDE9012185
:10E25000A9E72B46CFE701AA21464046FEF780FDFD
:10E26000E4E7002D01DA0CF0A7F90CF095F900BFF6
:10E27000FCFFFF7F2DE9F043002389B00C46804668
:10E28000194604A817461D460193CDE90233F3F75A
:10E29000C9FD214604A80024F3F76CFE019A0299F7
:10E2A000AE003B68881A03EB8503B5EBA00FD3F8EB
:10E2B000009007D214E041F8044B8B1A0291B5EBA1
:10E2C000A30F0DD3039B00948B42F4D16A4601A89F
:10E2D000FFF7B8FEDDE901218B1AB5EBA30FF1D2F0
:10E2E000013516440C2DC6F80090D8D1D8E9014369
:10E2F0009C4237D00023DDE90125A360AD1AC4E9B3
:10E3000000332DD01D4B9D4232D82846F1F7CEFA6E
:10E3100003461D44C4E90033DDE90110A5608142D4
:10E32000A0EB010504D018462A461CF079F80346F4
:10E330002B4404A904F10C006360F3F7E5FCD8F862
:10E3400004301C33C8F8043004A8F3F72FFD0198FB
:10E3500018B10399091AF1F7ADFA09B0BDE8F083D5
:10E360002B46D6E701AA21464046FEF7F9FCEBE72B
:10E37000002D01DA0CF020F90CF00EF9FCFFFF7F04
:10E380002DE9F04FD0E900860C464249A6EB080380
:10E390009346414A85B09B1001FB03F3934275D02D
:10E3A000012B1F46814638BF0127FF18A4EB080345
:10E3B0006AD2002F57D1142502970197019F594621
:10E3C000F81811F8042B0430FA54F3F7BBFC444559
:10E3D00018D007F1040B08F1040A55461AF8042C6A
:10E3E0005146584610350BF8042CF3F78DFC0AF112
:10E3F000140AAC423A460BF1140B07F11407ECD1A6
:10E4000002F12805B44212D0043405F1040B14F8CB
:10E41000042C2146584614350BF8042C0BF1140B30
:10E42000F3F772FC04F1100314349E42EFD1B045AF
:10E4300006D04446201D1434F3F7B8FCB442F9D199
:10E44000B8F1000F06D0D9F808104046A1EB08013A
:10E45000F1F730FA019BC9E90035029BC9F8083091
:10E4600005B0BDE8F08F974228BF174607EB870736
:10E47000BF0038460393F1F719FAC21900F11405E9
:10E48000039B0190029299E7044FF2E704480CF0D5
:10E49000BBF800BFCDCCCCCC66666606F8FFFF7F2C
:10E4A00020870020F0B50646254B0F4687B0114661
:10E4B000D0E90850401B801003FB00F0B8B10024E5
:10E4C000234604E01FFA8EF4844223460FD203EB66
:10E4D000830304F1010E15F823C005EB8303BC454B
:10E4E000F0D1181DF3F746FDE0B207B0F0BD02A869
:10E4F0008DF80470F3F708FCD6E90903984217D0A9
:10E500009DF8043002A900F8043BF3F71BFC736A82
:10E510001433736202A8F3F749FC094AD6E90803E9
:10E52000181A801002FB00F00138C0B207B0F0BD2D
:10E53000014601AA06F12000FFF722FFEAE700BF2B
:10E54000CDCCCCCC2DE9F041D0E9087686B005469B
:10E55000B74200F1200807D03C46201D1434F3F7E1
:10E5600025FCA642F9D16F624023214902A88DF80B
:10E570000430F3F757FCD5E90903984227D09DF8FA
:10E58000043002A900F8043BF3F7DCFB6B6A143398
:10E590006B6202A8F3F70AFC7B23164902A88DF8E8
:10E5A0000430F3F73FFCD5E90903984215D09DF8F4
:10E5B000043002A900F8043BF3F7C4FB6B6A02A81D
:10E5C00014336B62F3F7F2FB06B0BDE8F08101464D
:10E5D00001AA4046FFF7D4FEDBE7014601AA404608
:10E5E000FFF7CEFE02A8F3F7E1FB06B0BDE8F0812D
:10E5F000207200203C7200202DE9F04F034687B0C6
:10E600001646974AD3F80480049000680191A8EB5D
:10E610000003944900909B1002FB03F38B4200F02F
:10E620001B81012B1A4638BF01229B18039380F0EF
:10E63000F680DDE900239D1A039B002B40F0038147
:10E6400002930023029AD6E9007453511544C5E998
:10E650000133E31B00F0E180834A934200F2F08033
:10E6600018460593F1F722F9059B8346D6E9007415
:10E670005B44A742AB60C5E900BB08D03946103700
:10E6800058460BF1100BF3F73FFBBC42F6D106F1F5
:10E690000C0105F10C00C5F804B0F3F735FB029F3F
:10E6A000DDE9002393423FD002F10C0507F10C0491
:10E6B0004FF0000B9A46A946CDF8148059E903366D
:10E6C00044E903BBF61A44F804BC29D0664B9E42C9
:10E6D00000F2AE803046F1F7E9F88046464444E95E
:10E6E000038844F8046C59E90365AE4208D031460A
:10E6F0001036404608F11008F3F706FBB542F6D194
:10E700004946204644F8088C1C37F3F7FDFA09F116
:10E710001C0309F110091C34CA4503D09946CDE702
:10E72000B046DBE7DDF81480019B07F11C0B434585
:10E730003DD007F128050C3300271E46A94656F8A0
:10E74000085C56F80C4C49F8047C2B1B49E903770C
:10E750002BD0454A93426FD818460193F1F7A6F89B
:10E76000019B824656E903455344A54249F8043CBF
:10E7700049E903AA08D02146103450460AF1100A8C
:10E78000F3F7C2FAA542F6D13146484649F808AC3B
:10E790000BF11C0BF3F7B8FA06F11C03103609F164
:10E7A0001C09B04503D01E46C9E79A46DCE7009B2A
:10E7B00043451CD0009E06F10C052846F3F7F6FAF7
:10E7C00055E90347BC4207D020461034F3F7EEFA70
:10E7D000A742F9D155F80C7C2FB155F8041C3846E6
:10E7E000C91BF1F767F81C361C35B045E5D1009B15
:10E7F00033B1049B9968009BC91A1846F1F75AF87F
:10E80000039B0299C3EBC303049A01EB8303C2E9A0
:10E81000001B936007B0BDE8F08F9B4628E7DDE959
:10E82000002311489D1A0391F1F740F8029008E780
:10E83000002E03DA0BF0C0FE002BFBDB0BF0ACFE6E
:10E84000002BFBDAF6E7039B8B4228BF0B46C3EB9A
:10E85000C30003938000E7E704480BF0D5FE00BF38
:10E86000B76DDBB624499204F0FFFF7F20870020BC
:10E870002DE9F04F9DB00E4602900846F3F7E6FCF6
:10E8800001463046F3F776FBB368012B40F38581F0
:10E890000023DFF82CB3C24D1F460193C14911A8D4
:10E8A000F3F7C0FA0A2239460DA8F3F7E7FA0DA9E3
:10E8B00011A83C46F3F7E0FB014615A8F3F724FA4C
:10E8C000072115A8F5F79EFB15A8F3F76FFA0DA819
:10E8D000F3F76CFA11A8F3F769FAB368013BBB428E
:10E8E00000F3A281B04911A8F3F79CFA0A2221464D
:10E8F0000DA8F3F7C3FA0DA911A8F3F7BDFB014664
:10E9000015A8F3F701FA072115A8F5F77BFB15A861
:10E91000F3F74CFA0DA8F3F749FA11A8F3F746FA02
:10E9200021463046F3F718FC017815A8F3F720FAD2
:10E93000594615A8F3F7FAFB804615A8F3F736FAFF
:10E94000B8F1000F00D1B46804F1FF3930464946F0
:10E95000F3F702FC017811A8F3F70AFA294611A887
:10E96000F3F7E4FBCDF80090002800F02B81019B29
:10E9700011A8002B40F04581F3F718FA2346A14671
:10E980003A46314615A80393F3F734FC15A8F3F77C
:10E990005DFC00901020F0F789FF00998046F3F7A6
:10E9A000B3F915A8F3F702FA804909A8F3F73AFA80
:10E9B0000A22394605A8F3F761FA05A909A8F3F771
:10E9C0005BFB7B49F3F760FB494681460A220DA8B1
:10E9D000F3F754FA0DA94846F3F74EFB7549F3F7E0
:10E9E00053FB039B3A463146074611A8F3F702FC56
:10E9F00011A8F3F72BFC01463846F3F73DFB01461F
:10EA000015A8F3F781F9072115A8F5F7FBFA15A862
:10EA1000F3F7CCF911A8F3F7C9F90DA8F3F7C6F984
:10EA200005A8F3F7C3F909A8F3F7C0F9624911A8DB
:10EA3000F3F7F8F9414611A8F3F71EFB014615A8B4
:10EA4000F3F762F9072115A8F5F7DCFA15A8F3F733
:10EA5000ADF911A8F3F7AAF9414615A8F3F754F94F
:10EA60001C20F0F723FF15A90090FEF755FB15A811
:10EA7000F3F79CF9414611A8F3F746F911A915A837
:10EA8000FEF74AFB029BD3E90193994500F0B3815D
:10EA90000023DDE91521C9E90033B1EB020AC9F809
:10EAA000083000F0A681454B9A4500F2AC815046F3
:10EAB000F0F7FCFE074607EB0A03C9E90077C9F83F
:10EAC0000830DDE91532934210D0CDF80C909A460B
:10EAD000A146144651460AF1100A38461037F3F79A
:10EAE00013F95445F6D14C46DDF80C9009F10C00B1
:10EAF000C9F804700DF160094946F3F705F9029A67
:10EB000053681C3353604846F3F750F9DDE915A903
:10EB1000CA4508D050460AF1100AF3F747F9D14523
:10EB2000F8D1DDF85490B9F1000F05D01799484697
:10EB3000A1EB0901F0F7BEFE11A8F3F737F9404643
:10EB4000F3F734F940461021F0F7B4FE009F07F1C7
:10EB50000C00F3F72BF9D7E90098C14509D04846D6
:10EB600009F11009F3F722F9C845F8D1009BD3F851
:10EB70000080B8F1000F06D0009B40469968A1EBD9
:10EB80000801F0F797FE00981C21F0F793FEB36898
:10EB9000671C013BBB423FF781AE1DB0BDE8F08F63
:10EBA000544D0020D85C0020D45D00201C5E002065
:10EBB000FC6F0020BC710020305E0020F0FFFF7F62
:10EBC0003879002049463046F3F7C6FA017815A88F
:10EBD000F3F7CEF88F4915A8F3F7A8FA019B0028A0
:10EBE0000CBF002303F0010315A89846F3F7DEF8E5
:10EBF00011A8F3F7DBF8009BB8F1000F3FF4BEAEAD
:10EC000002E0F3F7D3F8009B834915A80093F3F7CC
:10EC100009F90023082115A80193F5F7F3F915A8C0
:10EC2000F3F7C4F8009BABE6DFF8E881B94621466C
:10EC30003046F3F791FA017815A8F3F799F8594699
:10EC400015A8F3F773FA20B115A84F46F3F7AEF8FD
:10EC500048E615A8F3F7AAF821463046F3F77CFA00
:10EC6000017815A8F3F784F8294615A8F3F75EFA9A
:10EC7000074615A8F3F79AF8002F00F08580314673
:10EC800009A8F3F741F8654911A8F3F7CBF80A2270
:10EC9000214615A8F3F7F2F815A911A8F3F7ECF936
:10ECA00001460DA8F3F730F807210DA8F5F7AAF9EA
:10ECB0000DA8F3F77BF815A8F3F778F811A8F3F788
:10ECC00075F8013409A82146F3F746FA017815A82A
:10ECD000F3F74EF8414615A8F3F728FA074615A8AA
:10ECE000F3F764F8002F42D1214609A8F3F734FA6C
:10ECF000017815A8F3F73CF8294615A8F3F716FA9A
:10ED000038B90B9B013B9C4203DA15A8F3F74EF888
:10ED1000D7E715A8F3F74AF8414911A8F3F782F8A5
:10ED20000A22214615A8F3F7A9F815A911A8F3F7A7
:10ED3000A3F901460DA8F2F7E7FF07210DA8F5F7A3
:10ED400061F90DA8F3F732F815A8F3F72FF811A819
:10ED5000F3F72CF809A8F3F729F84C4545D001340E
:10ED6000B368013BA3423FF762AF4F46BAE509A93A
:10ED700015A8F2F7C9FF214615A8F5F71BFD0446B3
:10ED800015A8F3F713F8AFE721463046F3F7E4F997
:10ED9000017815A8F2F7ECFF414615A8F3F7C6F97C
:10EDA000074615A8F3F702F8002FD8D0314615A86A
:10EDB000F2F7AAFF214615A8F5F7FCFC044615A8B2
:10EDC000F2F7F4FF4C45CAD109F10109154915A81C
:10EDD0004C46F3F727F8082115A8F5F713F915A8FD
:10EDE000F2F7E4FF01230193BAE709F101090E49A3
:10EDF000EDE757465FE6494615AA02980DF160090E
:10EE0000FFF7FAFB7FE6BAF1000F01DA0BF0D4FB53
:10EE10000BF0C2FB685E0020E45D0020EC5C00208B
:10EE2000085D00207C5D0020245D00200E4B014623
:10EE300093ED007A0D4BB8EEC77B30B50C4C85B026
:10EE40002568684683ED007BF2F75EFF6946284639
:10EE5000FFF70EFD6846F2F7A9FF18220549206862
:10EE6000F6F78AF905B030BD0044012090C70020B4
:10EE700070E1002090B4002010B584B01B491C4CF8
:10EE80006846F2F7CFFF08216846F5F7BBF86846F9
:10EE9000F2F78CFF174A18481849D2E9003209687E
:10EEA000D21A033A13F802C0134407EE10CA4FF007
:10EEB0002C0CB8EE477B80ED007B5A78104807EEAB
:10EEC000102A104A0068B8EE477B84ED007B9B78DF
:10EED00007EE103A0CFB0013B8EE477B586882ED42
:10EEE000007B04B0BDE81040FFF7A0BFC44D002078
:10EEF00088C700200444012080C7002074E100205E
:10EF000088E1002008C800202DE9F04F85B0254990
:10EF1000254D6846F2F786FF08216846F5F772F836
:10EF20006846F2F743FFD5E900239B1A002B36DD34
:10EF30000024DFF880A0DFF880902C27DFF87C80A9
:10EF40001A4EDFF87CB004EB44030134D15C02EBD1
:10EF5000030CDBF8002007EE101A3368B8EE477B8D
:10EF600007FB023358688AED007B9CF8012007EE0E
:10EF7000102AB8EE477B89ED007B9CF8023007EE43
:10EF8000103AB8EE477B88ED007BFFF74FFF08494A
:10EF9000D5E900239B1A01FB03F39C42D3DB05B0A8
:10EFA000BDE8F08FF84E00200444012074E10020F9
:10EFB000ABAAAAAA80C7002088C7002008C80020E2
:10EFC00088E100202DE9F0413A4F0D46DFF8088135
:10EFD00016463B682C21D8F8002090B0044601FB6F
:10EFE00002331B7F5A1E0F2A01D883425BD1324A5B
:10EFF000294620461368013B48BF00231360FCF7F5
:10F00000F7F806EE905A2D4AD8F800102C20B8EEEA
:10F01000666B3B6807EE904A00FB0133B8EE677BF6
:10F020009868274B82ED006B06EE906A254AB8EE91
:10F03000666B83ED007B82ED006BFFF7F7FE224BE2
:10F04000D3E900329A4202D0204B1B7873BB20498F
:10F0500004A8F2F7E7FE29466846F2F7F7FE69468C
:10F0600004A8F3F709F81B49F3F70EF804463146F4
:10F0700008A8F2F7EBFE08A92046F2F7FDFF0146CB
:10F080000CA8F2F741FE01210CA8F4F7BBFF0CA875
:10F09000F2F78CFE08A8F2F789FE6846F2F786FEC2
:10F0A00004A8F2F783FE10B0BDE8F081FFF72CFF53
:10F0B000CDE700BF74E100200044012088C7002094
:10F0C00080C7002008C8002004440120B1B80020F7
:10F0D000044F0020184F002088E10020F0B5284B95
:10F0E00091B0284C06461B680D46276814462C2212
:10F0F00002FB07331B7F5A1E0F2A01D8834237D1E8
:10F10000214904A8F2F78EFE29466846F2F79EFED2
:10F11000694604A8F2F7B0FF1C49F2F7B5FF0746AD
:10F12000214608A8F2F792FE08A93846F2F7A4FF94
:10F1300001460CA8F2F7E8FD01210CA8F4F762FFE4
:10F140000CA8F2F733FE08A8F2F730FE6846F2F793
:10F150002DFE04A8F2F72AFE2246294630464CB17D
:10F16000FEF77AFDFFF788FE094A13680133136042
:10F1700011B0F0BD11B0BDE8F040FFF723BF00BFF4
:10F1800074E1002088E10020D04D0020184F0020BD
:10F1900000440120F0B5334B1546334C2C221B683C
:10F1A0000E46276895B0044602FB07331A7F511EAE
:10F1B0000F2901D8824252D107EE904AD8682B4BD2
:10F1C000B8EE675B07EE905A294AB8EE676B07EE18
:10F1D000906AB8EE677B83ED006B264B82ED005B97
:10F1E00083ED007BFFF722FE234904A8F2F71AFE05
:10F1F00021466846F2F72AFE694604A8F2F73CFF6A
:10F200001E49F2F741FF0446314608A8F2F71EFEF8
:10F2100008A92046F2F730FF1949F2F735FF0446F6
:10F2200029460CA8F2F712FE0CA92046F2F724FF9B
:10F23000014610A8F2F768FD012110A8F4F7E2FEDC
:10F2400010A8F2F7B3FD0CA8F2F7B0FD08A8F2F78A
:10F25000ADFD6846F2F7AAFD04A8F2F7A7FD15B0C8
:10F26000F0BD00BF74E1002088E10020A0C70020AD
:10F2700080C7002088C700200C480020BC46002022
:10F2800020480020274B284A1B68126830B52C25DF
:10F2900091B0044605FB02330D461A7F511E0F291B
:10F2A00001D882423CD107EE904A204A5869B8EE14
:10F2B000676B07EE905A1E4BB8EE677B82ED006BD2
:10F2C00083ED007BFFF7B2FD1A4904A8F2F7AAFD0F
:10F2D00021466846F2F7BAFD694604A8F2F7CCFE6B
:10F2E0001549F2F7D1FE0446294608A8F2F7AEFD0B
:10F2F00008A92046F2F7C0FE01460CA8F2F704FD6B
:10F3000001210CA8F4F77EFE0CA8F2F74FFD08A827
:10F31000F2F74CFD6846F2F749FD04A8F2F746FD06
:10F3200011B030BD74E1002088E1002080C70020CA
:10F33000A0C7002068480020204800202DE9F04F99
:10F34000DFF854810C464B4D9346D8F800302C2101
:10F350002A68814601FB02332DED028B1B7F95B09D
:10F360005A1E0F2A01D883427BD1434904A8F2F7E1
:10F3700059FD49466846F2F769FD694604A8F2F767
:10F380007BFE3E49F2F780FE0646214608A8F2F7CA
:10F390005DFD08A93046F2F76FFE3949F2F774FEB9
:10F3A000064659460CA8F2F751FD0CA93046F2F773
:10F3B00063FE014610A8F2F7A7FC012110A8F4F79C
:10F3C00021FE10A8F2F7F2FC0CA8F2F7EFFC08A857
:10F3D000F2F7ECFC6846F2F7E9FC04A8F2F7E6FC69
:10F3E0002C212A68D8F8003001FB0233D3E9081336
:10F3F0005B1A002B35DD4FF0000A224F224E9FEDA5
:10F400001B8B0EE02C20D8F800302A6800FB02335A
:10F410001E48D3E908135B1A9B1000FB03F39A45BF
:10F420001FDA0AEB8A000AF1010A11F8203001EB19
:10F430008000A342E6D107EE909A154B0430B8EE57
:10F44000677B87ED008B83ED007B07EE90BA114B55
:10F45000B8EE677B86ED008B83ED007BFFF7E6FC63
:10F46000D0E715B0BDEC028BBDE8F08F00000000C6
:10F470000000000088E1002094470020B0470020F1
:10F480002048002088C7002008C80020CDCCCCCC64
:10F4900080C7002000C8002074E1002070B5244D12
:10F4A00084B02B686C4663B922492046F2F7BAFC57
:10F4B00001212046F4F7A6FD2046F2F777FC04B0C0
:10F4C00070BD1D492046F2F7ADFC1C4E05212046BB
:10F4D000F4F798FD2046F2F769FC326800231848DB
:10F4E00018492B60137807EE103A174BB8EE477B9C
:10F4F00083ED007B537807EE103A144BB8EE477B50
:10F500001B6880ED007B927807EE102A104AB8EE57
:10F51000477B126881ED007B2C2101FB0233986848
:10F52000FFF784FCD6E900329A4218BF7360BBE74C
:10F5300000440120FC470020E4470020044401204F
:10F5400088C7002008C8002080C7002074E1002080
:10F5500088E10020284B294A1B68126830B52C2509
:10F5600091B0044605FB02330D461A7F511E0F2948
:10F5700001D882423DD107EE904A214A9869B8EEFF
:10F58000676B07EE905A1F4BB8EEE77B82ED006B7E
:10F5900083ED007BFFF74AFC1B4904A8F2F742FC0D
:10F5A00021466846F2F752FC694604A8F2F764FD6A
:10F5B0001649F2F769FD04460A22294608A8F2F71F
:10F5C0005DFC08A92046F2F757FD01460CA8F2F7AA
:10F5D0009BFB01210CA8F4F715FD0CA8F2F7E6FB44
:10F5E00008A8F2F7E3FB6846F2F7E0FB04A8F2F79D
:10F5F000DDFB11B030BD00BF74E1002088E10020C8
:10F6000080C7002098C70020C44600202048002062
:10F61000274B284A1B68126830B52C2591B0044648
:10F6200005FB02330D461A7F511E0F2901D8824275
:10F630003CD107EE904A204A1869B8EE676B07EE96
:10F64000905A1E4BB8EE677B82ED006B83ED007B1A
:10F65000FFF7ECFB1A4904A8F2F7E4FB21466846E1
:10F66000F2F7F4FB694604A8F2F706FD1549F2F734
:10F670000BFD0446294608A8F2F7E8FB08A9204636
:10F68000F2F7FAFC01460CA8F2F73EFB01210CA8A8
:10F69000F4F7B8FC0CA8F2F789FB08A8F2F786FB90
:10F6A0006846F2F783FB04A8F2F780FB11B030BD87
:10F6B00074E1002088E1002080C70020A8C7002056
:10F6C000BC470020D847002090F82C322DE9F04F9D
:10F6D000044695B073B990F838325BB9A37E33B164
:10F6E000BC4D2B78002B43D1BB4D2B78DBB915B02B
:10F6F000BDE8F08FB94AD4E98F03116803448B4207
:10F70000ECD2136810A8B649C4F84032F2F78AFB6D
:10F71000082110A8F4F776FC10A8F2F747FB204662
:10F72000FBF79AFFDAE704F11C063046E2F770FDBA
:10F73000002840F0AA80A94DD4E989132A680B4417
:10F740009342D4D294F82C32002BD0D1A54910A8E2
:10F75000F2F768FB052110A8F4F754FC10A8F2F7A3
:10F7600025FB01222B6884F82C22C4F84032BEE726
:10F7700004F12C063046E2F74BFDE0B9974DD4E991
:10F780008C132A680B449342AED294F83832002B83
:10F79000AAD1954910A8F2F745FB052110A8F4F766
:10F7A00031FC10A8F2F702FB01222B6884F8382202
:10F7B000C4F8403298E7002330462B70E2F7C6FCCD
:10F7C000B4F82232B3F5C04F00F05A8200F2DD8067
:10F7D000B3F5804F00F0E680B3F5A04F40F0F48021
:10F7E0004FF005094FF4C0434FF4B67AC846A4F869
:10F7F00022327E4F20EAE0753B782DB2002B40F09C
:10F80000FB80E37D434500F028822946C9EB0915BA
:10F8100004EB0A0004EB8505F4F766FD002295F879
:10F820005E3085F85E2013B3D5ED107A4FF6FF7188
:10F830006F4AF8EEE77A237CB0EE677ABEEEED7A97
:10F8400017EE10AA8A45A8BF8A4607EE90AAB8EE1E
:10F85000E77B82ED007B002B40F034823B78002B6D
:10F8600040F0DC81606800EB0810FFF7DFFA00224F
:10F87000B4F822123046E2F791FC584B00221B6884
:10F8800084F83822C4F834322EE74FF000093046AD
:10F8900085F80090E2F75AFCB4F82032B3F5C04F77
:10F8A00000F0E48164D8B3F5804F00F08580B3F5B3
:10F8B000A04F40F085804FF001094FF4C0434FF056
:10F8C0007C0AC846A4F82032484F20EAE0753B780D
:10F8D0002DB2002B40F0D680E37D434500F0B4818B
:10F8E000294604EB0A00F4F7FFFC0021C9EB0913D9
:10F8F0004FEA091A04EB830393F85E2083F85E1045
:10F9000042B393ED107A4FF6FF73DFED3A7AB8EE1B
:10F91000C77A27EE277AFDEEC77A17EE905A9D42F6
:10F92000A8BF1D46B8F1000F40F03181237C002BA9
:10F9300040F0ED8007EE905A2D4A3B78B8EEE77B19
:10F9400082ED007B002B40F07481606800EB0810B2
:10F95000FFF76CFA0022B4F820123046E2F71EFCE2
:10F960001E4B00221B6884F82C22C4F82832BEE605
:10F97000B3F5E04F24D14FF003094FF480434FF02B
:10F98000F40AC846A4F820329EE7B3F5E04F1BD135
:10F990004FF007094FF480434FF4F27AC846A4F8B9
:10F9A000223226E74FF4A0434FF004094FF4987A2F
:10F9B000C846A4F822321CE74FF4A043A4F8203232
:10F9C0004FF0400AC8467FE74FF004094FF4987A99
:10F9D000C8460EE71CC401201BC401203CC2012004
:10F9E0008C74002018750020E474002028C40120C5
:10F9F00000C8002000010040A64904A8F2F712FA4E
:10FA00000A2229466846F2F739FA694604A8F2F74D
:10FA100033FBA149F2F738FB83460A22494608A87E
:10FA2000F2F72CFA08A95846F2F726FB9B49F2F7A1
:10FA30002BFB8346EEF75CFC994B0A221968411AAE
:10FA40000CA8F2F763FA0CA95846F2F715FB954992
:10FA5000F2F71AFB014610A8F2F756F9082110A890
:10FA6000F4F7D0FA10A8F2F7A1F90CA8F2F79EF972
:10FA700008A8F2F79BF96846F2F798F904A8F2F79C
:10FA800095F9BEE6834904A8F2F7CCF90A22294683
:10FA90006846F2F7F3F9694604A8F2F7EDFA7E49F1
:10FAA000F2F7F2FA8346414608A8F2F7CFF908A91F
:10FAB0005846F2F7E1FA7949F2F7E6FA8346EEF7AB
:10FAC00017FC774B0A221968411A0CA8F2F71EFAA4
:10FAD0000CA95846F2F7D0FA7249F2F7D5FA014666
:10FAE00010A8F2F711F9082110A8F4F78BFA10A862
:10FAF000F2F75CF90CA8F2F759F908A8F2F756F9F1
:10FB00006846F2F753F904A8F2F750F9E4E66649BB
:10FB100004A8F2F787F941466846F2F797F9694673
:10FB200004A8F2F7A9FA6149F2F7AEFA83460A226D
:10FB3000294608A8F2F7D2F908A95846F2F79CFA24
:10FB40005B49F2F7A1FA83460A22216C0CA8F2F76E
:10FB5000C5F90CA95846F2F78FFA5649F2F794FA0C
:10FB6000014610A8F2F7D0F8082110A8F4F74AFAD5
:10FB700010A8F2F71BF90CA8F2F718F908A8F2F789
:10FB800015F96846F2F712F904A8F2F70FF9237C89
:10FB9000002B3FF4CFAE484904A8F2F743F94146A1
:10FBA0006846AAEB090AF2F751F9694604A804EB82
:10FBB0008A0AF2F761FA4149F2F766FA83460A22A5
:10FBC000294608A8F2F78AF908A95846F2F754FA24
:10FBD0003A49F2F759FA81460A22DAF840100CA89D
:10FBE000F2F77CF90CA94846F2F746FA014610A84C
:10FBF000F2F78AF8062110A8F4F704FA10A8F2F731
:10FC0000D5F80CA8F2F7D2F808A8F2F7CFF86846B2
:10FC1000F2F7CCF804A8F2F7C9F88BE6284910A847
:10FC2000F2F700F910A8FFF701F910A8F2F7BEF8F3
:10FC30001DE6234910A8F2F7F5F810A8FFF7F6F82B
:10FC400010A8F2F7B3F885E6A27DABB2002A78D00F
:10FC50006382A3820023A37542E6A27DABB2002A91
:10FC600078D06382A3820023A375CEE54FF4E043EE
:10FC70004FF002094FF0B80AC846A4F8203223E634
:10FC80004FF4E0434FF006094FF4D47AC846A4F885
:10FC90002232AEE5B0740020BC740020C88400207D
:10FCA00064C20120D0740020F8740020FC6F002092
:10FCB000B874002064790020D4740020104B002018
:10FCC000DC740020284904A8F2F7ACF80A2249465F
:10FCD0006846F2F7D3F8694604A8F2F7CDF923494C
:10FCE000F2F7D2F981460A22514608A8F2F7F6F84F
:10FCF00008A94846F2F7C0F91C49F2F7C5F9296C82
:10FD000005460A220CA8F2F7E9F80CA92846F2F7F2
:10FD1000B3F9014610A8F1F7F7FF062110A8F4F790
:10FD200071F910A8F2F742F80CA8F2F73FF808A80A
:10FD3000F2F73CF86846F2F739F804A8F2F736F81B
:10FD40008CE5628A9A42A28A88BF63829A4238BF4F
:10FD5000A382C5E5628A9A42A28A88BF63829A42D8
:10FD600038BFA38251E500BFD4740020104B00209F
:10FD700010B590B000216846F2F754F800216846AB
:10FD8000F4F72CFE6946044604A8F1F7BDFF1A49B2
:10FD900004A8F2F779F9214604460A2208A8F2F7E6
:10FDA000B5F808A92046F2F767F91449F2F76CF99B
:10FDB00001460CA8F1F7A8FF00210CA8F4F722F9DE
:10FDC0000CA8F1F7F3FF08A8F1F7F0FF04A8F1F78A
:10FDD000EDFF0B4B69460CA81C68F1F795FF0CA9C9
:10FDE0002046FEF745FD0CA8F1F7E0FF6846F1F765
:10FDF000DDFF012010B010BD2C4700203847002047
:10FE000070E100202DE9F04FD0E900960F460D4635
:10FE1000A6EB09033C4982463C489B1085B001FB98
:10FE200003F383426DD0012B9846A7EB090138BF3D
:10FE30004FF0010818EB030361D2002B4BD11424BF
:10FE40009B4601930BEB0108114602924046F1F7E5
:10FE500079FF029A4F45127C88F8102012D0C846CC
:10FE60005C46414608F114082046F1F74DFF224652
:10FE700018F8043C474504F1140404F8043CF0D19C
:10FE800002F12804B7420BD0294614352046143419
:10FE9000F1F73AFF15F8043CAE4204F8043CF3D104
:10FEA000B14506D04D4628461435F1F77FFFB542DF
:10FEB000F9D1B9F1000F06D0DAF808104846A1EBE5
:10FEC0000901EFF7F7FC019BCAE900B4CAF8083052
:10FED00005B0BDE8F08F834228BF034603EB8308DB
:10FEE0004FEA88042046CDE90212EFF7DFFC031940
:10FEF000834600F114040193DDE90212A2E7044CE9
:10FF0000F0E704480AF080FBCDCCCCCC66666606F0
:10FF1000F8FFFF7F2087002070B5D0E901630D4610
:10FF20009E4209D004463046F1F70CFF2A7C6368F4
:10FF300032741433636070BD0A463146FFF762FFC6
:10FF400070BD00BF2DE9F04F164689B00C465149EF
:10FF500005461F46DDF848B00192F1F763FF002E19
:10FF600040F394804FF000084A4EDFF8349148E0A7
:10FF700004F1100A31465046F2F7D8F8002856D05E
:10FF800031465046F2F7D2F800285AD004F1200A40
:10FF900031465046F2F7CAF800285ED0494603A819
:10FFA000F1F740FF04F1300103A8F2F765F8494684
:10FFB000F2F76AF801462846F2F74CF803A8F1F781
:10FFC000F5FE294603A8F1F79FFE0A21D7E9013281
:10FFD0008DF81C10934253D0184603A90093F1F7F3
:10FFE000B1FE009B9DF81C201A747B6814337B6063
:10FFF00003A808F10108F1F7D9FE019B40344345FD
:02000004600298
:1000000044D059462846F1F7B5FF31462046F2F76D
:100010008DF80028ACD104F1100A21462846F2F7E9
:1000200019F831465046F2F781F80028A8D11A494C
:100030002846F2F713F831465046F2F777F80028D1
:10004000A4D1514604F1200A2846F2F703F83146BC
:100050005046F2F76BF80028A0D1104903A8F1F739
:10006000E1FE514603A8F2F707F80C49F2F70CF845
:1000700001462846F1F7EEFF03A8F1F797FE8DE75A
:10008000194603AA3846FFF7BDFEB1E7284609B076
:10009000BDE8F08F805F002028480020104B002032
:1000A000544D002030B587B00446104901A8F1F73F
:1000B000B9FE0522D4E901538DF814209D420FD0DA
:1000C00001A92846F1F73EFE63689DF81420143319
:1000D0002A74636001A8F1F769FE002007B030BD03
:1000E00001AA29462046FFF78DFEF3E7304800209D
:1000F00030B504460D468FB0D0E90001A1EB000CED
:10010000B2EB2C1F03D02BB100200FB030BD01206B
:100110000FB030BD1B4901A8F1F784FE0A2205A8E3
:10012000D4E90031C91A0911F1F7C0FE05A901A8E7
:10013000F1F7A2FF014609A8F1F7E6FD05238DF8C6
:100140003430D5E901439C4215D009A92046F1F786
:10015000F9FD6B689DF83420143322746B6009A894
:10016000F1F724FE05A8F1F721FE01A8F1F71EFE24
:1001700000200FB030BD2146284609AAFFF742FEF5
:10018000EDE700BF484700202DE9F04301F10C05E1
:100190008FB088460746A549284616461C46F1F703
:1001A000C5FF002845D0BCB30DF11408A0490DF1DE
:1001B000040909AD4046F1F735FE7B6DFA6B484600
:1001C0005B01D15A0A22F1F759FE49464046F1F740
:1001D00053FF01462846F1F797FD06238DF834308A
:1001E000D6E901739F4200F08B8029463846F1F72B
:1001F000A9FD73689DF8342014333A74736028465F
:10020000F1F7D4FD4846F1F7D1FD4046F1F7CEFDB8
:1002100020460FB0BDE8F083234601223146404618
:10022000FFF766FF044680B9002420460FB0BDE802
:10023000F08380492846F1F779FF002866D044B35F
:10024000012420460FB0BDE8F0837A6D0DF104095A
:10025000FB6BD8F800000DF1140803EB4215F2F720
:1002600031F80146284609AD89B2FAF71FF97049FD
:100270004046F1F7D7FD7B6DFA6B48465B01D15ADA
:100280000A22F1F7FBFD49464046F1F7F5FE01462B
:10029000A0E72346012231464046FFF729FF0446E6
:1002A0000028C1D0D8F80000F2F70CF80128C7D117
:1002B0007A6D0221FB6B03EB42131A7A197622B98D
:1002C0005D4A9988126899815A6109AD5B4928464F
:1002D000F1F7A8FD062377688DF83430B3689F42A4
:1002E00000F08F8029463846F1F72CFD9DF8343018
:1002F0003B747368143373602846F1F757FD87E742
:10030000394630462A46FFF77DFD78E74C492846B6
:10031000F1F70CFF20B3002C92D17A6D0321FB6B17
:1003200009AD03EB4213DA88197646499A812846CB
:10033000F1F778FD0622D6E901438DF834209C427E
:100340004BD029462046F1F7FDFC73689DF8342018
:1003500014332274736028460124F1F727FD57E710
:1003600039492846F1F7E2FE48B3002C7FF468AF24
:100370002346012231464046FFF7BAFE04460028D4
:100380003FF452AFD8F80000F1F79CFF01287FF44A
:1003900057AF7A6DFB6B2D4903EB42135A881876E1
:1003A0009A8109A8F1F73EFD0623304609A98DF888
:1003B0003430FFF7B1FD09A8F1F7F8FC28E724492C
:1003C0002846F1F7B3FE70B1786D09ADFB6B03EB16
:1003D0004010FAF7F3F81F49A9E72A4621463046AC
:1003E000FFF710FDB7E71C492846F1F79FFE70B1F3
:1003F000786D09ADFB6B03EB4010FAF707F917496D
:1004000095E72A4639463046FFF7FCFC74E7144965
:100410002846F1F78BFE38B3786D09ADFB6B03EB23
:100420004010FAF7A3F80F4981E700BFB864002035
:10043000C8640020D06400203CC20120E064002099
:10044000E8640020F8640020006500200C650020AE
:1004500014650020246500202C6500203C650020E8
:10046000446500205465002084492846F1F75EFE6B
:10047000002839D094B92346012231464046FFF77F
:1004800037FE044600283FF4CFAE7A6DFB6BD8F8F8
:10049000000003EB4215F1F715FFA880784905A885
:1004A000F1F7C0FC7A6DFB6B03EB421399880A22CB
:1004B00001A8F1F7E3FC01A905A8F1F7DDFD01466C
:1004C00009A8F1F721FC062309A930468DF834303C
:1004D000FFF722FD09A8F1F769FC01A8F1F766FC16
:1004E00005A8F1F763FC93E666492846F1F71EFE7E
:1004F000E8B194B90023012231464046FFF7F8FDE8
:10050000044600283FF490AE7A6DFB6BD8F80000EB
:1005100003EB4215F1F7D6FEE8805B4905A8F1F739
:1005200081FC7A6DFB6B03EB4213D988BFE7574917
:100530002846F1F7FBFDE8B194B923460122314684
:100540004046FFF7D5FD044600283FF46DAE7A6DB6
:10055000FB6BD8F8000003EB4215F1F7B3FE68809F
:100560004B4905A8F1F75EFC7A6DFB6B03EB421378
:1005700059889CE747492846F1F7D8FD68B3E4B9A4
:100580002346012231464046FFF7B2FD04460028CB
:100590003FF44AAED8F80000F1F794FE7A6DFB6B99
:1005A000012803EB42131A7A11D022B11A7E022AD3
:1005B00001D19A889A8100221A72374905A8F1F769
:1005C00031FC7A6DFB6B03EB4213197A6FE70AB9C2
:1005D0005A889A8101221A72EFE730492846F1F7CA
:1005E000A5FD8146E8B194B9234601223146404633
:1005F000FFF77EFD044600283FF416AED8F8000051
:10060000F1F760FE7A6DFB6B03EB4213188224490D
:1006100005A8F1F707FC7A6DFB6B03EB4213198A0F
:1006200045E720492846F1F781FD80B17A6D4946BA
:10063000FB6B03EB4213D869F6F790FE0446C8B98A
:10064000194909A8F1F7EEFB01240523ADE6174986
:100650002846F1F76BFD00283FF4E6AD7A6D1C20CB
:10066000BB6C00FB0230FAF73DFD044620B910498F
:10067000012496E60F4994E60F4992E65C65002056
:10068000E07E002074650020E87E00208C6500205C
:10069000F07E0020A0650020AC650020B065002041
:1006A000F87E0020BC650020C8650020E4650020BD
:1006B000F4650020D8650020006600202DE9F04395
:1006C00001F10C068FB00D468046DB4930461446DA
:1006D0009946F1F72BFD002800F0908105AED7492F
:1006E00001AF09AD3046F1F79DFBD8F85430D8F88A
:1006F0000C20022103EB4303384602EB8312D3683C
:1007000093ED0C0AF1F71AFC39463046F1F7B4FCC8
:10071000CB49F1F7B9FC01462846F1F7F5FA092370
:100720008DF83430D4E90193994500F0CA81294607
:100730004846F1F707FB63689DF83420143389F8C5
:10074000102063602846F1F731FB3846F1F72EFBA5
:100750003046F1F72BFBBB493046F1F763FBD8F885
:100760005430D8F8002003EB430302EBC3021069B6
:10077000F7F76CF802213846F1F7E0FB39463046CE
:10078000F1F77AFCB049F1F77FFC01462846F1F712
:10079000BBFA09238DF83430D4E90193994500F070
:1007A000C68129464846F1F7CDFA63689DF83420A2
:1007B000143389F8102063602846F1F7F7FA3846B9
:1007C000F1F7F4FA3046F1F7F1FAA0493046F1F7C3
:1007D00029FBD8F85430D8F80C20022103EB43034E
:1007E000384602EB8312D36893ED020AF1F7A6FBB9
:1007F00039463046F1F740FC01462846F1F784FAC5
:1008000009238DF83430D4E90193994500F0A7818C
:1008100029464846F1F796FA63689DF83420143368
:1008200089F8102063602846F1F7C0FA3846F1F7DE
:10083000BDFA3046F1F7BAFA85493046F1F7F2FAD7
:10084000D8F85430D8F80C20022103EB4303384683
:1008500002EB8312D36893ED030AF1F76FFB39467D
:100860003046F1F709FC01462846F1F74DFA092315
:100870008DF83430D4E90193994500F06A81294616
:100880004846F1F75FFA63689DF83420143389F81D
:10089000102063602846F1F789FA3846F1F786FAA6
:1008A0003046F1F783FA6B493046F1F7BBFAD8F8D6
:1008B0005430D8F80C20022103EB4303384602EBF6
:1008C0008312D36893ED040AF1F738FB39463046BA
:1008D000F1F7D2FB01462846F1F716FA09238DF805
:1008E0003430D4E90193994500F02D8129464846DA
:1008F000F1F728FA63689DF83420143389F8102042
:1009000063602846F1F752FA3846F1F74FFA30465D
:10091000F1F74CFA50493046F1F784FAD8F85430E0
:10092000D8F80C20022103EB4303384602EB831274
:10093000D36893ED060AF1F701FB39463046F1F72B
:100940009BFB01462846F1F7DFF909238DF8343087
:10095000D4E90193994500F0F08029464846F1F723
:10096000F1F963689DF83420143389F8102063602E
:100970002846F1F71BFA3846F1F718FA3046F1F736
:1009800015FA36493046F1F74DFAD8F85430D8F810
:100990000C20022103EB4303384602EB8313DB6890
:1009A00093ED070AF1F7CAFA39463046F1F764FBCE
:1009B00001462846F1F7A8F909238DF83430D4E927
:1009C0000183984500F0AD8029464046F1F7BAF919
:1009D00063689DF83420143388F81020636028463B
:1009E0004FF00108F1F7E2F93846F1F7DFF9304648
:1009F000F1F7DCF940460FB0BDE8F0831849304606
:100A0000F1F794FB70B3D8F85430D8F80C404FF09D
:100A1000010803EB4303286804EB8314F1F752FC4D
:100A200000EE100A2046B8EEC00AF7F763FE404613
:100A30000FB0BDE8F08300BF0866002014660020F8
:100A4000246600202C660020988400203C6600204C
:100A50004866002054660020606600207066002012
:100A60007C660020A5493046F1F760FB78B3A44DC1
:100A70002B783BB1A34F3868E1F75CFF8046002834
:100A800040F0828009ADA0492846F1F7CBF9062253
:100A9000D4E901638DF834209E426FD02946304658
:100AA000F1F750F963689DF83420143332746360B1
:100AB0004FF001082846F1F779F940460FB0BDE83C
:100AC000F08349462A462046FFF79CF93AE68F49CB
:100AD0003046F1F72BFB002847D18D493046F1F71E
:100AE00025FB002800F08B8005AE8A493046F1F7DF
:100AF00099F9894B1868836A002B00F08B80E1F725
:100B00008DFF01AF0221384609ADF1F717FA3946DA
:100B10003046F1F7B1FA01462846F1F7F5F8062319
:100B20004BE7414620462A46FFF76CF957E749460E
:100B30002A462046FFF766F93EE649462A46204601
:100B4000FFF760F914E749462A462046FFF75AF9AD
:100B5000D7E649462A462046FFF754F99AE6494621
:100B60002A462046FFF74EF95DE605AE6B4901AF18
:100B70003046F1F757F9F4F741FDC3E72A4631460D
:100B80002046FFF73FF993E705AE65493046F1F798
:100B900049F92B7883B33868E1F7E8FEB7EEC00A6D
:100BA0009FED547BB4EEC70BF1EE10FA24D43868F5
:100BB000E1F7CEFE01AF012109AD3846F1F7BEF9EC
:100BC00039463046F1F758FA01462846F1F79CF8C5
:100BD00006238DF83430D4E9019399451DD0294678
:100BE0004846F1F7AFF863689DF83420284614337F
:100BF00089F810206360F5E6BFEE000ADAE749499C
:100C00003046F1F793FA78B1B9F1000F4AD14FF0BD
:100C10000108EFE6BFEE000A73E7204649462A4680
:100C2000FFF7F0F82846DDE63F493046F1F77EFA57
:100C300000284CD0B9F1000FE9D005AE3B4901AF17
:100C400009AD3046F1F7EEF8D8F85430D8F80C205A
:100C5000022103EB4303384602EB83130022DB68D7
:100C600093ED110A5A64F1F769F939463046F1F704
:100C700003FA01462846F1F747F806238DF8343089
:100C8000D4E9018398452AD029464046F1F75AF81D
:100C900063689DF83420143388F810206360284678
:100CA000C8469FE605AE224901AF09AD3046F1F7CF
:100CB000B9F8D8F85430D8F8002003EB430302EB1E
:100CC000C3031869F6F7C2FD02213846CBE719497C
:100CD0003046F1F72BFA40B109AD1749D4E6414649
:100CE00020462A46FFF78EF8D9E7804682E600BF05
:100CF000AFF30080CDCCCCCCCCCCEC3F98660020C0
:100D00001DC4012054E10020B8660020C066002008
:100D1000D8660020E86600206CE10020D066002044
:100D2000B0660020F06600200C6700201C670020E1
:100D30000467002024670020E04E00202DE9F04FDA
:100D400001F10C088FB00E460746B44940461446E0
:100D50001D46F1F7EBF9002846D0B5B30DF1140AA2
:100D6000AF490DF1040B0DF124095046F1F75AF883
:100D7000796D0A225846F1F781F859465046F1F745
:100D80007BF901464846F0F7BFFF06238DF8343063
:100D9000D4E901639E4200F0AE8049463046F0F748
:100DA000D1FF63689DF83420143332746360484681
:100DB000A846F0F7FBFF5846F0F7F8FF5046F0F76B
:100DC000F5FF40460FB0BDE8F08F2B4601222146CB
:100DD0003046FFF78DF98046002839D14FF00008E2
:100DE00040460FB0BDE8F08F8E494046F1F79EF9BE
:100DF000002800F08680002D65D12B460122214677
:100E00003046FFF775F980460028E7D07B6D0DF17D
:100E1000140AFA680DF1040B03EB4303306802EB8C
:100E20008315F1F755FAE868F6F730FF7E4950462A
:100E3000F0F7F8FF7B6DFA68584603EB4303022195
:100E400002EB8313DB6893ED0C0AF1F777F81DE0F2
:100E500030680DF1140AF1F735FA39687B6820EA39
:100E6000E0720DF1040B5B1A6D49D8106F4B03FB58
:100E700000F00138904228BF104678655046F0F7E0
:100E8000D1FF796D0A225846F0F7F8FF59465046CF
:100E9000F1F7F2F80DF1240901464846F0F734FF66
:100EA00006238DF83430D4E901539D426BD0494676
:100EB0002846F0F747FF63689DF83420484614330E
:100EC0002A74636075E70DF1140A57490DF1040B9C
:100ED0000DF124095046F0F7A5FF7B6DFA68022159
:100EE00003EB4303584602EB8313DB6893ED0C0AD4
:100EF000F1F724F841E7314620464A46FEF782FFE3
:100F000055E74B494046F1F711F98146002853D087
:100F1000002D3FD12B46012221463046FFF7E8F84D
:100F2000804600283FF45AAF3068F1F7CBF900282B
:100F30007B6D40F3E48003EB4303FA68396802EB0E
:100F4000831201EBC30101230869D361F6F7FEFBAD
:100F50000DF1140A37490DF1040B0DF12409504627
:100F6000F0F760FF7B6DFA6803EB430302EB83133A
:100F7000D9690A225846F0F781FF59465046F1F7E1
:100F80007BF8014689E7204629464A46FEF73AFFA4
:100F900048460EE70DF1140A26490DF1040B0DF138
:100FA00024095046F0F73EFF7B6DFA6803EB4303DC
:100FB00002EB8313D969DCE61F494046F1F7B6F826
:100FC00000283DD04B46012221463046FFF790F8DD
:100FD000804600283FF402AF3068F1F773F900282B
:100FE0007B6D40F3B680FA6803EB430302EB831298
:100FF000012382F820300DF1140A10490DF1040B81
:101000000DF124095046F0F70DFF7B6DFA6803EBF4
:10101000430302EB831393F82010AAE7B4320020B5
:10102000306700203467002048670020ABAAAAAAD6
:10103000506700205C670020646700206C67002018
:10104000C0494046F1F772F8002868D0002D43D11E
:101050002B46012221463046FFF74AF880460028F9
:101060003FF4BCAE7B6DFD6803EB4303306805EBDA
:101070008315F1F727F96A68B2F91830B2F91A2026
:101080008342B8BF03469342A8BF134698421BD081
:101090000DF1140AAC490DF1040B0DF12409504671
:1010A000F0F7C0FE3068F1F70DF90A220146584604
:1010B000F0F714FF59465046F0F7DEFF0146484668
:1010C000F0F722FE0523ECE6C5F8B0002846F7F756
:1010D0006BFA05460028DBD00DF1140A9B490DF18F
:1010E000040B0DF124095046F0F79CFE7B6DFA6865
:1010F00003EB430302EB8313D3F8B01039E603EBA1
:1011000043033A68294602EBC3021069FA6802EB0E
:101110008312D56190F89700EDF714F918E78C4920
:101120004046F1F703F800285AD0D5B10DF1140A62
:1011300088490DF1040B0DF124095046F0F772FEB9
:101140007B6DFA6803EB430302EB8313D3F8B4100F
:101150000FE6FA6803EB430302EB831282F8209058
:1011600049E72B46012221463046FEF7C1FF804663
:1011700000283FF433AE7B6DC022FD68306802FB6F
:101180000355F1F79FF8C5F8B4002846F7F70CFAB5
:10119000002840F0C880704905A8F0F743FE306889
:1011A000F1F790F80A22014601A8F0F797FE01A98D
:1011B00005A8F0F761FF014609A8F0F7A5FD204654
:1011C00005238DF8343009A9FEF7A6FE09A8F0F72B
:1011D000EDFD01A8F0F7EAFD05A8F0F7E7FDF0E561
:1011E0005E494046F0F7A2FF814600287ED0EDB16F
:1011F0005B4905A8F0F716FE7A6DC021FB68A8468A
:1012000001A801FB02330A2293F86510D3F8B0302D
:101210001944F0F733FE01A905A8F0F72DFF0146A8
:1012200009A8F0F771FD20460623CAE72B460122E4
:1012300021463046FEF75CFF804600283FF4CEADE5
:10124000C0257A6DFB68306805FB0236F1F73AF885
:101250007A6D0146FB683046062605FB023393F89B
:101260006530C91AF7F72EFA3D4905A8F0F7DAFDFF
:101270007A6DFB6801A805FB02330A2293F865101A
:10128000D3F8B0301944F0F7F9FD01A905A8F0F73B
:10129000F3FE014609A8F0F737FD09A920468DF8AD
:1012A0003460FEF739FE09A8F0F780FD01A8F0F7D9
:1012B0007DFD05A8F0F77AFD244905A8F0F7B2FDF9
:1012C0007A6DFB6801A805FB02330A22D3F8B0103F
:1012D000F0F7D4FD01A905A8F0F7CEFE014609A854
:1012E000F0F712FD20468DF834606CE71D4940464A
:1012F000F0F71CFF8246002838D04B4601222146D9
:101300003046FEF7F5FE804600283FF467AD3068B2
:10131000F0F7D8FF1449B86505A8F0F783FDB96D5B
:101320000A2201A875E70B49804605A8F0F77AFD67
:101330003068F0F7C7FF0A22014601A8F0F7CEFD9A
:1013400069E700BF7467002090670020886700206D
:10135000AC670020C4670020CC670020E02B002091
:10136000EC67002030390020F4670020AD4940468A
:10137000F0F7DCFEB8B15346012221463046FEF7B5
:10138000B7FE804600283FF429ADBB6D1C223D6BA3
:10139000306802FB0355F0F795FF01462846F9F740
:1013A00021F8A149C1E7A1494046F0F7BFFE80B34B
:1013B0000023012221463046FEF79AFE804600288F
:1013C0003FF40CAD3068D7F858903D6BF0F77AFFDA
:1013D000002835DC0DF12409954905A8F0F722FD18
:1013E0003068F0F76FFF0A22014601A8F0F776FD9A
:1013F00001A905A8F0F740FE01464846F0F784FC35
:101400000623204649468DF83430FEF785FD4846D0
:10141000DDE688494046F0F789FE00283DD03DB31F
:10142000854905A8F0F7FEFCBA6D3B6B1C2101A8AD
:10143000A84601FB02330A221969F0F767FDEAE6C4
:101440001C23002103FB09F30DF12409E85C1D4472
:10145000EEF710FE79494846F0F7E4FC02214846D1
:10146000F2F7D0FD4846F0F7A1FC00232B72B3E75A
:101470002B46012221463046FEF73AFE80460028E0
:101480003FF4ACAC3068F0F71DFFBA6D3B6B1C212C
:1014900001FB02336849186147E769494046F0F7A4
:1014A00045FE60B1FDB1674905A8F0F7BBFCC0215E
:1014B0007A6DA846FB6801FB0233198D30E762495B
:1014C0004046F0F733FE824600283DD01DB35F4909
:1014D00005A8F0F7A7FCC0217A6DA846FB6801FBC0
:1014E0000233598D1CE72B46012221463046FEF778
:1014F000FFFD804600283FF471AC7B6DC022FD6883
:10150000306802FB0355F0F7DDFE28852846F6F724
:10151000D9FE4C4909E72B46012221463046FEF709
:10152000E7FD804600283FF459AC7B6DC022FD6882
:10153000306802FB0355F0F7C5FE95F82C3068853E
:10154000012B1FD04149F0E641494046F0F7EEFD3E
:101550008146D8B15346012221463046FEF7C8FDE8
:10156000804600283FF43AAC7B6DC022FD683068AD
:1015700002FB0355F0F7A6FE01462846F6F7CAFE21
:101580003449D2E62846F6F79DFEDBE7324940466D
:10159000F0F7CCFD8246002862D04B46012221465E
:1015A0003046FEF7A5FD804600283FF417AC3068B2
:1015B0007D6DFF68F0F786FE68B3C023012205FB4E
:1015C00003F3F818FB58DB68418D1B6980F87090B5
:1015D00083F81C90038D80F82C200B44426807EEA2
:1015E000903A118A538AB8EEE76B07EE901A5B1AAD
:1015F000B8EEE77B05EE903A9FED083BB8EEE55B71
:1016000085EE034BA4EE067BBCEEC77B17EE103ACB
:1016100099B2F6F7A9FD114987E600BF0000000066
:10162000E0FFEF40F8670020086800200C68002009
:1016300020680020246800203C680020D06300203F
:10164000446800205868002060680020746800200A
:101650007C6800208C68002094680020A868002026
:1016600078494046F0F762FDC0B153460122214659
:101670003046FEF73DFD804600283FF4AFAB3068B2
:10168000F0F720FE00281DDD7A6DC020FB680121E7
:1016900000FB0230F6F75AFE6B4946E66B494046BE
:1016A000F0F744FD8146002832D0A5B1684905A86D
:1016B000F0F7B8FBC0217A6DA846FB6801FB023346
:1016C000998C2DE67A6DC020FB68514600FB0230F4
:1016D000F6F73CFEE0E72B46012221463046FEF7B6
:1016E00007FD804600283FF479AB7A6DFB683068CF
:1016F000C02606FB0235F0F7E5FD5549A88405A88C
:10170000F0F790FB7A6DFB6806FB0233998C07E6D5
:1017100050494046F0F70AFDD0B14B460122214620
:101720003046FEF7E5FC804600283FF457AB3068B2
:10173000F0F7C8FD00281FDA474905A8F0F772FB4B
:10174000C0217A6DFB6801FB023393F83810E7E59E
:1017500042494046F0F7EAFC00283ED0E5B1404956
:1017600005A8F0F75FFBC0217A6DA846FB6801FB76
:101770000233D3F8A810D3E53068F0F7A3FD0128B1
:10178000DADC3068F0F79EFD7A6DFB68C02101FB62
:10179000023383F83800CFE7002301222146304688
:1017A000FEF7A6FC804600283FF418AB7A6DFB6874
:1017B0003068C02606FB0235F0F784FD0146284656
:1017C000F6F7BEFE264905A8F0F72CFB7A6DFB68FC
:1017D00006FB0233D3F8A810A2E540462149F0F7F2
:1017E000A5FC00283FF4FAAA65B11F4905A8F0F747
:1017F00019FB7A6DFB68C021A84601FB0233D3F8C0
:10180000AC108DE52B46012221463046FEF770FCD8
:10181000804600283FF4E2AA7A6DFB683068C02653
:1018200006FB0235F0F74EFD01462846F6F7A2FE0C
:101830000D4905A8F0F7F6FA7A6DFB6806FB02334E
:10184000DDE700BFB0680020C0680020C868002045
:10185000D8680020E0680020F4680020FC680020C0
:10186000146900201C690020386900202DE9F04F20
:1018700001F10C0697B08B460546B949304614462F
:101880009A46F0F753FC00284ED0BAF1000F3DD035
:101890000DF13409B3490DF1240811AF4846F0F7B2
:1018A000C1FA6B6DEA6803EB430302EB8313DB6859
:1018B00093ED030A02214046F0F740FB41464846BB
:1018C000F0F7DAFB01463846F0F71EFA06238DF8EA
:1018D0005430D4E901539D4200F0A980394628468E
:1018E000F0F730FA63689DF8542014332A7463606B
:1018F00038465646F0F75AFA4046F0F757FA484647
:10190000F0F754FA304617B0BDE8F08F5346012285
:1019100021465846FEF7ECFB0646002836D1002645
:10192000304617B0BDE8F08F8F493046F0F7FEFB28
:10193000002800F08280BAF1000F65D153460122E1
:1019400021465846FEF7D4FB06460028E7D06B6DCB
:101950000DF13409EA680DF1240803EB4303DBF8C9
:10196000000002EB8312D768F0F7B2FC7F494846CB
:1019700087ED020AF0F756FA6B6DEA6803EB430352
:1019800002EB8313DB6893ED020A1DE06B6D0DF132
:101990003409EA680DF1240803EB4303DBF8000087
:1019A00002EB8312D768F0F793FC6E49484687ED47
:1019B000030AF0F737FA6B6DEA6803EB430302EBB7
:1019C0008313DB6893ED030A0221404611AFF0F761
:1019D000B5FA41464846F0F74FFB01463846F0F766
:1019E00093F906238DF85430D4E901539D4257D022
:1019F00039462846F0F7A6F963689DF85420384622
:101A000014332A74636075E70DF1340957490DF1F9
:101A1000240811AF4846F0F705FA6B6DEA6803EB4E
:101A2000430302EB8313DB6893ED020A42E7294686
:101A300020463A46FEF7E6F95AE74D493046F0F7B8
:101A400075FB8046002845D0BAF1000F2FD15346D0
:101A5000012221465846FEF74BFB064600283FF47C
:101A60005EAF6B6D0DF13409EA680DF1240803EBEC
:101A70004303DBF8000002EB8312D768F0F728FC81
:101A80003C49484687ED040AF0F7CCF96B6DEA68EB
:101A900003EB430302EB8313DB6893ED040A93E744
:101AA000204629463A46FEF7ADF9384622E70DF1C1
:101AB000340930490DF1240811AF4846F0F7B2F966
:101AC0006B6DEA6803EB430302EB8313DB6893ED72
:101AD000040AEFE628493046F0F728FB20B311AF9F
:101AE00026493846F0F79EF96668A3688DF8548059
:101AF0009E4200F08D8039463046F0F723F99DF87C
:101B00005430337463681433636038460126F0F749
:101B10004DF96B6DEA68002103EB430302EB83137D
:101B2000DB685961D962EDE615493046F0F7FEFAF7
:101B3000002852D0BAF1000F26D00DF13409114916
:101B40000DF1240811AF4846F0F76CF96B6DEA68A7
:101B500003EB430302EB8313DB6893ED060AA9E66C
:101B600040690020846F00204C6900208C6F0020A9
:101B700058690020946F0020646900206C6900207F
:101B80007C6900209C6F0020534601222146584664
:101B9000FEF7AEFA064600283FF4C1AE6B6D0DF1BC
:101BA0003409EA680DF1240803EB4303DBF8000075
:101BB00002EB8312D768F0F78BFBB049484687EDFC
:101BC000060AF0F72FF96B6DEA6803EB430302EBAB
:101BD0008313DB6893ED060AF6E6A9493046F0F771
:101BE000A5FA00285AD0BAF1000F17D00DF1340928
:101BF000A4490DF1240811AF4846F0F713F96B6DB5
:101C0000AA6903EBC30302EB830393ED050A51E6D4
:101C10003A4631462046FEF7F5F876E7534601226C
:101C200021465846FEF764FA064600283FF477AE90
:101C30006A6D4FF02408AB69DBF8000008FB02373F
:101C4000F0F746FB8F490DA887ED050AF0F7EAF893
:101C50006A6DAB6908FB023393ED050A0DEB0800D2
:101C60000221F0F76BF90DEB08010DA8F0F704FA6B
:101C7000014611A8F0F748F8062311A920468DF86F
:101C80005430FEF749F911A8F0F790F80DEB080071
:101C9000F0F78CF80DA8F0F789F833E67A4930466A
:101CA000F0F744FA00B36B6A686D03EB0010F8F7C5
:101CB00043FA6A6D0646AB6C1C2000FB0230F9F754
:101CC00011FA304010F0FF0622D0704911A8F0F749
:101CD000A9F80623204611A98DF85430FEF71CF907
:101CE00011A8F0F763F80DE669493046F0F71EFADF
:101CF00088B1686D6B6A03EB0010F7F757FC064676
:101D0000E8B9644911A8F0F78DF801260523E1E749
:101D100061490126DAE761493046F0F707FA90B1E8
:101D2000686D6B6A03EB0010F7F7F4FC064640B9E8
:101D30005B4911A8F0F776F801260523CAE759494F
:101D4000C4E75949C2E759493046F0F7EFF930B3D3
:101D5000574911A8F0F766F8002311A920468DF81D
:101D60005430FEF7D9F811A8F0F720F8686D6B6AC7
:101D700003EB0010F7F704FF06460028E1D14849BD
:101D800011A8F0F74FF80523204611A98DF854301B
:101D9000FEF7C2F811A80126F0F708F8B2E54549A8
:101DA0003046F0F7C3F960B3BAF1000F42D04249B0
:101DB0000DA8F0F737F86A6DEB68C021564601FBB5
:101DC0000233DB6809A8022193ED070AF0F7B6F8A1
:101DD00009A90DA8F0F750F9014611A8EFF794FFF3
:101DE0002046062311A98DF85430FEF795F811A866
:101DF000EFF7DCFF09A8EFF7D9FF0DA8EFF7D6FF43
:101E000080E52E493046F0F791F9002878D0BAF1F4
:101E1000000F57D02A490DA8F0F704F8C0216A6DC9
:101E20005646EB6801FB0233998E0A2209A8F0F7A7
:101E300025F8CDE75346012221465846FEF758F9CA
:101E4000064600283FF46BADDBF80000C027F0F732
:101E500039FA6A6DEB6807EE900A17490DA807FB7F
:101E60000233F8EEE77ADB68C3ED077AEFF7DAFFC3
:101E70006A6DEB6807FB0233A3E700BF9C6F00208D
:101E800094690020E8850020AC690020BC6900202E
:101E9000D0690020E8690020C4690020FC690020A6
:101EA000106A0020F46900201C6A0020246A0020C7
:101EB0003C6A0020606A0020706A0020786A002076
:101EC000C85C0020DBF80000C026F0F7FBF96A6D63
:101ED000EB68AE4906FB023398860DA8EFF7A2FF28
:101EE0006A6DEB6809A806FB02330A220126998E67
:101EF000EFF7C4FF09A90DA8F0F7BEF801466CE79B
:101F0000A3493046F0F712F9A0B1BAF1000F2CD076
:101F1000A0490DA8EFF786FF24216A6D5646AB69EC
:101F20000DEB010001FB0233022193ED020AF0F7F1
:101F300005F84DE798493046F0F7F8F8002856D0F4
:101F4000BAF1000F32D095490DA8EFF76BFF2421AD
:101F50006A6D5646AB690DEB010001FB02330221AD
:101F600093ED000AEFF7EAFF32E7534601222146DC
:101F70005846FEF7BDF8064600283FF4D0AC6A6D1F
:101F80004FF02408AB69DBF8000008FB0237F0F7DC
:101F90009FF980490DA887ED020AEFF743FF6A6DAC
:101FA000AB6908FB023393ED020A57E65346012260
:101FB00021465846FEF79CF8064600283FF4AFAC91
:101FC0006A6D4FF02408AB69DBF8000008FB0237AC
:101FD000F0F77EF971490DA887ED000AEFF722FFAF
:101FE0006A6DAB6908FB023393ED000A36E66C4973
:101FF0003046F0F79BF870B1BAF1000F20D0694974
:102000000DA8EFF70FFF24216A6D5646AB6901FB5F
:102010000233D98909E764493046F0F787F8002888
:102020006DD0BAF1000F4CD060490DA8EFF7FAFE61
:1020300024216A6D5646AB6901FB0233598AF4E6E6
:102040005346012221465846FEF752F8064600281C
:102050003FF465ACDBF800002427F0F739F9BCEE5B
:10206000C00A6A6D0DA8AB69514907FB023310EE37
:10207000102ADA81EFF7D6FE6A6DAB6907FB0233EF
:10208000D9890A220DEB0700EFF7F8FE0DEB0701E7
:102090000DA8EFF7F1FF014611A8EFF735FE062373
:1020A00011A920468DF85430FDF736FF11A8EFF73F
:1020B0007DFE0DEB0700EFF779FE0DA8EFF776FE3A
:1020C00020E45346012221465846FEF711F8064601
:1020D00000283FF424ACDBF800002427F0F7F2F8E6
:1020E0006A6DAB69314907FB023358820DA8EFF7DF
:1020F00099FE6A6DAB6907FB0233598AC1E72D4926
:102100003046F0F713F870B1BAF1000F20D02A4929
:102110000DA8EFF787FE24216A6D5646AB6901FBD7
:102120000233198A81E625493046EFF7FFFF002880
:1021300066D0BAF1000F45D021490DA8EFF772FE25
:1021400024216A6D5646AB6901FB0233198C6CE69B
:102150005346012221465846FDF7CAFF064600288D
:102160003FF4DDABDBF800002427F0F7ABF86A6D35
:10217000AB69114907FB023318820DA8EFF752FE35
:102180006A6DAB6907FB0233198A7AE7C85C0020E5
:10219000886A0020E08500209C6A0020D885002005
:1021A000B06A0020C86A0020D86A0020F06A0020C7
:1021B000D06A0020F86A0020146B00201C6B0020FD
:1021C000346B00205346012221465846FDF790FF0C
:1021D000064600283FF4A3ABDBF800002427F0F705
:1021E00071F86A6DAB69A44907FB023318840DA826
:1021F000EFF718FE6A6DAB6907FB0233198C40E7F5
:102200009E493046EFF792FF98B1BAF1000F00F007
:10221000E1809B490DA8EFF705FE6A6DEB68C021D0
:1022200009A8564601FB023393F86410EFF70EFE3F
:10223000CEE594493046EFF779FF002800F0CA81D7
:10224000BAF1000F40F02681DBE900239B1A102B26
:1022500040F2098111AF8C490DF124084FF0C009FB
:1022600038468A4EEFF7DEFDDBF80000F0F72AF87B
:102270000A2201460DA8EFF731FE0DA93846EFF707
:10228000FBFE01464046EFF73FFD0DA8EFF78EFD40
:102290003846EFF78BFD03E002F15800FAF77AFEBB
:1022A000DBF80000F0F70EF8EB686A6D09FB02320C
:1022B000D2E916135B1A9B1006FB03F3013B98420D
:1022C000EAD8DBF800009246EFF7FCFF1C23DAF8AF
:1022D00058204FF0C00A03FB00F04FF01C09131800
:1022E0001258DBF8000059688A4218BF5A606A6DBC
:1022F000EB680AFB0236EFF7E5FFDBF80010B36D81
:10230000103109FB003000F10C063846EFF7FCFCF9
:10231000394630460126EFF735FE3846EFF746FDE1
:102320005B4A2DE011463846EFF77CFD0136DBF8BD
:102330000010384601EB0611EFF79EFE01464046BD
:10234000EFF788FE3846EFF731FD696DEB68DBF893
:1023500000000AFB01330193EFF7B4FF019BDBF8A8
:1023600000109B6D09FB0033300108440193EFF727
:10237000AFFF019BB11E184689B2FBF7CDFE444A60
:10238000DBE900135B1A1B11013BB342CADC6A6D27
:10239000C026EB6806FB0231D1E90F10884200F03D
:1023A0008381C02000FB0230F6F7FEF84146384634
:1023B000EFF7AAFC0623394620468DF85430FDF786
:1023C000ABFD38460126EFF7F1FC4046EFF7EEFC97
:1023D000FFF798BA0023012221465846FDF788FEF0
:1023E000064600283FF49BAADBF80000EFF76AFFDF
:1023F0006B6DC021EA6800B201FB03222349D2E9D8
:1024000016239B1A9B1001FB03F31BB2984200F3A7
:1024100016820028C0F21382DBF800004FF0C008DB
:10242000EFF750FF6B6DC7B2E868184908FB03006F
:10243000D0E916239B1A9B1001FB03F3013B9F423B
:1024400000F2B5803946F6F7F9FB0D490DA8EFF714
:10245000E9FC6A6DEB6809A808FB023393F8641085
:10246000EFF7F4FCB4E42046FDF71CFE0646002816
:102470007FF4F0AEFFF746BA346B00203C6B0020CF
:10248000D05C0020706B0020B06B0020B76DDBB615
:10249000104B00200DF12408B3494046EFF7C2FC71
:1024A0000023012221465846FDF722FE0646002859
:1024B00000F0E181DBF80000EFF704FF6B6DC02155
:1024C000EA688246A94801FB03220FFA8AF1D2E9A1
:1024D00016239B1A9B1000FB03F3013B1BB299428E
:1024E00000F3B5810029C0F2B28111AF0DF13409BA
:1024F0009F494FF0C00B3846EFF794FC0A22514633
:102500004846EFF7BBFC49463846EFF7B5FD98491A
:10251000EFF7BAFD6A6DEB680BFB0233996D1C2374
:1025200003FB0AFA51440C31EFF7A6FD0146404681
:10253000EFF790FD4846EFF739FC3846EFF736FCE9
:10254000002301948A4A1C46696DEB680BFB01333A
:102550009B6D03EB0A0053F80A1043685B1AB4EB57
:10256000A30F80F28E8111463846EFF75BFC696D50
:10257000EB6848460BFB013304219B6D53F80A308E
:1025800003EB8403013493ED000AEFF7D7FC4946CF
:102590003846EFF771FD01464046EFF75BFD4846D0
:1025A000EFF704FC3846EFF701FC714ACCE77149BC
:1025B0000DA8EFF737FC394609A8EFF747FC09A942
:1025C0000DA8EFF759FD014611A8EFF79DFB204636
:1025D000052307E468493046EFF7A8FD8046002848
:1025E00078D00023022221465846FDF781FD064699
:1025F00000283FF494A96A6D4FF0C009EB68DBF83E
:10260000000009FB023303F13C07EFF75BFE804655
:10261000DBF800001030EFF75BFE38461FFA88F158
:10262000FBF77AFDEB68686D09FB0030F5F7BCFF3E
:10263000524909A8EFF7F6FBDBF80000EFF742FE7E
:102640000A22014605A8EFF749FC05A909A8EFF7FA
:1026500013FD4749EFF718FDDBF80030054603F19D
:102660001000EFF735FE0DA80221EFF767FC0DA96A
:102670002846EFF701FD014611A8EFF745FB0623B9
:1026800011A920468DF85430FDF746FC11A8EFF74C
:102690008DFB0DA8EFF78AFB05A8EFF787FB09A8CC
:1026A000EFF784FBFFF72EB935493846EFF7BAFB51
:1026B00008213846F1F7A6FC3846EFF777FB6B6D3B
:1026C000E86806FB030090F86410F6F7B7FA6A6D45
:1026D000EB6866E62B493046EFF728FD8146002877
:1026E00056D04346012221465846FDF701FD0646D5
:1026F00000283FF414A96A6DC027EB6807FB02337A
:10270000D3E90F32D31A042B25D9DBF80000EFF7F9
:10271000D9FD6A6DEB68804607FB0237F86BD7F886
:1027200040C000EB8800011D614505D0ACEB010203
:1027300017F076FE6A6DEB68396CC020043900FB37
:1027400002303964F5F730FF0F490DA8EFF76AFB47
:102750004146FFF76ABB0D4911A8EFF763FB4646F8
:102760000523FFF7B7BA00BF886B0020B76DDBB653
:10277000104B0020506B0020FC6B0020146C0020DC
:10278000D06B00201C6C0020586C00203C6C00209A
:102790009F493046EFF7CAFC002800F0868011AF51
:1027A0009C494E464FF0C0093846DFF878A2EFF753
:1027B00039FB6A6DEB680DA80DF12408DFF86CB2E7
:1027C00009FB02330A22D3E91631C91A89100AFB20
:1027D00001F1EFF76BFB0DA93846EFF74DFC014611
:1027E0004046EFF791FA0DA8EFF7E0FA3846EFF719
:1027F000DDFA6B6DEA6809FB0322D2E916239B1A06
:102800009B100AFB03F3B3427FF6D0AD594638461E
:10281000EFF708FB6A6DEB68384609FB0233996DE8
:102820001C2303FB061101360C31EFF725FC014692
:102830004046EFF70FFC3846EFF7B8FAD9E700202B
:10284000F1F70EFC00287FF4E7ADFFF768B8002031
:10285000F1F706FC00287FF448AE6F4911A8EFF7A6
:10286000E1FA0523204611A98DF85430FDF754FBF9
:1028700011A8EFF79BFA40460026EFF797FAFFF70B
:1028800041B8019C41463846EFF73EFA0623204600
:1028900039468DF85430FDF73FFB3846EFF786FA9E
:1028A0004046EFF783FAFFF72DB85C493046EFF763
:1028B0003DFCC8B1BAF1000F24D059490DA8EFF77B
:1028C000B1FA6B6DC022ED68564909A802FB0355A9
:1028D0000A225646D5E916535B1B9B1003FB01F1F8
:1028E000EFF7E4FAFFF774BA4F493046EFF71EFCF2
:1028F000002800F06381BAF1000F00F099800126F2
:10290000FFF700B85346022221465846FDF7F0FB78
:10291000064600283FF403A8DBF800004FF0C0088B
:10292000EFF7D0FC6B6DEF6800B23E4908FB037710
:10293000D7E916239B1A9B1001FB03F3013B1BB243
:10294000984200F358810028C0F25581DBF800005E
:102950004FF01C0AEFF7B6FCBB6D6A6D0DF1340940
:102960000AFB0030EB6811AF08FB0233029003F161
:102970003C010193F1F746F9019B029803F14801EC
:102980000C30EFF7F7FA6A6DEB68DBF8000008FB34
:1029900002330193EFF796FC019BDBF800109B6D6F
:1029A00010310AFB00300C30EFF7E4FADBF80000DE
:1029B000EFF788FC6A6DEB6808FB023383F864006C
:1029C00017494846EFF72EFA6A6DEB68C02109A84F
:1029D00001FB023393F86410EFF738FA09A948466F
:1029E000EFF74AFB01463846EFF78EF906233946E2
:1029F00020468DF85430FDF78FFA3846EFF7D6F9B8
:102A000009A8EFF7D3F94846EFF7D0F9FEF77ABFF8
:102A1000606C0020786C0020906B0020806C00209F
:102A2000986C0020B76DDBB6A06C0020104B002026
:102A30005346012221465846FDF75AFB0646002818
:102A40003EF46DAF0DF13409DBF80000EFF73AFC0E
:102A50000DF124088346BD49484611AFEFF7E2F96E
:102A60000A2259464046EFF709FA41464846EFF731
:102A700003FB01463846EFF747F908213846F1F7DE
:102A8000C1FA3846EFF792F94046EFF78FF948461A
:102A9000EFF78CF96A6DC021EB68AD4801FB02339A
:102AA0000FFA8BF1D3E9162A0193AAEB02039B10CC
:102AB00000FB03F3013B1BB299423EF730AF002904
:102AC000FEF62DAF1C2303FB0B22D3189A4538D0FA
:102AD000AAEB030302F10C0A9D4A9B10029402FB2D
:102AE00003F31C46002C28DDDAF810305AF80C0CE1
:102AF0004AF80C3C00235AF8041CCAF81030DAF8E3
:102B00001430091A4AF8083C0023CAF81430DAF8DD
:102B100018304AF8043C0023CAF81830534620B154
:102B2000CDF80CA0ECF7C6FE039B0AF11C0A184670
:102B3000013C5146EFF726FAD4E7DDE90134D3F83A
:102B40005CA0AAF11C03019AAAF11000D365EFF76B
:102B50002DF95AF81C0C5AF8141C091A08B1ECF794
:102B6000A9FE6B6DC021EA6801FB032292F8643074
:102B70005B4503DB13B1013B82F86430754948467D
:102B8000EFF750F96A6DEB68C021404601FB023354
:102B900093F86410EFF75AF941464846EFF76CFA9C
:102BA00001463846EFF7B0F80623204639468DF83F
:102BB0005430FDF7B1F93846FEF79CBE6649304601
:102BC000EFF7B4FA002800F08B80BAF1000F67D05D
:102BD00062490DA8EFF726F96A6D2B681821564651
:102BE00001FB02331B6909A8022193ED280AEFF7C4
:102BF000A5F9FFF7EDB8DBF8001007F1580911AFA0
:102C000010313846EFF780F86A6DEB68C02101FBA0
:102C1000023BDBE90F23B3EB02083DD0504B984554
:102C200035D84046ECF742FE82460AEB0803CDF861
:102C300034A00F93DBE90F139942A3EB010803D0F3
:102C40004246504617F0ECFB48460DF134090AEBBA
:102C5000080339464A460E93FBF70CFB0D980F9973
:102C6000091A08B1ECF726FE3846EFF79FF86B6DAE
:102C7000EA68C021364801FB0322D2E916135B1A29
:102C80009B1000FB03F3013B82F8643098E6B8F137
:102C9000000F03DA07F090FCC246C6E707F07CFCA1
:102CA0005346012221465846FDF722FA06460028DF
:102CB0003EF435AE6A6D4FF018082B68DBF8000063
:102CC00008FB0237EFF704FB3869F4F717FD2349D7
:102CD0000DA8EFF7A7F86A6D2B6808FB023381E7B0
:102CE00020493046EFF722FAB0B1BAF1000F3FF4B5
:102CF00006AE1D490DA8EFF795F86A6D2B681821EF
:102D0000564601FB02331869F4F7E0FE022109A8D8
:102D1000EFF714F9FFF75CB814493046EFF706FAFD
:102D200040B3BAF1000F40D0114956460DA8EFF755
:102D300079F86A6DEB68C02109A801FB023393F8AA
:102D40006510EFF783F8FFF743B800BFB86C0020B9
:102D5000B76DDBB6D46C0020DC6C0020347F002023
:102D6000FCFFFF7FEC6C0020FC6C0020046D002059
:102D7000A85C0020C4493046EFF7D8F9002853D0AA
:102D8000BAF1000F2AD0C1490DA8EFF74BF86A6DD0
:102D90002B68182109A8564601FB0233022193ED46
:102DA000010AEFF7CBF8FFF713B85346012221468B
:102DB0005846FDF79DF9064600283EF4B0ADC02107
:102DC0006A6DEB68DBF8000001FB0237EFF77AFA77
:102DD0007F28AF4998BF87F86500A7E70023012245
:102DE00021465846FDF784F9064600283EF497AD83
:102DF0006A6D4FF018082B68DBF8000008FB0237FB
:102E0000EFF766FAA34987ED010A0DA8EFF70AF874
:102E10006A6D2B6809A8022108FB023393ED010AB1
:102E2000EFF78CF8FEF7D4BF9B493046EFF77EF9F9
:102E3000A0B1BAF1000F2AD098490DA8EEF7F2FF21
:102E40006A6D2B68182109A8564601FB023302213E
:102E500093ED020AEFF772F8FEF7BABF90493046D9
:102E6000EFF764F900284DD0BAF1000F27D08D4953
:102E70000DA8EEF7D7FF6B6DE968C02209A856468A
:102E800002FB03118431EEF73FFFFEF7A1BF53466B
:102E9000012221465846FDF72BF9064600283EF44C
:102EA0003EAD6A6D4FF018082B68DBF8000008FB98
:102EB0000237EFF70DFA794987ED020AA5E7534685
:102EC000012221465846FDF713F9064600283EF434
:102ED00026AD6A6DC027EB68DBF8001007FB0233F4
:102EE00003F18400EFF746F86E490DA8EEF79AFF5C
:102EF0006B6DE96809A807FB03118431EEF704FF45
:102F0000FEF766BF68493046EFF710F990B1BAF1A5
:102F1000000F69D065490DA8EEF784FF6B6DE96875
:102F2000C02209A8564602FB03117431EEF7ECFEED
:102F3000FEF74EBF5E493046EFF7F8F8002876D02E
:102F4000BAF1000F7FF4DBAC53460122214658460C
:102F5000FDF7CEF8064600283EF4E1AC18226B6D72
:102F60002D68DBF8000002FB0355EFF7ABF90146D3
:102F7000284689B2F4F758FE4E490DA8EEF752FFE5
:102F8000DBF800100DA8EFF777F8014611A8EEF76F
:102F9000BBFE062311A920468DF85430FCF7BCFF78
:102FA00011A8EEF703FF0DA8EEF700FF42490DA8A8
:102FB000EEF738FFDBF800100DA8EFF75DF83F499A
:102FC000EFF762F8014611A8EEF79EFE204611A920
:102FD0008DF854A0FCF7A0FF11A8EEF7E7FE0DA8AE
:102FE000EEF7E4FEFEF78EBC53460122214658461A
:102FF000FDF77EF8064600283EF491AC6A6DC027C6
:10300000EB68DBF8001007FB023303F17400EEF706
:10301000B1FF26490DA8EEF705FF6B6DE96809A819
:1030200007FB03117431EEF76FFEFEF7D1BE2449A2
:103030003046EFF77BF880B1BAF1000F48D0214954
:103040000DA8EEF7EFFEC0216A6D5646EB6801FB56
:103050000233D3F8A410FEF7E8BE1B493046EFF761
:1030600065F8002877D0BAF1000F55D017490DA8A0
:10307000EEF7D8FE1C21AA6D56462B6B01FB0233DE
:10308000998AFEF7D2BE00BF206D0020386D002067
:10309000A85C0020406D0020486D00205C6D002081
:1030A000646D00207C6D0020846D0020A06D0020E8
:1030B000A86D0020C06D0020C86D0020EC6D0020C0
:1030C000F06D0020B05C0020106E0020B84E002093
:1030D0005346012221465846FDF70AF806460028C5
:1030E0003EF41DAC6A6D4FF0C008EB68DBF80000E1
:1030F00008FB0237EFF7ECF8BDEEC00AAA490DA8AD
:1031000087ED290AEEF78EFE6A6DEB6808FB023345
:10311000D3F8A410FEF789BE534601222146584633
:10312000FCF7E6FF064600283EF4F9ABDBF80000AA
:103130001C27EFF7C7F8AA6D2B6B9C4907FB0233DE
:1031400098820DA8EEF76EFEAA6D2B6B07FB02337B
:10315000998AFEF76ABE96493046EEF7E7FF78B1E6
:10316000BAF1000F25D093490DA8EEF75BFE1C21A4
:10317000AA6D56462B6B01FB0233D98AFEF755BE6A
:103180008D493046EEF7D2FF002857D0BAF1000F34
:103190002ED08A490DA8EEF745FE1C21AA6D564691
:1031A0002B6B09A801FB0233022193ED060AFEF7FF
:1031B0000DBE5346012221465846FCF799FF0646AC
:1031C00000283EF4ACABDBF800001C27EFF77AF8E0
:1031D000AA6D2B6B774907FB0233D8820DA8EEF757
:1031E00021FEAA6D2B6B07FB0233D98AFEF71DBEA9
:1031F0005346012221465846FCF77AFF064600282E
:103200003EF48DABAA6D4FF01C082B6BDBF8000071
:1032100008FB0237EFF75CF868490DA887ED060A4E
:10322000EEF700FEAA6D2B6B09A8022108FB023302
:1032300093ED060AEEF782FEFEF7CABD60493046FE
:10324000EEF774FF90B1BAF1000F28D05D490DA8D8
:10325000EEF7E8FDC0216A6D5646EB6809A801FB50
:103260000233022193ED1B0AFEF7B0BD56493046EA
:10327000EEF75CFF002878D0BAF1000F4AD053492E
:103280000DA8EEF7CFFDC0216A6D5646EB6809A880
:1032900001FB0233022193ED1A0AFEF797BD534654
:1032A000012221465846FCF723FF064600283EF43B
:1032B00036ABDBF80000EFF705F8696D82B2EB681A
:1032C000C02007EE902A00FB0133F8EEE77A93ED79
:1032D0001A7AF4EEC77AF1EE10FA04DDBCEEC77A82
:1032E00017EE102A92B207EE902A36490DA8F8EE92
:1032F000677AC3ED1B7AEEF795FD6A6DEB68C02126
:1033000009A801FB0233022193ED1B0AEEF716FE1A
:10331000FEF75EBD0023012221465846FCF7E8FE79
:10332000064600283EF4FBAADBF80000C027EEF7B3
:10333000C9FF6A6D80B2EB682449642807FB023339
:1033400028BF642007EE900A0DA8F8EE677AC3ED57
:103350001A7AEEF767FD6A6DEB68022109A807FB90
:10336000023393ED1A0AFEF731BD19493046EEF7E4
:10337000DDFE00283EF4D3AA6B6DC020EA68002170
:1033800000FB03F3D358D868F3F7E8FF064638B9D3
:10339000104911A8EEF746FD01260523FEF79ABC59
:1033A0000D49FEF793BC00BFB05C0020246E0020E6
:1033B0002C6E0020C04E0020406E0020586E002071
:1033C000606E0020C05C00207C6E0020B85C002095
:1033D000946E00209C6E0020AC6E00202DE9F04F12
:1033E000D0E900860C464C49A6EB080393464B4AAD
:1033F00085B0DB1001FB03F3934200F08A80012BC0
:103400001F46814638BF0127FF18A4EB08037ED270
:10341000002F6BD1182502970197019A5946BBF8E6
:1034200004C0D01851F8087B0830D75020F804CCDD
:10343000EEF788FC44451FD0019F08F1080507F10D
:10344000080B35F8061C35F8040C35F808CC2BF8B9
:10345000061C29462BF8040C58462BF808CC0BF117
:10346000180BEEF751FC2B46394618351033183738
:103470009C42E6D101F13005B4421AD0083405F17E
:10348000080B34F8081C183534F8060C34F8042CF2
:103490002BF8081C21462BF8060C58462BF8042C58
:1034A0000BF1180BEEF730FC04F1100318349E42B8
:1034B000E7D1B04507D0444604F108001834EEF7D0
:1034C00075FCB442F8D1B8F1000F06D0D9F8081055
:1034D0004046A1EB0801ECF7EDF9019BC9E9003585
:1034E000029BC9F8083005B0BDE8F08F974228BFAD
:1034F000174607EB4707FF0038460393ECF7D6F96A
:10350000C21900F11805039B0190029285E7044F50
:10351000F2E7044807F078F8ABAAAAAA5555550572
:10352000F8FFFF7F208700200A46D0E9013110B55F
:103530008B420ED011460446908851F8082B988093
:1035400003F108001A60EEF7FDFB6368183363604F
:1035500010BD1946FFF742FF10BD00BF70B51546FC
:10356000224E86B00446D0E903239B1ADB1006FBEB
:1035700003F3013B994213D8606801EB41032946EC
:10358000058A02EBC30422F83350428A038C04F10B
:1035900008006280A380EEF7EDFC012006B070BD4C
:1035A00013496846EEF73EFC08216846F0F72AFD0D
:1035B0006846EEF7FBFB0F4B0F4902A80093002370
:1035C000ADF80430EEF72EFC694604F10C00FFF76D
:1035D000ABFF02A8EEF7EAFBD4E903239B1ADB104A
:1035E00006FB03F3013B99B2C6E700BFABAAAAAA48
:1035F000A05E00200000FFFF9C5E00202DE9F0414E
:1036000014461D46284F86B0D0E90323BDF830602C
:103610009B1ADB1007FB03F3994225D335D1804673
:1036200022496846EEF7FEFB08216846F0F7EAFCFF
:103630006846EEF7BBFB1E4B1E4902A80093002311
:10364000ADF80430EEF7EEFB694608F10C00FFF729
:103650006BFF02A8EEF7AAFBD8E90321891AC9106B
:1036600007FB01F1013949B201EB41000D9902EB71
:10367000C0035D8022F8304003F108009E80EEF721
:1036800079FC012006B0BDE8F0810B496846EEF7F1
:10369000C9FB05216846F0F7B5FC6846EEF786FBE6
:1036A000002006B0BDE8F081ABAAAAAAF05E002017
:1036B0000000FFFF9C5E00202C5F002070B586B0EC
:1036C00000250B46154A02AE0446057202604561AC
:1036D00043601349C0E903553046EEF7A3FB294682
:1036E0004CF250334FF4FA622046CDE90056FFF712
:1036F00085FF3046EEF75AFB237AE568204603EB58
:103700004303626805EBC30135F833504C888B885E
:1037100015825482138406B070BD00BF2C8900202E
:10372000507200204FF47A732DE9F0410382002596
:1037300043634FF00108384B04460E46C5601B68D2
:103740002946C5611746458480F82C5080F83850CA
:103750004564036380F82080C0E90555C0E9095538
:10376000C0E90F554830EEF75DFB2C4B2C4904F1B6
:103770007400A366E3664FF480432566A4F86430C2
:1037800084F87050C4E91655EEF74CFB244904F157
:103790008400EEF747FB4FF07F5326600026C4F805
:1037A000BC300C2367601820C4F8A43084F89480DF
:1037B000C4F8B050C4F89860C4F89C60C4F8A06025
:1037C000C4F8B45084F8B850C4E92A55ECF76EF840
:1037D00039460746FFF772FF4820A760ECF766F806
:1037E000104A03464661066246628662C662066306
:1037F00046640D49E060C0E90D551A6120460B4A48
:10380000D960DA6162680A495A60226899611A606F
:10381000084A9A60BDE8F0813CC2012000002041C6
:10382000805F0020000048430000E0400000484264
:10383000CDCCCC3D0000FA432DE9F04F01F10C094D
:10384000A3B088460746B049484616461D46EEF7DF
:103850006DFC00284DD0002D3CD00DF1640AAB4921
:103860000DF1540B0DF174095046EEF7DBFA7B6D48
:10387000FA68584603EB430302EB83139B68197AFB
:10388000EEF7E4FA59465046EEF7F6FB0146484695
:10389000EEF73AFA06238DF88430D6E901439C42CC
:1038A00000F0218249462046EEF74CFA73689DF8F5
:1038B000842014332274736048462C46EEF776FA5F
:1038C0005846EEF773FA5046EEF770FA204623B0EA
:1038D000BDE8F08F2B46012231464046FCF708FC3C
:1038E0000446002840F0AB810024204623B0BDE808
:1038F000F08F044686494846EEF718FC002840F051
:10390000118184494846EEF711FC002800F0368208
:10391000002D00F0EE817B6DFA6803EB430302EBB0
:103920008312D8E9000392681B1A102B40F06C82B6
:10393000EEF7C8FC7B6DFA6844B203EB430302EB7D
:1039400083129268D2E903239B1A734ADB1002FBAD
:1039500003F3DBB29C42C7DA0DF174096F4909A881
:10396000EEF760FA0A22214605A8EEF787FA05A9C4
:1039700009A8EEF781FB6A49EEF786FB7B6DFA68D2
:10398000002C03EB4303054602EB83129168CA68DF
:10399000C0F288820B69A2465F489B1ADB1000FBCD
:1039A00003F3013B9C4200F27D8204EB44030DF1E2
:1039B000340832F8331040460A22EEF75FFA4146E7
:1039C0002846EEF759FB5649EEF75EFB7B6DFA6829
:1039D000834603EB430302EB831291684E48D1E91F
:1039E00003239B1ADB1000FB03F3013BA342C0F04F
:1039F000778204EB440311AD02EBC30228465188E1
:103A00000A22EEF73BFA29465846EEF735FB4449C1
:103A1000EEF73AFB7A6DF968034602EB420201EBDE
:103A200082118968DFF8F0C0D1E90302121AD210BE
:103A30000CFB02F2013AA242C0F0708204EB440295
:103A40000DF1540B039300EBC2000A228188584603
:103A5000EEF714FA039B59461846EEF70DFB304972
:103A6000EEF712FB7A6DF968034602EB420201EBB6
:103A700082129068284FD0E90312521AD21007FB25
:103A800002F2013AA24201D290F908A00AEB4A0AD6
:103A9000039301EBCA010DF1640A08315046EEF7B9
:103AA00033F9039B51461846EEF7E6FA01464846BD
:103AB000EEF72AF906238DF88430D6E901439C42BB
:103AC00000F0558249462046EEF73CF973689DF8B0
:103AD000842014332274736048460124EEF766F99B
:103AE0005046EEF763F95846EEF760F92846EEF7D0
:103AF0005DF94046EEF75AF905A8EEF757F909A81F
:103B0000EEF754F9E2E600BF4C640020685F002045
:103B10005864002070640020ABAAAAAA605F00204D
:103B2000104B00202346022231464046FCF7E0FAC3
:103B300000283FF4D9AE7B6D0DF17409FA6803EBF0
:103B40004303D8F8000002EB83129568EEF7BAFB46
:103B5000D8F80010044648461031EEF7D5F84A462A
:103B6000A1B22846FFF7FAFC04464846EEF71EF9D4
:103B7000002C3FF4B9AE7B6D0DF1540BFA6811AD1A
:103B800003EB4303BF49584602EB8312936893F853
:103B900008A0EEF747F928465146EEF757F92946AF
:103BA0005846EEF769FAB849EEF76EFA7A6DF96899
:103BB0004FFA8AF302EB42028046002B01EB82129D
:103BC0009068C16808DB0269B04F521AD21007FB37
:103BD00002F2013A934201D990F9083003EB430312
:103BE0000DF1640A01EBC30150460831EEF78CF881
:103BF00051464046EEF740FA01464846EEF784F853
:103C000006238DF88430D6E901739F4200F0BB8112
:103C100049463846EEF796F873689DF884201433C9
:103C20003A7473604846EEF7C1F85046EEF7BEF8B6
:103C30002846EEF7BBF85846EEF7B8F846E67B6D37
:103C4000FA6803EB4303D8F8000002EB831295688F
:103C5000EEF738FB8D4AD5E903135B1ADB1002FB44
:103C600003F3C2B29A42BFF43FAE02EB42022872A3
:103C70006B680DF1640A01EBC20031F8322084490F
:103C80000DF1540B1A820DF1740942885A82828810
:103C900050461A84EEF7C6F87B6DFA68584603EB77
:103CA000430302EB83139B68197AEEF7CFF859466A
:103CB0005046EEF7E1F901464846EEF725F80623AF
:103CC0008DF88430D6E901539D4200F04981494680
:103CD0002846EEF737F873689DF884204846143379
:103CE0002A747360EAE5214630464A46FCF78AF8B2
:103CF000E2E52B46052231464046FCF7F9F900285B
:103D00003FF4F2AD7B6D0DF17409FA6803EB4303E8
:103D1000D8F8000002EB8312D2F808A0EEF7D2FA2E
:103D20000546D8F800001030EEF7CCFA8346D8F8F4
:103D300000002030EEF7C6FA0390D8F800003030CB
:103D4000EEF7C0FAD8F80010044648464031EDF7C7
:103D5000DBFF039BA4B250469BB2CDF804901FFA40
:103D60008BF2009469B2FFF749FC4846EEF71EF863
:103D7000D8F80000EEF7A6FA44B2EFE54549484608
:103D8000EEF7D4F9002844D148464349EEF7CEF97E
:103D900000283FF4A9AD002D7FF4A6AD2B460122EB
:103DA00031464046FCF7A4F900283FF49DAD7B6DF9
:103DB000FA6803EB4303D8F8000002EB83139C6816
:103DC000EEF780FA01462046C9B2F6F7FBF9044641
:103DD00000283FF489AD0DF1640A30490DF1540B10
:103DE0000DF174095046EEF71DF8D8F80000EEF713
:103DF00069FA0A2201465846EEF770F859465046CD
:103E0000EEF73AF9014657E792F908400DF17409C7
:103E1000A4E50DF1640A22490DF1540B0DF174096A
:103E20005046EDF7FFFF7B6DFA68584603EB4303FE
:103E300002EB83139B68D3E90331C91A134BC910F2
:103E400003FB01F1C9B2EEF701F859465046EEF70F
:103E500013F901464846EDF757FF06238DF88430E5
:103E6000D6E901439C4200F0948049462046EDF794
:103E700069FF73689DF88420143322747360484688
:103E800001241BE568640020104B0020ABAAAAAAFD
:103E9000685F0020806400209C640020B0640020E3
:103EA0009464002091F908300DF1340803EB4303CA
:103EB000404632F833100A22EDF7E0FF414628462B
:103EC000EEF7DAF83649EEF7DFF87B6DFA68002C8A
:103ED00003EB4303834602EB831291684DDACA6811
:103EE00091F9083011AD03EB4303284602EBC303FD
:103EF0000A225988EDF7C2FF29465846EEF7BCF86A
:103F00002749EEF7C1F87A6DF968002C02EB4202FE
:103F1000034601EB8211896833DAC86891F90820F9
:103F20000DF1540B039302EB420200EBC202584620
:103F300091880A22EDF7A2FF039B59461846EEF737
:103F40009BF81749EEF7A0F87A6DF968002C02EBA0
:103F50004202034601EB8212906810DAC16893E5D1
:103F6000304629464A46FBF74DFF4846A6E421461F
:103F700030464A46FBF746FFAEE5A2462EE5A2468E
:103F800078E5A2464EE5394630464A46FBF73AFF09
:103F900048E6214630464A46FBF734FF6FE700BF4C
:103FA000104B00202DE9F0470D469846096892B065
:103FB0006B6816468B4200F09880DFF890A10746A8
:103FC00003A800240AF11009EDF79EFE03E0403437
:103FD000B4F5AA5F0BD009EB040003A9EEF78AF849
:103FE0000028F4D00AEB040103A8EDF7C3FF0DF19C
:103FF0002C0903A907A8EDF787FE07A94846F9F79A
:104000008BF807A8EDF7D2FED5E900239B1A102BF9
:104010001CD9012421460DE0EDF776FE0C9B1033F0
:104020000C930134D5E90023E4B29B1A2146B4EB8A
:10403000231F0BD20C9802EB01110D9B9842EBD180
:104040000A4601464846F8F7F7FFEAE700233246FA
:104050004946384601930123CDF80080FCF76EFEF7
:10406000D8B101260EA8EDF7A1FEDDE90B45AC4263
:1040700006D020461034EDF799FEA542F9D10B9DEC
:1040800025B10D992846491BEBF714FC03A8EDF761
:104090008DFE304612B0BDE8F087CDE900800123E7
:1040A000324649463846FDF7E1FB0028D9D1D7E929
:1040B0000F239B1A7A6DB2EB631F3BDB0023324662
:1040C0004946384601930123CDF80080FCF7F6FA03
:1040D0000028C6D132460190494638460123CDF822
:1040E0000080FFF7A9FB0646BCE70DF12C09164935
:1040F0004846EDF797FE0522D6E901438DF83C20AE
:104100009C4211D049462046EDF71CFE73689DF88D
:104110003C2014332274736000264846EDF746FEB7
:10412000304612B0BDE8F0874A4621463046FBF7DC
:1041300069FEF1E70123324649463846FCF724F888
:1041400000288ED1BAE700BF304800201C4C012067
:1041500012882DE9F047C2EBC2020F688CB0544CB4
:1041600007EB8207804699469DF850A007F10C05A1
:1041700004F5AA5602E04034B44210D02146284645
:10418000EDF7B8FF0028F6D0A4F110004034EEF7A8
:104190005DF801462846EDF7EDFEB442EED100236E
:1041A0004A4639464046CDF800A00193FCF7C6FDCB
:1041B00020B1012420460CB0BDE8F08703460190F1
:1041C0004A4639464046CDF800A0FDF74FFB00288F
:1041D000EFD1D8E90F239B1AD8F85420B2EB631F14
:1041E00007DA03464A4639464046FBF7CDFF00282A
:1041F000DFD100234A4639464046CDF800A001935E
:10420000FCF75CFA0028D4D1034601904A463946AF
:104210004046CDF800A0FFF70FFB04460028C8D1A8
:1042200024492846EDF782FF68B3234907A8EDF734
:10423000F9FD0A22D9E901438DF82C209C4231D0A6
:1042400007A92046EDF77EFDD9F804309DF82C2013
:1042500014332274C9F8043003AC07A8EDF7A6FDA7
:1042600016492046EDF7DEFD4B465522144907A8B6
:104270000094FBF767FE07A8EDF798FD20460124A0
:10428000EDF794FD96E728460E49EDF74FFF00281D
:1042900090D053464A46394640460CB0BDE8F047F8
:1042A000FFF780BE07AA21464846FBF7ABFDD3E7E0
:1042B0002C4C0120E8630020F063002038640020CB
:1042C0001C4C0120406400202DE9F84F8B46096BFF
:1042D00000230646DBF800200260DBF80420426081
:1042E000DBF808208260DBF80C20C260BBF81020ED
:1042F0000282DBF814204261DBF818208261DBF8CF
:104300001C20C2619BF8202080F820209BF82C20E4
:1043100080F82C209BF8382080F83820BBF8222029
:104320004284DBF824204262DBF8282001638262A9
:10433000DBF834204263DBE90F24C0E90F33A41A11
:10434000436400F0B2805F4B9C4200F2B78020468D
:10435000EBF7ACFA03461C44C6E90F337464DBE99F
:104360000F108142A0EB010404D01846224616F03B
:1043700057F8034623440BF1480106F14800336423
:10438000EDF7C2FC0023DBE91624C6E91633A41AB4
:10439000336600F08C804C4B9C4200F28F802046AC
:1043A000EBF784FA80464444C6E916883466DBE9B4
:1043B00016494C4536D00C3408F10C05002726E090
:1043C000404B9A4575D85046EBF770FA034603EB1D
:1043D0000A0245E9033345F8042C54E903129142DB
:1043E000A2EB010A04D01846524616F019F803460B
:1043F00053442846214608F11C0845F8083C1C3562
:10440000EDF782FC04F110031C3499450AD054E9FD
:10441000032345E90377B3EB020A45F8047CCFD1C7
:104420005346D4E7DBF8683006F17400DBF86C2003
:10443000B366C6F85C809BF87030BBF86410F26617
:1044400086F87030A6F864100BF17401EDF75CFC8F
:104450000BF1840106F18400EDF756FCDBF898308F
:104460009BF894103046DBF89C20C6F89830DBF8B7
:10447000A03086F89410C6F89C20DBF8A410C6F88B
:10448000A030DBE92A32C6E92913DBE92C31C6E981
:104490002B239BF8B820DBF8BC30C6F8B41086F8A4
:1044A000B820C6F8BC30BDE8F88F234653E7A046D5
:1044B00079E7BAF1000F03DA06F07EF8002CFBDB97
:1044C00006F06AF8FCFFFF7FF0FFFF7F2DE9F04F59
:1044D000D0E900970D461146A7EB09034B4A8246E7
:1044E0004B489B1185B002FB03F3834200F08B80A5
:1044F000012B1A462C4638BF0122D218A5EB09031E
:104500007FD2002A6AD1C02601920092009AD01868
:10451000FFF7DAFE4D450ED0C846009E414608F131
:10452000C0083046FFF7D0FEA845324606F1C00667
:10453000F4D102F5C076BD4207D02146C0343046E2
:10454000C036FFF7C1FEBC42F7D1B94533D04D4666
:1045500005F18400EDF72AFC05F17400EDF726FC67
:10456000D5E916B4A34513D00BF10C084046EDF77E
:104570001DFC58F80C0C20B1DBF80810091AEBF7F9
:1045800099F90BF11C0B08F11C085C45EED1AC6DE0
:1045900024B1296E2046091BEBF78CF905F1480080
:1045A000EDF704FCE86B18B1696C091AEBF782F9B6
:1045B000C035BD42CCD1B9F1000F06D0DAF80810F1
:1045C0004846A1EB0901EBF775F9009BCAE90036F3
:1045D000019BCAF8083005B0BDE8F08F824228BFC1
:1045E000024602EB420296013046CDE90231EBF77A
:1045F0005DF98219009000F1C0060192DDE90231F7
:1046000084E7044EF0E7044805F0FEFFABAAAAAA2F
:10461000AAAAAA0080FFFF7F208700202DE9F04F83
:1046200091B01F46044624209DF86C300D46164676
:104630009DF868B00B939DF870309DF87C800C93CA
:104640009DF874309DF884900D939DF878309DF816
:1046500088A00E93EBF72AF942F67B13614A624970
:10466000DFF8A4C1DFF8A4E1C0E900235F4BC0E993
:1046700002135F4BC0E904C35E4BC0E906E30023AD
:104680000362D4E90713994200F0A58001F12403E5
:1046900084468E460F93BCE80F00AEE80F00BCE8DE
:1046A0000F00AEE80F00DCF80030CEF800300F9BB2
:1046B000E3611820EBF7FAF8209B32462946CDE952
:1046C00005830E9B804604930D9B03930C9B0293E2
:1046D0000B9BCDE9079ACDE900B33B46F3F758FAB7
:1046E000D8F80C30012265681B695A60A3689D42A6
:1046F00060D0464605F118070FCE0FC596E80300B7
:1047000085E8030067602168C0203B4A7E1AF310E9
:10471000183E02FB03F3A26931445D1E0C9105EBC8
:10472000C50702EB8702BF000B92EBF7BFF880468C
:10473000DDE90B21FEF7F6FFD4E90403984232D0FD
:104740004146FFF7C1FD2369C033236105EB4503F3
:10475000E0682A4900EB83109D018430EDF728FCC6
:10476000E068274928447430EDF722FC23681020C4
:1047700003EB0608A3691F44E3685E19EBF796F89C
:10478000A56AE36A1F4A9D42C0F80080C260C0E982
:10479000016716D00FC885E80F0010350120A5620B
:1047A00011B0BDE8F08F0146424604F10C00FFF75E
:1047B0008DFECBE7424629462046F8F71DFE676886
:1047C000A1E70246294604F12400F8F7A5FE0120DE
:1047D00011B0BDE8F08F024604F11800F8F776FD3D
:1047E00067E700BF666698415CDF064434FC7B29BE
:1047F00000008442000080BFABAAAAAAB86E0020C5
:10480000C46E002060EA4C1D4C4077C7D0FF3100D9
:104810002DE9F84F0646002318203366C6E9003319
:10482000C6E90233C6E90433C6E90633C6E90833EC
:10483000C6E90A33C6E90C33C6E90E33C6E91033BC
:10484000C6E91233C6E91433C6E91633EBF72EF87E
:10485000804600F11809D6E900AEF2450FD0574660
:10486000CC463D46ACF1180418370CF1180C0FCDAE
:10487000BE450FC495E8030084E80300F1D1BAF106
:10488000000F05D0B1685046A1EB0A01EBF712F812
:10489000F4687369C6F80890A342C6E9008832D06C
:1048A000B269336A93422BD1F2692420A2EB030947
:1048B000EAF7FCFF804600F1240AD6E906BEF3457C
:1048C0000FD05F46D4463D46ACF1240424370CF1AA
:1048D000240C0FCD0FC40FCDBE450FC42B68236031
:1048E000F1D1BBF1000F05D0316A5846A1EB0B01A5
:1048F000EAF7E0FF08EB0903C6F81880C6E9073AB3
:104900003046BDE8F88F3769C020EAF7CFFF82460E
:10491000BC42A7EB040B08D005462146C03428460C
:10492000C035FFF7D1FCA742F7D1D6E90389C845C6
:1049300037D008F18400EDF739FA08F17400EDF78B
:1049400035FAD8E91657BD4212D005F10C042046BD
:104950001C34EDF72BFA54F8281C084619B1AB6843
:10496000591AEAF7A7FF1C35AF42F0D1D8F85870B2
:104970002FB1D8F860103846C91BEAF79BFF08F141
:104980004800EDF713FAD8F83C0020B1D8F84410ED
:10499000091AEAF78FFF08F1C008C145C9D1D6F856
:1049A0000C90B9F1000F05D071694846A1EB0901DF
:1049B000EAF780FF0AEB0B030AF1C002C6E903A382
:1049C00072616DE72DE9F04FD0E900868B46114604
:1049D000A6EB08036FF0784285B0B2EB231F5AD0E4
:1049E0001F1181465D46012F3B4638BF0123FF184A
:1049F000ABEB08034DD2DFBB1024BA4601970AEB9C
:104A00000300EDF79FF9C3450DD04746544639469C
:104A100010372046EDF778F95F45224604F110047F
:104A2000F5D102F12004B34507D0294610352046C0
:104A30001034EDF769F9B542F7D1B04506D04546D7
:104A400028461035EDF7B2F9B542F9D1B8F1000FAB
:104A500006D0D9F808104046A1EB0801EAF72AFF72
:104A6000019BC9E900A4C9F8083005B0BDE8F08F82
:104A7000974228BF17463F013846CDE90231EAF791
:104A800015FFC319824600F110040193DDE90231DC
:104A9000B5E7024FF0E7024805F0B6FDF0FFFF7FF3
:104AA000208700202DE9F041D0E9017684B004464A
:104AB000B74200F1040807D03D4628461035EDF70F
:104AC00075F9AE42F9D1A76061496846EDF7AAF9D8
:104AD000D4E90203984200F085806946EDF732F987
:104AE000A3681033A3606846EDF760F9594968463A
:104AF000EDF798F9D4E90203984200F0A2806946E4
:104B0000EDF720F9A3681033A3606846EDF74EF97E
:104B100051496846EDF786F9D4E90203984200F05E
:104B20008A806946EDF70EF9A3681033A3606846E2
:104B3000EDF73CF949496846EDF774F9D4E9020309
:104B4000984272D06946EDF7FDF8A3681033A36070
:104B50006846EDF72BF942496846EDF763F9D4E969
:104B6000020398425BD06946EDF7ECF8A368103376
:104B7000A3606846EDF71AF93A496846EDF752F92D
:104B8000D4E90203984244D06946EDF7DBF8A36804
:104B90001033A3606846EDF709F933496846EDF72D
:104BA00041F9D4E9020398422DD06946EDF7CAF8DD
:104BB000A3681033A3606846EDF7F8F82B49684600
:104BC000EDF730F9D4E90203984211D06946EDF7C8
:104BD000B9F8A36868461033A360EDF7E7F804B0AE
:104BE000BDE8F08101466A464046FFF7EBFE7AE7F2
:104BF00001466A464046FFF7E5FE6846EDF7D6F8FF
:104C000004B0BDE8F08101466A464046FFF7DAFE8F
:104C1000D1E701466A464046FFF7D4FEBAE70146AF
:104C20006A464046FFF7CEFEA3E701466A46404685
:104C3000FFF7C8FE8CE701466A464046FFF7C2FE12
:104C400075E701466A464046FFF7BCFE5DE700BFD8
:104C500058730020747300209C730020CC730020D4
:104C6000D8730020E47300204C740020707400207E
:104C70002DE9F04F474B064600254FF0010883B061
:104C800006F1480480F8108006F50A7AA0F816802C
:104C90004FF00A0905838B4685763F4F0092C0E9A5
:104CA0000035C0E902551C30DDF730FA06F12C0062
:104CB000DDF722FA0196D7F800E02821FA2240F623
:104CC000B83302203E68A1842285638544F8085CDD
:104CD00004F8048CA575A4F82090608484F826500C
:104CE000C4E906E6E9F704FB14F8043C0246002197
:104CF000204684F83050E2625A0084F8315084F83B
:104D0000325024F8025CA5820BB115F025FC3C342E
:104D10005445D0D1019E0A230024C6F824323046DF
:104D2000C6F830324FF47A7386F82C42C6F83C321B
:104D300086F83842FFF7B6FE009B5846214686F8B3
:104D40003D3086F83CB0E9F739FB214696F83D0046
:104D5000E9F734FB0123304686F85E3186F83431BA
:104D600086F89A31F6F778FC96F83C0002220B4957
:104D7000282828BFFF20EAF7BBFB96F83D00022257
:104D80000749282828BFFF20EAF7B2FB304603B0C6
:104D9000BDE8F08F3C8900203CC201201D1A0100B3
:104DA000291A01002DE9F843D1E9002600230D4618
:104DB000B61A04468360C0E9003300F08A81CE4B06
:104DC0009E4200F282813046EAF770FD80464644FA
:104DD000C4E90088A660D5E90097B9451DD0183F01
:104DE000C64B0026A7EB0907FF0803FB07F727F0D0
:104DF0006047013707EB4707FF0009EB060E08EB9A
:104E0000060C1836BEE80F00BE42ACE80F009EE864
:104E100003008CE80300F0D1B0440023D5E9032659
:104E2000C4F80480B61A6361C4E9033300F0538107
:104E3000B34B9E4200F249813046EAF737FD074600
:104E40003E44C4E903776661D5E90368464507D067
:104E50003146C0363846C037FFF736FAB045F7D18D
:104E60000023D5E906262761B61A2362C4E9063372
:104E700000F03381A34B9E4200F227813046EAF7CF
:104E800015FD80464644C4E906882662D5E90697A2
:104E9000B94521D0243F9C4B0026A7EB0907BF084A
:104EA00003FB07F727F04047013707EBC707BF00B1
:104EB00009EB060E08EB060C2436BEE80F00ACE842
:104EC0000F00BEE80F00B742ACE80F00DEF800307C
:104ED000CCF80030ECD1B8440023D5E90926C4F859
:104EE0001C80B61AE362C4E9093300F0F880874BEE
:104EF0009E4200F2EA803046EAF7D8FC07463E447C
:104F0000C4E90977E662D5E9098398450DD0A3EB9A
:104F1000080E002608EB060307EB060C10360FCB35
:104F2000B6458CE80F00F5D177440023D5E90C266F
:104F3000A762B61AA363C4E90C3300F0D280734BA6
:104F40009E4200F2C2803046EAF7B0FC80464644FA
:104F5000C4E90C88A663D5E90C97B9451DD01C3F60
:104F60006B4B0026A7EB0907BF0803FB07F727F0E9
:104F700040470137C7EBC707BF0009EB060E08EB38
:104F8000060C1C36BEE80F00B742ACE80F009EE8E6
:104F900007008CE80700F0D1B8440023D5E90F26BC
:104FA000C4F83480B61A6364C4E90F3300F09B8000
:104FB000584B9E4200F289803046EAF777FC034660
:104FC0001E44C4E90F336664D5E90F218A4200F01C
:104FD0009080A1EB0209203203EB090732F820ECA4
:104FE000203332F81ECC203232F83C9C32F83A0C96
:104FF00032F8361C52F82C6C23F820EC23F81ECC27
:1050000023F81C9C23F81A0C23F8161C12F8388C71
:1050100032F834EC32F832CC32F8309C12F8280CEA
:1050200052F8241C03F8188C23F814EC23F812CC43
:1050300023F8109C43F80C6C03F8080C43F8041C8C
:10504000BB42CBD10023D5E912262764B61A2365CB
:10505000C4E9123349D02D4B9E4236D83046EAF788
:1050600025FC80464644C4E912882665D5E9129796
:10507000B9451DD01C3F264B0026A7EB0907BF08EA
:1050800003FB07F727F040470137C7EBC707BF000F
:1050900009EB060E08EB060C1C36BEE80F00B74203
:1050A000ACE80F009EE807008CE80700F0D1B84498
:1050B0002046D5E91531C4F84C806365D5E917233E
:1050C000C4E916122366BDE8F883002E0FDA05F056
:1050D00073FAB0467BE63746B2E6B046D2E63746CC
:1050E0000DE7B04633E733466AE7B046BAE705F066
:1050F00053FA1F46A6E700BFF8FFFF7FABAAAA0A34
:1051000080FFFF7FECFFFF7F398EE338F0FFFF7FEA
:10511000B76DDB36E0FFFF7F2DE9F04FD0E9009659
:105120000C461146A6EB0903A94A87B09B100290D2
:1051300002FB03F3A74A934200F04681012B1F466E
:10514000A34638BF0127FF18A4EB090380F03A817A
:10515000002F40F02481642503970197019FF818E0
:10516000FFF720FE4C4500F09F80BA4609F1640528
:10517000C846002755F8640C45F8647CCAF800005E
:1051800055F8600C45F8607CCAF8040055F85C0CD2
:1051900045F85C7CCAF8080055F8580C45F8587C6E
:1051A000CAF80C0055F8540C45F8547CCAF81000A5
:1051B00055F8500C45F8507CCAF8140055F84C0CC2
:1051C00045F84C7CCAF8180055F8480C45F8487C5E
:1051D000CAF81C0055F8440C45F8447CCAF8200075
:1051E00055F8400CCAF8240055F83C0CCAF82800C1
:1051F00055F8380CCAF82C0055F8340C45F8407CAA
:1052000045F8347C45E90F77CAF83000643555F825
:10521000940C45F8947CCAF8340055F8900C45F885
:10522000907CCAF8380055F88C0C45F88C7CCAF88C
:105230003C0055F8880C45F8887CCAF8400055F8C1
:10524000840C45F8847CCAF8440055F8800C45F875
:10525000807CCAF8480055F87C0C45F87C7CCAF87C
:105260004C0055F8780C45F8787CCAF8500055F891
:10527000740CCAF8540055F8700CCAF8580055F868
:105280006C0CCAF85C0055F8680CCAF8600040461F
:1052900008F16408F6F7ACFD50460AF1640A44458B
:1052A0007FF468AF00F1C805B44265D064340027CC
:1052B00054F85C3C44F85C7CAB6054E9192044F839
:1052C000607C44F8647CC5E9002054E9162044F869
:1052D000587CEA6054E9143244E91577C5E90403BF
:1052E00054E9123044F84C7CC5E9062354E91032E5
:1052F00044E91277C5E9080354F8383CAA62EB6226
:1053000054F82C0C44F8387C44F83C7C44F8407C3D
:1053100054E90D3244E90C772B636A6344F8347C1A
:1053200054E90A3244F8287CC5E90E0354E90830F0
:1053300044E90977C5E9102354E9063244F81C7C96
:105340002A65C5E9120354F8103C643545F8103C51
:1053500044E9067754E9032054F8043C643445F8E2
:10536000080C58460BF1640B45F80C2C45F8043C2E
:10537000F6F73EFD5E459BD1B9F1000F06D0029BCA
:1053800048469968A1EB0901EAF794FADDE901239F
:10539000C3E90025039A9A6007B0BDE8F08F9742F1
:1053A00028BF1746642202FB07F73846CDE90431CF
:1053B000EAF77CFAC21900F1640501900392DDE975
:1053C0000431CBE6044FF0E7044805F01DF900BFB7
:1053D000295C8FC214AE4701D0FFFF7F20870020D9
:1053E0002DE9F04FC74DCFB0C74C40F2EE28C74F64
:1053F000DFF85C932E68ECF775FF2378002B00F044
:1054000016823B78DB0740F112822B68D9F8002026
:105410009B1A0E2B40F20B820022BD49BD48DDF7DE
:10542000A9FDBB49BC48E0F7D9F80C20E8F7D6FB4A
:10543000BA4929A8DFF81C93ECF7F4FCB84BB9493A
:105440000A221B681DA8C91AECF718FD1DA929A876
:10545000ECF712FE014635A8ECF756FC002135A802
:10546000EEF7D0FD35A8ECF7A1FC1DA8ECF79EFCEB
:1054700029A8ECF79BFC12A8EFF74EFBD9E901A392
:105480009A4500F0FE810023CAE90833CAF82830A3
:10549000129BCAF80030139BCAF80430149BCAF858
:1054A0000830159BCAF80C30169BCAF81030179BB1
:1054B000DDE91A87CAF81430189BB7EB0804CAF85C
:1054C00018309DF864308AF81C3000F0BE81964B8D
:1054D0009C4200F2E6812046EAF7E8F983465C4404
:1054E0004745CAF82840CAE908BB15D00BF10406A5
:1054F00008F104052C4615F8043C294630461034C2
:1055000006F8043CECF700FC0BF1140BA74205F184
:10551000140506F11406EDD1D9F80430CAF824B008
:105520002C33C9F804300024804BDFF82CA221462C
:1055300020461C60E8F742FF0121DFF82092084670
:10554000E8F73CFF1020EAF7B1F984600473CAF869
:105550000000C0E9004435A8FFF75AF9D9E9010372
:10556000984200F0968135A9FFF71CFCD9F8044059
:105570006434C9F8044006230522D9F80000092143
:10558000FF251726241ACDE90732694B643C0E2209
:1055900006930A232044CDE904310B230221CDE9EF
:1055A00002350C23CDE900360F23FFF737F8D9F881
:1055B0000000035920441D692A6895F87630917BD4
:1055C000994200F04E8100230321A5F87430F8F7CA
:1055D00091F80D23D9F8000005220193FF21554BC6
:1055E000204400930423F8F747FAD9F800301A59F9
:1055F00023441269D96892F87700F5F7F1FED9F8DB
:10560000003023444C4CD868F5F76EFFD9F80030D1
:105610001B681869F2F79AF8D9F80030474A1968F8
:10562000DB6BC868DB6901691B698C619A61F6F7FD
:1056300023FED9F80030DB6BD869F6F71DFED9F8E8
:1056400000E0DEF80030D868036993F843100029C1
:1056500000F00281DEF83C30D869036993F843100A
:10566000002900F0F480364C0DF1740C29AD0FCCFC
:10567000ACE80F000FCCACE80F0004F1100694E882
:105680000F008CE80F000FCE0FC50FCEDEF80C40D8
:105690000FC596E80F00583485E80F0029490EA879
:1056A000ECF7C0FB29AA0EA92046F8F763FD0EA867
:1056B000ECF77CFBD9F8003023490EA8DC68ECF746
:1056C000B1FB1DAA0EA958342046F8F753FD0EA8C9
:1056D000ECF76CFBDAF800401C490EA8ECF7A2FBD3
:1056E0000EA92046F9F7C4F80EA8ECF75FFB4FF4BB
:1056F0001170EAF7DBF8102211210446FFF7B8FA1F
:105700002EE000BF3CC2012030C401202FC4012084
:1057100040AC002060610120AC81012098A10020F4
:10572000D8AE002000002820F8FFFF7F88E100208D
:105730004CCF00206CD00020554D0100954D01004C
:10574000A0250020A4A10020B8A10020CCA1002009
:1057500074C2012074E1002070E100202CC20120FD
:10576000534B1C60FAF704FBF5F7BAFDEFF7D4FDD5
:1057700050490EA8ECF756FB06210EA8EEF742FCA6
:105780000EA8ECF713FB4C490EA8ECF74BFB0621D7
:105790000EA8EEF737FC0EA8ECF708FB47490EA859
:1057A000ECF740FB0EA94648ECF7ECFB0EA8ECF733
:1057B000FDFA44490AA8ECF735FB41490AA8ECF781
:1057C0005BFC01460EA8ECF79FFA08210EA8EEF745
:1057D00019FC0EA8ECF7EAFA0AA8ECF7E7FA64203D
:1057E000E8F732FDDAF8004037490EA8ECF71AFB6B
:1057F0000EA92046F9F73CF80EA8ECF7D7FA35A821
:10580000F6F7F6FA474506D04446201D1434ECF767
:10581000CDFABC42F9D1B8F1000F05D01C99404631
:10582000A1EB0801EAF746F84FB0BDE8F08F2B680E
:1058300022789B1B32B1B3F5FA6F3FF6EDADECF772
:1058400051FDD8E54345FAD9E6E5A34647E6F1F729
:1058500085FDD9F800E006E7F1F780FDD9F800E012
:10586000F8E6D2ED027A4FF6FF731046FCEEE77AC7
:10587000938117EE902AEFF7F5FED9F80000204447
:10588000A1E612AA51464846F8F75CFADDE91A8704
:1058900049E6014635AA4846FFF73EFCD9F80440E0
:1058A00069E6002C01DA04F087FE04F075FE00BF03
:1058B00080E1002064750020D4A100205851002010
:1058C0008CE10020E4A10020F8A100202DE9F04F98
:1058D000D0E9008485B09346A4EB0803654A0190A3
:1058E0009B10654802FB03F3834200F0C080012B4C
:1058F0001A468946A1EB080138BF01229D1880F0A5
:10590000B480002D40F09F804FF02C0A2F46029566
:105910000023DBF820E0DBF824C07A18DBF828004D
:10592000C145CBF82030CBF82430CBF82830DBF859
:1059300000307B50DBF8043090625360DBF80830B5
:105940009360DBF80C30D360DBF810301361DBF8C8
:1059500014305361DBF8183093619BF81C30C2E9B6
:1059600008EC13772ED04146384691F81CC00E69DA
:1059700080F81CC00B6AD1E90025C0E90025D1E9F7
:105980000252C0E90252D1E90525C0E90462D1E919
:1059900009262C31856186628945C0E9083200F10B
:1059A0002C00E2D1A9F12C0A344BAAEB080A4FEAE9
:1059B0009A0A03FB0AFA2C232AF0404A0AF1020A47
:1059C00003FB0A7AA1452CD04846D4468168D0E929
:1059D0000023CCE90023D0E90332CCE90213D0E95B
:1059E0000535016ACCF81850CCE90423037F8CF804
:1059F0001C30D0E909232C30CCF828308442CCE983
:105A000008120CF12C0CE1D1A4EB09031B4A2C3B2E
:105A10009B0802FB03F32C2223F0404303FB0222EA
:105A20009244B8F1000F06D0019B40469968A1EB63
:105A30000801E9F73FFF019A029BC2E9007A9360EF
:105A400005B0BDE8F08F85424FF02C0328BF054616
:105A500003FB05F528460391E9F728FF431907469C
:105A600000F12C0A0399029352E7054DF2E705482D
:105A700004F0CAFDA38B2EBA2EBAE802A38B2E3AED
:105A8000E8FFFF7F2087002008B5D0E9013293426C
:105A900029D00A7F844608682C3303F8102C0A6A40
:105AA00043F82C0C486843F8280C886843F8240C09
:105AB000C86843F8200C086943F81C0C486943F88F
:105AC000180C886943F80C2C4A6A43F8140C886A4D
:105AD00043F8082C002243F8040C0A62C1E90922A9
:105AE000CCF8043008BD0A461946FFF7EFFE08BDA2
:105AF0002DE9F04F00F10C060C468146C8493046AE
:105B000015462DED028BA3B0ECF710FBB8B135B103
:105B10000126304623B0BDEC028BBDE8F08F2B464A
:105B2000012221464846FAF7E3FA0646002873D1D7
:105B30000026304623B0BDEC028BBDE8F08F07464F
:105B4000B8493046ECF7F2FA98B33B4602222146B8
:105B50004846FAF7CDFA06460028E9D0DFF8008378
:105B60003D464046D9F80010ECF7C4FA002840F052
:105B7000F881013508F110080B2DF2D117AFAA49B1
:105B80003846ECF74FF9052365688DF86C30A3684B
:105B90009D4200F0CD8139462846ECF7D3F89DF8B8
:105BA0006C302B746368143363603846ECF7FEF88E
:105BB000AFE79E493046ECF7B9FA0746002800F0F7
:105BC000B180002D74D00DF14C08994917AF4046B3
:105BD000ECF728F997494046ECF74EFA014638466B
:105BE000ECF792F806238DF86C30D4E901639E42FD
:105BF00000F0A48139463046ECF7A4F863689DF8BC
:105C00006C2014333274636038462E46ECF7CEF8BD
:105C10004046ECF7CBF87CE7D9F80000ECF752FBF4
:105C2000854A864900B2D2E900239B1A9B1001FBEA
:105C300003F31BB2984200F387810028C0F28481ED
:105C40007F4D0DF14C08D9F800000DF13C09ECF73F
:105C500039FB7C4928604046ECF7E4F817AF296827
:105C60000A224846ECF70AF949464046ECF704FA9E
:105C700001463846ECF748F806238DF86C30D4E935
:105C800001539D4200F0B08139462846ECF75AF89E
:105C900063689DF86C2014332A7463603846ECF70F
:105CA00085F84846ECF782F84046ECF77FF830E795
:105CB0002B46012221464846FAF71AFA06460028E2
:105CC0003FF436AFD9F800105A48ECF713FA002821
:105CD00000F0DE8117AF0DF14C085B494046ECF750
:105CE000A1F854494046ECF7C7F901463846ECF7AD
:105CF0000BF806238DF86C30D4E901539D4200F077
:105D0000F38139462846ECF71DF863689DF86C204E
:105D100014332A7463603846ECF748F84046ECF7D1
:105D200045F8F6E649493046ECF700FA002840F01D
:105D30009B8047493046ECF7F9F90746002800F008
:105D40005F81D9E900031B1A002D40F0EB81102B75
:105D500040F29C833F49ECF7E9F9002800F07F828C
:105D60003D4E2C25DFF8FCB00DF14C08336817AF21
:105D7000DBF800204046D9F800100DEB050A05FBC2
:105D800002331031D3F80490EBF7BEFF414638469A
:105D9000EFF760F939464846ECF7F4F83846ECF787
:105DA00005F84046ECF702F82C494046ECF73AF883
:105DB000DBF80020336805FB023359680DF13C091C
:105DC0005046EBF7A1FF012251464846EEF7E8FEA8
:105DD00049464046ECF750F901463846EBF794FF48
:105DE00006238DF86C30D4E901539D4200F02E83D8
:105DF00039462846EBF7A6FF63689DF86C201433FC
:105E00002A74636038460126EBF7D0FF4846EBF76B
:105E1000CDFF5046EBF7CAFF4046EBF7C7FF78E6E9
:105E2000804800208848002098480020B048002082
:105E3000E44D00208CE100202CC20120295C8FC29F
:105E40009CE10020D86C0020E8480020F4480020A5
:105E5000104900202449002074E100201C73002018
:105E6000B0E1002088E100203B460222214648465E
:105E7000FAF73EF9064600283FF45AAED9F800007A
:105E8000ECF720FA80B20A285ED8D9F80000ECF7C7
:105E900019FA0746002D00F03F82964D4FEAC00BDD
:105EA0000DF13C090DF12C0A93495D4448460DF172
:105EB0004C08EBF7B7FF0A2239465046EBF7DEFFF6
:105EC0005146484617AFECF7D7F88C49ECF7DCF8A9
:105ED000022195ED000B05464046B7EEC00BECF7EE
:105EE0002DF841462846ECF7C7F801463846EBF74F
:105EF0000BFF06238DF86C30D4E901539D4200F06E
:105F00001A8239462846EBF71DFF63689DF86C201E
:105F100014332A7463603846EBF748FF4046EBF7CA
:105F200045FF5046EBF742FF4846EBF73FFFF0E5F1
:105F30003A4629462046F9F765FF36E631462046BF
:105F40003A46F9F75FFF5FE66D4917A8EBF76AFF7E
:105F500017A805210026EEF755F817A8EBF726FF3E
:105F6000D7E5D9F800000DF13C09664F1030ECF789
:105F7000A9F90038644918BF012078554846EBF765
:105F800051FF414648460DF14C08ECF775F85B4966
:105F9000ECF77AF8795D05460A2217AF4046EBF731
:105FA0006DFF41462846ECF767F801463846EBF7A7
:105FB000ABFE06238DF86C30D4E901539D4219D015
:105FC00039462846EBF7BEFE63689DF86C20143313
:105FD0002A7463603846EBF7E9FE4046EBF7E6FECD
:105FE0004846EBF7E3FE94E5294620463A46F9F7A2
:105FF00009FF53E6294620463A46F9F703FFE9E749
:1060000042493046ECF792F8002800F05F813B46A9
:10601000012221464846FAF76BF8064600283FF46D
:1060200087ADD9F80000ECF74DF980B27F2800F277
:10603000E884374A374B15682C221B68D9F80000D2
:1060400002FB0355ECF73EF901462846C9B2EEF7CC
:10605000F7FC002800F076842F49064613A8EBF7DA
:10606000E1FED9F8001013A8ECF706F8014617A8CE
:10607000EBF74AFE0623204617A98DF86C30F9F796
:106080004BFF17A8EBF792FE13A8EBF78FFE40E546
:106090000DF14C08214B0122214917AF40461A70DF
:1060A000EBF7C0FED9F800104046EBF7E5FF0146DC
:1060B0003846EBF729FE06238DF86C30D4E90153FE
:1060C0009D4200F0BD8139462846EBF73BFE6368F0
:1060D0009DF86C2014332A7463603846EBF766FE33
:1060E0004046EBF763FEF8E5294620463A46F9F7C5
:1060F00089FE10E6B0C7002008490020104B0020A0
:106100007C47002070B400209448002058490020AB
:1061100074E1002088E10020744900201FC40120A0
:10612000B8480020102B40F00C81CB49EBF7FEFF64
:106130000646002800F04A840123029307ABC749B2
:1061400017AFDFF828B3184608EE903AEBF76AFE6F
:10615000C34AC449384616460192EBF763FEDBF8A2
:10616000003032682C210DF13C090DF14C0801FB87
:10617000023348465968EBF7C7FD012249464046BD
:10618000EEF70EFD41463846EBF776FFB349EBF7E5
:106190007BFF014618EE900AEBF75CFF4046EBF7F9
:1061A00005FE4846EBF702FE3846EBF7FFFD029B83
:1061B0000A2B00F05A84029B022B00F07683029B8C
:1061C000032B00F0FC81002300220392002B40F0FF
:1061D0007981DDE90223052A08BF43F0010313F0AA
:1061E000FF0340F06682029A062A14BF1A4643F063
:1061F000010212F0FF02039240F0A182029B072BE2
:1062000000F06182039B002B40F05D82934918EE01
:10621000900AEBF78BFF002840F04D8117AF18EE86
:10622000901A3846EBF770FD06238DF86C30D4E9F0
:1062300001639E4200F0338339463046EBF782FD1E
:1062400063689DF86C2014333274636038462E46C0
:10625000EBF7ACFD18EE900AEBF7A8FD59E4824984
:10626000D9F80000EBF762FF054600286CD07F4E9E
:106270002C25DFF8ECB10DF14C08336817AFDBF8D3
:1062800000204046D9F800100DEB050A05FB02334B
:106290001031D3F80890EBF737FD41463846EEF75A
:1062A000D9FE39464846EBF76DFE3846EBF77EFDE2
:1062B0004046EBF77BFD6E494046EBF7B3FDDBF85C
:1062C0000020336805FB0233996877E56949304659
:1062D000EBF72CFF002800F0E280F5F739FD17AF4F
:1062E00065493846EBF79EFD0622D4E901538DF847
:1062F0006C209D4200F0368339462846EBF722FD9C
:1063000063689DF86C2014332A7463603846012654
:10631000EBF74CFDFFF7FDBBD9F800004FEAC70BC8
:10632000564D1030EBF7D4FFB7EEC00A05EBC703AC
:1063300083ED000BB4E5294620463A46F9F762FDA5
:10634000E9E50A230293F9E64D49D9F80000EBF795
:10635000EDFE002800F04C822B46032221464846E1
:10636000F9F7C6FE064600283FF4E2ABD9F8000074
:106370001030EBF7A7FF80B27F2800F2E383D9F853
:10638000001017A82031EBF7BFFC1020E9F78EFAB8
:1063900017A90546EEF75EFE17A8EBF707FD334B8E
:1063A000D9F800002C221F682D4B10301B6802FB0F
:1063B0000377EBF787FF01462A463846C9B2F8F75C
:1063C00071F830490BA8EBF72DFDD9F8000010301B
:1063D000EBF778FF0A22014607A8EBF77FFD07A934
:1063E0000BA8EBF749FE2849EBF74EFE2946054678
:1063F0000FA8EBF789FC01220FA913A8EEF7D0FB39
:1064000013A92846EBF738FE014617A8EBF77CFCEA
:106410000623204617A98DF86C30F9F77DFD17A8E3
:10642000EBF7C4FC13A8EBF7C1FC0FA8EBF7BEFC1D
:1064300007A8EBF7BBFC0BA8EBF7B8FCFFF769BBB1
:1064400029463A462046F9F7DDFC46E6294620462D
:106450003A46F9F7D7FCD5E424490020805F0020B4
:1064600088E100201C7300202C49002074E10020EA
:106470000C73002088490020A0490020B0C70020EC
:106480003449002050730020104B00202046F9F7BB
:1064900009FE00283FF44CABD9F800005AE4C64985
:1064A0003046EBF743FE002800F03382F9F760FC3A
:1064B00017AFC24915E718EE900A2E46EBF776FCA7
:1064C000FFF727BBBE4B17AFDFF820B30DF13C0938
:1064D0001E46BC4938460193EBF7A4FC3268DBF852
:1064E00000302C210DF14C08484601FB0233D968DD
:1064F000EBF70AFC012249464046EEF751FB4146C4
:106500003846EBF7B9FDB049EBF7BEFD014618EE92
:10651000900AEBF79FFD4046EBF748FC4846EBF747
:1065200045FC3846EBF742FC029B0A2B7FF451AE48
:10653000A64918EE900AEBF791FDA5493846EBF70E
:1065400071FC019B2C2148461A68DBF8003001FBE6
:1065500002339969EBF7D8FB012249464046EEF732
:106560001FFB41463846EBF787FD9749EBF78CFD5B
:10657000014618EE900AEBF76DFD4046EBF716FC6E
:106580004846EBF713FC3846EBF710FC029B0A2B4E
:1065900000F0A682039B26E68E49D9F80000EBF7AF
:1065A000C5FD002800F0548307AB8749DFF83CB2F3
:1065B000184608EE903AEBF735FC814B0193032126
:1065C0000023CDE90213019B2C211A68DBF800306F
:1065D00001FB0233D3E90832D31A002B40F3868241
:1065E000002617AF0DF14C080DF13C0933460DF1B3
:1065F0002C0ACDE904453546019E013376494846CB
:106600002C240193EBF70EFC31685046DBF8002098
:1066100004FB0122126A515DEBF718FC5146484613
:10662000EBF72AFD6D49EBF72FFD3168DBF8002011
:1066300008EE100A404604FB0122116A2944143571
:106640000431EBF761FB012241463846EEF7A8FA28
:10665000394618EE100AEBF70FFD5B49EBF714FD16
:10666000014618EE900AEBF7F5FC3846EBF79EFB77
:106670004046EBF79BFB5046EBF798FB4846EBF7A1
:1066800095FB524918EE900AEBF7E8FC3268DBF80C
:106690000010534804FB0211019BD1E90812521A61
:1066A000921000FB02F29342A7DB039BDDE9044555
:1066B0008CE5434B17AF0DF14C080DF13C09DFF8A9
:1066C0002CB1019339E73E4B17AF0DF14C080DF19A
:1066D0003C09DFF818B1019342493846EBF7A2FBB9
:1066E000019B2C2148461A68DBF8003001FB02337D
:1066F0001969EBF709FB012249464046EEF750FACB
:1067000041463846EBF7B8FC2F49EBF7BDFC014694
:1067100018EE900AEBF79EFC4046EBF747FB484625
:10672000EBF744FB3846EBF741FB029B0A2B7FF467
:106730006DAD264918EE900AEBF790FC66E50393E1
:1067400017AF1F4B0DF14C080DF13C09DFF89CB061
:10675000019325493846EBF765FB019B2C21484600
:106760001A68DBF8003001FB02335969EBF7CCFA09
:10677000012249464046EEF713FA41463846EBF708
:106780007BFC1149EBF780FC014618EE900AEBF711
:1067900061FC4046EBF70AFB4846EBF707FB38463F
:1067A000EBF704FB029B0A2B7FF428AD074918EE98
:1067B000900AEBF753FC8FE7A8490020C04900205E
:1067C00088E1002028730020805F002038790020B5
:1067D000487300203449002050730020104B0020E3
:1067E000CDCCCCCC347300203C73002074E100206D
:1067F000C049D9F80000EBF799FC002800F0B880F8
:10680000BD4E2C25BD4F13A833683A68D9F8001047
:1068100005FB02331031D3F80C80EBF775FA13A99E
:1068200017A8EEF717FC17A94046EBF7ABFB17A824
:10683000EBF7BCFA13A8EBF7B9FAB14913A8EBF7D9
:10684000F1FA3A68336805FB0233D9680DEB0500AD
:106850000126EBF759FA01220DEB05010FA8EEF71F
:106860009FF90FA913A8EBF707FC014617A8EBF750
:106870004BFA062317A920468DF86C30F9F74CFB2C
:1068800017A8EBF793FA0FA8EBF790FA0DEB0500BA
:10689000EBF78CFA13A8EBF789FAFFF73AB9314610
:1068A00020463A46F9F7AEFAD0E40023039395491F
:1068B0003846EBF7B7FA019B2C2148461A68DBF8FB
:1068C000003001FB02339968EBF71EFA01224946BA
:1068D0004046EEF765F941463846EBF7CDFB8A496D
:1068E000EBF7D2FB014618EE900AEBF7B3FB4046FC
:1068F000EBF75CFA4846EBF759FA3846EBF756FAED
:10690000029B0A2B00F0E680039B002B3FF461AC56
:1069100059E67E493046EBF709FC002879D0F5F7B7
:10692000B3F901267A4917A8EBF77CFA062320462B
:1069300017A98DF86C30F9F7EFFA17A8EBF736FACC
:10694000FFF7E7B8734913A8EBF76CFAD9F8001012
:1069500013A8EBF791FB014617A8EBF7D5F9052330
:10696000FFF789BB3A4629462046F9F74BFACDE4B2
:106970006949D9F80000EBF7D9FB00287CD05E4EBE
:106980002C255E4F13A833683A68D9F8001005FB30
:1069900002331031D3F81480EBF7B6F913A917A816
:1069A000EEF758FB17A94046EBF7ECFA17A8EBF700
:1069B000FDF913A8EBF7FAF9584913A8EBF732FAE7
:1069C0003A68336805FB023359693FE75449D9F8FF
:1069D0000000EBF7ABFB00283FF4DEAD022307A875
:1069E000494917AF029308EE900A0396EBF71AFA9B
:1069F000424B0DF14C080DF13C09DFF8FCB001935E
:106A000055E73846EDF72CFB00287FF412ABFFF773
:106A10008FB844493046EBF789FB00287FF478A80B
:106A200041493046EBF782FB0746002800F0C08062
:106A30000023012221464846F9F75AFB0646002862
:106A40003FF476A8E7F754FC384B0246D9F800002B
:106A50001A600122364B1A70EBF734FC0146032012
:106A6000E9F708FB334917A85EE7334918EE900AA7
:106A7000EBF7F4FA03951AE73049D9F80000EBF781
:106A800055FB002866D01C4E2C251C4F13A83368DC
:106A90003A68D9F8001005FB02331031D3F818809A
:106AA000EBF732F913A917A8EEF7D4FA17A9404665
:106AB000EBF768FA17A8EBF779F913A8EBF776F973
:106AC0001F4913A8EBF7AEF93A68336805FB0233A8
:106AD0009969BBE6184918EE900AEBF7BFFA72E520
:106AE000154918EE900AEBF7B9FA32E6039BFFF767
:106AF0006DBB00BF3849002074E1002088E1002010
:106B0000287300200C730020805F0020C8490020FB
:106B1000E44900207C490020404900203C730020CB
:106B20002C490020F8450020EC49002064C20120D7
:106B300028C40120FC490020387900203C4900206D
:106B4000487300202846EDF78BFA00287FF417AC35
:106B5000FEF7EEBFB249D9F80000EBF7E7FA0028DC
:106B600059D0B04E2C25B04F13A833683A68D9F8E5
:106B7000001005FB02331031D3F81080EBF7C4F896
:106B800013A917A8EEF766FA17A94046EBF7FAF92A
:106B900017A8EBF70BF913A8EBF708F9A34913A80B
:106BA000EBF740F93A68336805FB023319694DE6A3
:106BB0009F493046EBF7BAFA00285FD09D4B13A8E7
:106BC0009D4901261F70EBF72DF9E7F791FB9B4BD1
:106BD0000A221968411A0FA8EBF798F90FA913A810
:106BE000EBF74AFA9649EBF74FFA014617A8EBF78D
:106BF0008BF8062317A920468DF86C30F9F78CF92D
:106C000017A8EBF7D3F80FA8EBF7D0F813A8EBF71A
:106C1000CDF8FEF77EBF8B4913A8EBF703F9D9F83F
:106C2000001013A80126EBF727FA014617A8EBF787
:106C30006BF8052317A920468DF86C30F9F76CF92D
:106C400017A8EBF7B3F813A8EBF7B0F8FEF761BF9E
:106C50007D49D9F80000EBF769FA00283FD007AB6F
:106C60007A49184608EE903AEBF7DCF804230293D1
:106C7000029B1A1F53425341FFF7A6BA744930468C
:106C8000EBF754FA002860D0002D39D02E46714D14
:106C900071490BA8EBF7C6F82B6807A8D97DEBF76D
:106CA000D5F807A90BA8EBF7E7F96C49EBF7ECF976
:106CB0002B6807460A22598A0FA8EBF7DFF80FA9BD
:106CC0003846EBF7D9F96549EBF7DEF92B680A226C
:106CD0000546998A13A8EBF7D1F8FFF791BB6049F5
:106CE000D9F80000EBF722FA00284AD007AB574941
:106CF000184608EE903AEBF795F805230293B7E7AC
:106D00002B46012221464846F9F7F2F906460028AB
:106D10003EF40EAFD9F80000EBF7D4FA07283EF6A0
:106D200007AF4C4D01224F492B68D87513A89A75AF
:106D3000EBF778F82B68D97D0FA8EBF787F80FA948
:106D400013A8EBF799F9014650E747493046EBF7AE
:106D5000EDF938B3454913A8EBF764F8444A4549BF
:106D6000D2E900239B1A9B100FA80A2203FB01F112
:106D7000EBF79CF80FA913A8EBF77EF90126014663
:106D800034E73D49D9F80000EBF7D0F9002834D0BA
:106D900007AB2E49184608EE903AEBF743F8062366
:106DA000029365E735493046EBF7C0F9002800F05B
:106DB000B080002D79D01C4AD9E900031B1A102B92
:106DC00060D092F90070DFF85CB02D4913A8EBF7A2
:106DD00029F80A2239460FA8EBF750F80FA913A893
:106DE0002E46EBF749F91D49EBF74EF92C22DBF85B
:106DF000003017FB02F7D959A3E70949D9F8000079
:106E0000EBF794F900283FF49CAA07AB0F4918460A
:106E100008EE903AEBF706F80723029328E700BF45
:106E20004449002074E1002088E1002034730020F0
:106E3000184A002028C40120304A002064C20120E2
:106E4000544A00204849002038490020805F002033
:106E5000584A002080E10020684A0020104B0020A2
:106E60003C490020704A0020984A0020A44A002093
:106E70002CC20120295C8FC240490020A84A002072
:106E800004730020EBF71EFA47B2002FFEF650AE57
:106E9000DFF808B3DBE900239B1ABF4A9B1002FB13
:106EA00003F39F4291D3FEF743BE2B4601222146B6
:106EB0004846F9F71DF9064600283EF439AEDFF8DA
:106EC000EC822C27B54D13A8D8F800302A6807FBB0
:106ED00003F3D9F8001052F80390EAF715FF13A94D
:106EE00017A8EEF7B7F817A94846EBF74BF817A81D
:106EF000EAF75CFF13A8EAF759FFA94913A8EAF7D4
:106F000091FFD8F800302A6807FB03F3D158FFF748
:106F1000AAB8A4493046EBF709F9804668B1002DBC
:106F200043D0A14913A8EAF77DFFA04B0A220FA87E
:106F300019682E46EAF7A2FF01E79D493046EBF7B4
:106F4000F5F80746002800F0AD80434601222146AF
:106F50004846F9F7CDF8064600283EF4E9AD8F4DD6
:106F600017A8EDF7D9FD17A92846FEF78DFD1FA834
:106F7000F4F7CAFF884BD9F80010D5E90025AD1AFF
:106F8000AD1003FB05F52C23013DADB205FB03F36A
:106F9000D058EAF7EFFF874913A8EAF743FF2946DD
:106FA0000A220FA8EAF76AFFC9E62B46012221460A
:106FB0004846F9F79DF8064600283EF4AAADD9F8F0
:106FC00000000DF12C0AEBF77DF9784BDFF8CCB11E
:106FD00017AF1860504678490DF14C080193D94617
:106FE0006D4DEAF71FFF28E0EDF796FD394648465C
:106FF000FEF74AFD1FA8F4F787FF70493846EAF705
:1070000011FF4046DBE90023991A0A22891005FB8B
:1070100001F10139EAF74AFF41463846EBF72CF80F
:107020006749EBF731F801465046EBF713F8404655
:10703000EAF7BCFE3846EAF7B9FEDBF8002038462E
:10704000DBF804309B1A019A9B10126805FB03F3CE
:10705000013B9342C8D35B494046EAF7E3FE019BFC
:107060000A220FA81968EAF709FF0FA94046EBF7B3
:1070700003F801463846EAF747FE0623394620461C
:107080008DF86C30F8F748FF3846EAF78FFE0FA806
:10709000EAF78CFE4046EAF789FE5046EAF786FE9C
:1070A000FEF737BD48493046EBF740F8002850D08E
:1070B0003B46012221464846F9F71AF806460028C1
:1070C0003EF436ADDFF8D4B0D9F80000EBF7FAF8AB
:1070D00000B2DBE900239B1A2F4A9B1002FB03F34B
:1070E000013B1BB2984227DC002825DBDBE90023AB
:1070F0009B1A2C2B18D0D9F80000EBF7E3F82B4A99
:10710000C5B213689D4201DC013B1360DBF800301F
:107110002C21224801FB0531F6F718FF2B4913A853
:10712000EAF780FE294607E6294917A8EAF77AFE1A
:1071300000260523FFF7FBBB0020ECF791FF00289A
:10714000D4D12449064617A8EAF76CFE0523FFF7B9
:10715000EEBB21493046EAF7E9FF48B11F4913A8C1
:10716000EAF760FE0D4A0C49D2E900239B1AFAE5C2
:107170001B493046EAF7DAFF002839D0194913A82D
:10718000EAF750FE184B19490FA81B680A22C91AC2
:10719000EAF774FEEEE500BFA38B2EBA74E100207F
:1071A00004730020C04A00200C4E002088E100201B
:1071B000F44A00200C4B0020805F0020D44A0020BD
:1071C000905F0020EC4A0020144B00206C4B002004
:1071D000484B00202C4B0020744B00208C4B00208F
:1071E000944B00209C4B0020D8AE002000002820AB
:1071F000BF493046EAF79AFF88B1BE492C22BE4B00
:1072000008681B6802FB03000190EDF757FC01982A
:10721000F7F798F9B94917A80126FFF785BBB849D0
:107220003046EAF783FF804670B15DB3B54913A8D5
:10723000EAF7F8FDAF4BB04A2C211B682E461268C6
:1072400001FB0233197F77E5AF493046EAF76EFF5D
:10725000074600283FD04346012221464846F8F71A
:1072600047FF064600283EF463ACD9F80000EBF770
:1072700029F801287EF44CACF8F710F9A34917A8B7
:10728000FFF752BB2B46012221464846F8F730FF54
:10729000064600283EF44CACD9F80000EBF712F893
:1072A00080B2FF2875D8934F2C25DFF84C82D9F88F
:1072B0000000EBF707F8D8F800203B68914905FB80
:1072C0000233187713A8EAF7ADFDD8F800203B6821
:1072D00005FB0233B6E78E493046EAF727FF002860
:1072E0006CD03B46012221464846F8F701FF06468E
:1072F00000283EF41DACD9F80000EAF7E3FF0728A8
:1073000005463EF615AC0428DFF81C9248DCD9F897
:1073100000303C229FED7F7A02FB0033D3ED107AE0
:10732000F8EEE77A67EE877ABDEEE78A7A490BA82E
:10733000EAF778FD0A22294607A8EAF79FFD07A980
:107340000BA8EAF799FE7549EAF79EFE18EE103A87
:107350004FF6FF7107460A220FA88B42A8BF0B46C3
:107360001946EAF7BBFD0FA93846EAF785FE6B49D7
:10737000EAF78AFED9F800303C22074613A802FB40
:1073800005330A22196CEAF7A9FD13A93846FFF75D
:1073900039B82846ECF764FE002884D1FEF7C8BB54
:1073A000D9F800303C2202FB0033D3ED107AF8EE1E
:1073B000E77AB0EE678ABEEEED8AB7E75849304605
:1073C000EAF7B4FE18B3D9E900329A4200F0878098
:1073D000D9F80000EAF776FF5FFA80FA25B3514941
:1073E0000BA8EAF71FFD514607A82E46EAF72EFD27
:1073F00007A90BA8EAF740FE4849EAF745FE4A4BC1
:1074000005461B68596801EB0A11FEF7F1BF4749B1
:107410003046EAF78BFE002800F08C80424B18685B
:10742000FDF740FB4249F6E62B460222214648463C
:10743000F8F75EFE064600283EF47AABD9F8001055
:107440000DF14C08DFF8E09017AF10314046D9F845
:107450000050EAF759FC41463846EDF7FBFDBAF11A
:10746000070F04D828463A465146EDF735FF38460F
:10747000EAF79CFC4046EAF799FC2A490BA8EAF790
:10748000D1FC514607A8EAF7E1FC07A90BA8EAF7E7
:10749000F3FD2249EAF7F8FDD9F8003005460FA8B8
:1074A000596801EB0A11EAF72FFC01220FA94046A7
:1074B000EDF776FB41462846EAF7DEFD0146384601
:1074C000EAF722FC0623204639468DF86C30F8F79F
:1074D00023FD3846EAF76AFC4046FEF7A4BF204683
:1074E000F8F7E0FD00287FF473AFFEF721BB00BF83
:1074F000A44B002074E1002088E10020C04B002054
:10750000C84B0020FC720020DC4B0020EC4B00201C
:10751000F44B002000010040D4740020104B0020E8
:10752000FC4B00207C74002080E100200C4C0020EB
:10753000184C0020BD493046EAF7F8FD0746002800
:1075400043D0D9E900329A4200F00A81D9F800000C
:10755000EAF7B8FEC7B2072F3EF6EAAA002D00F000
:10756000AB80B3490FA8EAF75DFC39460BA82E465D
:10757000EAF76CFC0BA90FA8EAF77EFDAD49EAF724
:1075800083FDAD4B3A460546196813A8F4F7C8F8D1
:1075900013A92846EAF770FD014617A8EAF7B4FBDD
:1075A000062317A920468DF86C30F8F7B5FC17A80C
:1075B000EAF7FCFB13A8EAF7F9FB0BA8EAF7F6FBDE
:1075C0000FA8EAF7F3FBFEF7A4BA9C493046EAF7A6
:1075D000ADFD002800F0DD803B46012221464846F3
:1075E000F8F786FD064600283EF493AA944A0FA8B1
:1075F000944B92ED007A9449B8EEC77B83ED007B03
:10760000EAF710FCD9F800100FA8EAF735FD01469B
:1076100013A8EAF779FB13A917A80D978DF838700E
:10762000CDE90B77EAF770FB17A90BA8F7F720F95C
:1076300017A8EAF7BBFB13A8EAF7B8FB0FA8EAF70D
:10764000B5FB18220BA88149EDF796FD804913A8D8
:10765000EAF7E8FB0B9F0FA83D4655F80C1BEAF72D
:1076600053FB0FA913A8EAF707FD014617A8EAF78D
:107670004BFB062317A920468DF86C30F8F74CFC1D
:1076800017A8EAF793FB0FA8EAF790FB13A8EAF70D
:107690008DFBDDF83080A5F10C03984572D02846AB
:1076A000EAF784FB55E90349A145204604F110049B
:1076B0005ED0EAF77BFBF7E72B46052221464846DA
:1076C000F8F716FD064600283EF432AADFF8688176
:1076D000D9F80000D8F80050EAF7F4FD0190D9F885
:1076E00000001030EAF7EEFD5FFA80FBD9F80000E9
:1076F0002030EAF7E7FD1FFA80FAD9F800003030B1
:10770000EAF7E0FDD9F800201FFA80F902F1400005
:10771000EAF7D8FD019B80B2DBB2072B3EF608AA40
:107720003C22434902FB0353A3F868000DEB02001F
:1077300083F844B0A3F86CA0A3F86A90EAF772FB50
:1077400039460BA8EAF782FB0BA90FA8EAF794FCCD
:107750003849EAF799FC3A46D8F80010054614E78C
:107760002046F8F79FFC00287FF4F0AEFEF7E0B962
:1077700055F80C0C55F8041C091A08B1E8F79AF8EA
:107780001C3588E70D993846C91BE8F793F8FEF7D2
:10779000C0B930493046EAF7C9FCE0B1002D7EF4AB
:1077A000B7A90023012221464846F8F7A1FC064666
:1077B00000283EF4BDA9D9F80000EAF783FD0128AE
:1077C0007EF4A6A94FF0E023234AC3F80C2DBFF3A3
:1077D0004F8FFEF79EB921493046EAF7A7FC0028F3
:1077E0003EF4A6A9FDB92B46012221464846F8F7EA
:1077F0007FFC064600283EF49BA9D9F8001017A884
:10780000EAF782FA17A8EAF731FD01461448EAF7C9
:10781000B1FB17A8EAF7CAFA124913A8EAF702FB64
:107820000F49FEF720BC0F492E46F6E7204C0020FA
:1078300084740020104B002080E100202C4C00209C
:107840000044012090C70020484C002090B4002044
:107850004C4C0020544C00200400FA055C4C0020E5
:10786000F0430120EC4D00202DE9F0430E4693B08B
:10787000D0E900138B426DD0DFF82891054603A8AC
:107880001746002409F11008EAF73EFA03E04034F5
:10789000B4F5E86F0BD008EB040003A9EAF72AFC63
:1078A0000028F4D009EB040103A8EAF763FB0DF10B
:1078B0002C0803A907A8EAF727FA07A94046F5F715
:1078C0002BFC07A8EAF772FAD5E90032D21A102A7F
:1078D0001CD9012421460DE0EAF716FA0C9B10335F
:1078E0000C930134D5E90032E4B2D21A2146B4EB4C
:1078F000221F0BD20C9803EB01110D9B9842EBD188
:107900000A4601464046F5F797FBEAE70022314672
:107910003B46404600920122FEF7EAF806460EA8D2
:10792000EAF744FADDE90B45AC4206D020461034B4
:10793000EAF73CFAA542F9D10B9D25B10D992846ED
:10794000491BE7F7B7FF03A8EAF730FA304613B050
:10795000BDE8F0830DF12C0811494046EAF762FAC0
:107960000522D6E901438DF83C209C4211D04146C6
:107970002046EAF7E7F973689DF83C201433227437
:10798000736000264046EAF711FA304613B0BDE8AE
:10799000F083424621463046F8F734FAF1E700BF5B
:1079A00030480020DC4401202DE9F04FA3489FB06F
:1079B000DDF72EFDA24B0393002840F07982039B54
:1079C0001A680023D2E90042ADF81A3094420993B4
:1079D000CDE907335DD04FF00109DFF884B2C3EB86
:1079E000C303984D04EB830808F10C0702E040350F
:1079F000AB4510D029463846EAF77CFB0028F6D084
:107A0000A5F110004035EAF721FC01463846EAF7B7
:107A1000B1FAAB45EED1002307A940461A460093C0
:107A2000FEF766F8044600286DD0039BADF81A9067
:107A30001D684B4684495A1CD5E900461FFA82F955
:107A4000321B921001FB02F29342C8D3B44220D001
:107A500004F10C09A246B0464846EAF7A7F959E9ED
:107A60000376B74207D038461037EAF79FF9BE428F
:107A7000F9D159F80C6C2EB159F8041C3046891B09
:107A8000E7F718FF0AF11C0A09F11C09C245E3D106
:107A90006C600023DDE90742ADF81A30944229D02A
:107AA000012719AD694E03EB8303284604EB8301DC
:107AB0009C00EAF729F9079B28462344197CECF738
:107AC000A1FA2846EAF772F93B46781CADF81A701D
:107AD000DDE9074187B20A1B921006FB02F29342CE
:107AE000E1D3A142884605D020461434EAF75EF976
:107AF000A045F9D1079818B10999091AE7F7DAFEF4
:107B00001FB0BDE8F08F52493846EAF70FFB8246B6
:107B1000002800F0A980D8E900329A4200F04B8199
:107B2000224607A94046FFF79FFE00287FF47DAF5D
:107B3000484B00901A68484B0F90194604930DABC0
:107B40000968CDE90D00642000FB012003990DF1C7
:107B50001A020968FCF7FCFA8246002800F0E68168
:107B6000DDE90D31CA1A002A54DD002719AC15AD24
:107B700011AEB846DFF8ECA0CDF814901DE0EAF79E
:107B8000E1F8089B9DF87420143389F810200893BD
:107B9000204608F10108EAF709F93046EAF706F944
:107BA0002846EAF703F929481437DDE90D31CA1AE6
:107BB000921000FB02F290452ADA51462846EAF775
:107BC00031F9049B0A2230461968EAF757F9314621
:107BD0002846EAF751FA2149EAF756FA0D9939444D
:107BE000EAF74AFA01462046EAF78EF80D9ADDF8E0
:107BF000209021463A444846127C8DF87420099A18
:107C00009145BCD14946224607A8F8F7FBF8BFE7E3
:107C1000DDF81490994207D00D461C4620461434D6
:107C2000EAF7C4F8AC42F9D10D9800283FF4FDAE54
:107C30000F99091AE7F73EFEF7E600BFAC81012075
:107C400070E10020EC440120B76DDBB6CDCCCCCC8C
:107C5000406400202CC201209CE1002038790020E3
:107C60002C4C0120D86C0020CDE90A000C9038463D
:107C7000A149EAF75BFA044600285DD019AC9F4998
:107C80000DA8EAF7CFF80DA92046EAF73DF80A2338
:107C90008DF87430DDE908539D4200F01A812146C9
:107CA0002846EAF74FF8089B143308939DF8743080
:107CB0002B7415AD2046EAF779F891492846EAF782
:107CC000B1F807AB1D228F4920460095F8F73AF925
:107CD0002046EAF76BF82846EAF768F88A4B8B4AA1
:107CE00064201B681268039900FB023000230DF129
:107CF0001A02009307AB0968FCF72AFA002800F083
:107D00006B810DA8EAF752F8DDE90A8AD04508D060
:107D1000404608F11408EAF749F8D045F8D1DDF8F3
:107D200028A0BAF1000F3FF480AE0C995046A1EBA9
:107D30000A01E7F7BFFD78E6734B009064201A68EC
:107D4000724B039D19460AAB0491096800FB0120A0
:107D50000DF11A022968FCF7FBF900284AD115AD8C
:107D60006B4919AC2846EAF75DF839462846EAF728
:107D700083F96849EAF788F901462046E9F7C4FF24
:107D800005238DF87430DDE908639E4200F0AD8074
:107D900021463046E9F7D6FF089B143308939DF837
:107DA000743033742046EAF701F82846E9F7FEFFFD
:107DB000DDE90A8AAAE719AD57492846EAF732F8F9
:107DC0000523089C8DF87430099B9C4200F0878045
:107DD00029462046E9F7B6FF089B9DF87420143326
:107DE000227408932846E9F7E1FF039B1D68D5E953
:107DF00000462BE6DDE90A8AAAEB0801002985DDA9
:107E0000274615AD19AC11AEB846DDF810A0CDF877
:107E100014901DE0E9F796FF089A143208929DF835
:107E2000742089F81020204608F10108E9F7BEFF08
:107E30003046E9F7BBFF2846E9F7B8FF3748143763
:107E4000DDE90A218B1A9B1000FB03F398452ADA1F
:107E500033492846E9F7E6FF0A22DAF800103046EF
:107E6000EAF70CF831462846EAF706F92D49EAF711
:107E70000BF90A993944EAF7FFF801462046E9F779
:107E800043FF0A9ADDF8209021463A444846127C86
:107E90008DF87420099A9145BCD14946224607A81D
:107EA000F7F7B0FFBFE79046DDF814908A462DE75C
:107EB00019AD1C681C48DBF7FFFD01462846E9F7B1
:107EC000B1FF20462946F6F7D3FC2846E9F76EFFB6
:107ED00075E52946224607A8F7F794FFE9E62A4602
:107EE000214607A8F7F78EFF7CE73146224607A810
:107EF000F7F788FF56E700BFE8630020784C0020C2
:107F0000584D0020DC4401202CC201209CE10020BF
:107F1000604D00200047002030480020CDCCCCCC64
:107F2000D86C002038790020AC81012019AC15AD47
:107F30005B4911AE2046E9F775FF39462846E9F757
:107F4000E3FE29462046EAF797F801463046E9F76E
:107F5000DBFE2846E9F72AFF2046E9F727FFD8E9A4
:107F600000329A421CD055464E4F39462046E9F71A
:107F700059FFD8F800102046013501EB0A11EAF745
:107F80007BF801463046EDB2EAF764F82046E9F79F
:107F90000DFFAA46D8E900239B1AB5EB231FE4D3B3
:107FA00031462046E9F7B0FE05238DF87430DDE94F
:107FB00008539D426ED021462846E9F7C3FE089B30
:107FC000143308939DF874302B742046E9F7EEFEC5
:107FD0003046E9F7EBFEC3E5314911AE0490204687
:107FE000E9F720FF39462846E9F78EFE2946204664
:107FF000EAF742F801463046E9F786FE2846E9F7F7
:10800000D5FE2046E9F7D2FE049BD8E90021914233
:108010001ED01F46234D29462046E9F703FFD8F816
:10802000001020460AF1010A01EB0711EAF724F8D3
:10803000014630465FFA8AFAEAF70CF82046E9F77B
:10804000B5FE5746D8E900239B1ABAEB231FE2D3AB
:1080500031462046E9F758FE05238DF87430DDE9F6
:1080600008539D4210D021462846E9F76BFE089B35
:10807000143308939DF874302B742046E9F796FE6C
:108080003046E9F793FE3CE62946224607A8F7F773
:10809000B9FEF2E72946224607A8F7F7B3FE94E7B0
:1080A000644C0020104B0020036810B504460BB14F
:1080B0007430984794F87530803B7F2B44D8DFE8C4
:1080C00003F0404343434343434343434343434316
:1080D0004343C143434343434343434343434343F2
:1080E0004343BD43434343434343434343434343E6
:1080F0004343B143434343434343434343434343E2
:108100004343AD43434343434343434343434343D5
:108110004343A343434343434343434343434343CF
:1081200043438F43434343434343434343434343D3
:108130004343827E6E66434362435E5A56524E43C9
:108140004A44A368002B70D110BD236D002BFBD0D7
:10815000BDE810401847E36C002BF9D1F4E7A36C9D
:10816000002BF5D1F0E7636C002BF1D1ECE7E36B6A
:10817000002BEDD1E8E7236C002BE9D1E4E7A36BFA
:10818000002BE5D1E0E7636B002BE1D1DCE7236B4B
:10819000002BD9D094F87600BDE810401847E26A69
:1081A000002AD1D094F8773094F87600DB0100F003
:1081B0007F0003F47E53BDE8104018431047A36AC4
:1081C000002BE7D1C0E7636A002BBDD0B4F876106E
:1081D00004F178008029BDE8104028BF80211847AD
:1081E000226A002AB0D094F8771094F87630C9014A
:1081F00094F8740003F07F0301F47E511943BDE845
:108200001040A1F500511047E369002B9CD094F871
:10821000761094F87400BDE810401847A369002B4D
:10822000F5D191E76369002B8ED094F8772094F80C
:10823000761094F87400BDE8104018472369002BAD
:10824000F3D181E7E368002BEFD17DE738B5436DCB
:108250000446186803681B699847002800F0CA8024
:1082600094F80D31626D23F0010384F80D3110682C
:1082700003685B699847C3B2FD2B00F0BB80656E55
:10828000002D40F0B98094F8592084F85B3002F159
:108290000C01C9B2012940F23A81D10900F03781BD
:1082A000FD2A00F03481EF2A94BF02F0F00111465C
:1082B000B02904D040F24081E02940F0238100063B
:1082C00000F12781012184F85C30134684F85B209B
:1082D000616603F0F702F52A00F01E81EF2B94BFD0
:1082E00003F0F0001846A0F180027F2A00F214810A
:1082F000DFE812F08F0112011201120112011201C6
:1083000012011201120112011201120112011201D5
:10831000120112018F011201120112011201120148
:1083200012011201120112011201120112011201B5
:10833000120112018F011201120112011201120128
:108340001201120112011201120112011201120195
:10835000120112018F011201120112011201120108
:108360001201120112011201120112011201120175
:1083700012011201990112011201120112011201DE
:108380001201120112011201120112011201120155
:1083900012011201990112011201120112011201BE
:1083A0001201120112011201120112011201120135
:1083B000120112018F0112011201120112011201A8
:1083C0001201120112011201120112011201120115
:1083D000120112019D0199018F01990112011201EF
:1083E0007B019D017B017B017B017B017B011201F4
:1083F0007B017B01002038BD02065CD494F85B2031
:10840000F02A00F0A280F72A00F09F80621982F81B
:108410005B30226E511E8D42C0F09E8094F85B50FE
:10842000F02D00F0AB80F72D00F0A880EB0900F0F4
:10843000EA80F42D00F0E78005F0F703F52B00F05B
:10844000E280EF2D94BF05F0F0032B46B02B84F8AB
:10845000753004D000F21C81A02B40F0138105F090
:108460000F010131032A84F8741094F85C10C4F8E9
:10847000FC204FF0010284F8761014BF002194F81C
:108480005D10B02B84F8F82084F877104FF00001CD
:10849000C4E9181100F0DB8000F2D280A02B00F0BC
:1084A000D68003F0EF03802B00F0D1800023012061
:1084B00084F8593038BDA3F1F0020F2A9ED801A1EB
:1084C00051F822F0DB6502002964020029640200F1
:1084D0002964020029640200296402002964020060
:1084E000DB6502008D6502008D6502008D6502006E
:1084F0008D6502008D650200296402008D65020011
:108500008D65020001F0EF01C0293FF4D8AE0106ED
:1085100002D5F42B7FF4DDAE94F90D01636840F0D1
:10852000010084F80D0103B198470023184684F830
:108530005930C4E9183338BDA0293FF4C0AE01F06A
:10854000EF0180293FF4BBAEE1E7621982F8783091
:10855000226E013A954211D201350020656638BD80
:108560000122002184F875301046A4F8761084F8B2
:108570007410C4F8FC2084F8F82038BDF021802263
:108580000123484894F8F75060672046C4F8FC205F
:1085900084F8F83084F8F710FFF786FDF7220223FD
:1085A000002084F8782084F87950636638BD94F808
:1085B0007800F72818BFF0280CBF01200020ABD1AD
:1085C0006A1C25444FF4704185F878300023A4F8E4
:1085D0007620C4F8FC200122A4F87410636684F8A5
:1085E000F820236684F8593038BD0023012284F82E
:1085F000750084F874301046A4F8763084F8F820BA
:10860000C4E9183338BD00210B4684F875100021E9
:1086100028E7032202212266626E8A421BD20132BF
:108620000020626638BD022201212266F4E7802123
:10863000002284F8780021667F2184F85920EBE736
:10864000E02B04D003F0EF03C02B7FF42FAF012009
:1086500084F8595038BD012203F00F03002194F82B
:108660005C50134484F8750084F87650104684F802
:10867000771084F87430C4F8FC2084F8F820C4E93A
:10868000181138BD03F0EF0180293FF4E8AEBEE7D2
:10869000E02B3FF4E4AE03F0EF01C0293FF4DFAE7E
:1086A000B5E700BF00F0800090F87030DA0718D509
:1086B00013F0FE0F15D090F875C08CF08002602A80
:1086C000F0B5044683B00DD890F874508D4253D065
:1086D000002951D05B08012B55D0032B74D003B077
:1086E000F0BD7047BCF1F10F1CD90CF10E03012253
:1086F00043F25071DBB202FA03F30B422BD00CF1C0
:108700000803DBB2072BEAD8DD2222FA03F3DB07EA
:10871000E5D5436D6146186803681B6803B0BDE882
:10872000F0401847BCF1F00F37D0BCF1F10FD6D1B3
:1087300094F876306146406D94F877201D0100680A
:1087400002F00F0205F07005036815431B68984797
:10875000636D2946DFE7DA073FD4BCF1F30FBED1E2
:10876000436D614690F87650186803681B68984717
:10877000636D05F07F01CEE7C3F346037F3303F05B
:108780007F03012BABD894F87730614694F87620BC
:1087900020460095EBF772FBA1E7B0F87630802B0E
:1087A0001F4628BF8027002B99D000F17706636D04
:1087B000354616F8011F1868763D03682D1B1B68A7
:1087C0009847AF42F3D88AE794F87730614694F837
:1087D00076200095EBF752FB81E7426DF22190F88D
:1087E000773090F87650106845EAC31503681B6827
:1087F0009847636D05F07F01186803681B68984708
:10880000636DC5F3C61186E7F0B53F4885B03F4CB0
:10881000DAF7E4FC0020E8F7EBFCE5F769FD2368F4
:10882000C01A31284DD83A4C94F85850102D26D9FA
:10883000384FD7E900031B1A002B0FDD0024364EFA
:10884000254620440135F2F763FC6434D7E9000380
:108850001B1A9B1006FB03F39D42F2DBE5F748FD74
:108860002E4A2F4913680968C31A8B4247D23B68C6
:108870001B68DB6819698B7F5BBB05B0F0BD2046C8
:10888000FFF7E4FC0028D3D094F87530902B0BD080
:1088900083F08003602B0DD91D48FFF705FC2946A6
:1088A0001B48FFF701FFC3E794F8773013B9802323
:1088B00084F8753094F87430AB42EDD0002DEED1D1
:1088C000EAE7184B1868F6F7FFFEE5F711FD2060A0
:1088D000A9E720316846E9F717FA69460A48E7F739
:1088E0003BFA0948E7F75EFA6846E9F75FFA3B6842
:1088F00000221B68DB681B699A7705B0F0BD106029
:10890000FFF752F8B3E700BF6061012084E1002067
:1089100018C800202CC20120295C8FC248440120C5
:108920006CB4002080E100202DE9F043D14C87B0E9
:10893000D14E0125DFF8708400212046CF4FE9F7A2
:1089400071FA32464146204601F020FE2B46009542
:1089500042F20401CA4A0024CA48DAF7DBFADFF817
:108960004C94C94B42F2020102954846019400938F
:108970003B46C64ADBF7E8F84946C54B42F20202DD
:10898000DFF82C940294CDF804900093C148C24BB8
:10899000CDE90344DCF7FCFC2B46009542F20401D0
:1089A000BE4ABF48DAF7B6FABE4BBF4A42F20201EE
:1089B00000933B46CDE90145BC4D2846DBF7C4F8A2
:1089C000BB4B42F202022946CDF804900294009378
:1089D000B848B94BB94DDFF8DC93CDE90344DCF777
:1089E000D7FCE5F785FCB64BB64918602846E9F791
:1089F00019FA494605F11000E9F714FAB24905F1F0
:108A00002000E9F70FFAB14905F13000E9F70AFA59
:108A1000AF4905F14000E9F705FAAE4905F150000C
:108A2000E9F700FAAC4905F16000E9F7FBF9AB4959
:108A300005F17000E9F7F6F9A94905F18000E9F7B9
:108A4000F1F9A84905F19000E9F7ECF905F1A0006A
:108A5000A549A64DE9F7E6F93246A549204601F0B9
:108A600095FDA4492846E9F7DDF9494605F11000CE
:108A7000DFF84493E9F7D6F99F4905F12000E9F7BB
:108A8000D1F99E4905F13000E9F7CCF99C4905F18F
:108A90004000E9F7C7F99B4905F15000E9F7C2F931
:108AA000994905F16000E9F7BDF9984905F17000B1
:108AB000E9F7B8F9964905F18000E9F7B3F9954966
:108AC00005F19000E9F7AEF905F1A0009249E9F748
:108AD000A9F932469149204601F058FD904D39469A
:108AE0004846E9F79FF932464146484601F04EFDB7
:108AF000394628468B4FE9F795F9324641462846D4
:108B000001F044FD8848894D324689498460DFF888
:108B1000AC82884EDFF8A892C0E9004401F036FD2F
:108B200085492846854CE9F77DF9854905F110000E
:108B3000E9F778F9834905F12000E9F773F98249EB
:108B400005F13000E9F76EF9804905F14000E9F7D9
:108B500069F97F4905F15000E9F764F9414605F1EB
:108B60006000E9F75FF97B4905F17000E9F75AF910
:108B7000794905F18000E9F755F9784905F1900048
:108B8000E9F750F9314605F1A000E9F74BF97449CE
:108B900005F1B000E9F746F9724905F1C000E9F7BF
:108BA00041F9714905F1D000E9F73CF9314605F189
:108BB000E000E9F737F96D4905F1F000E9F732F91E
:108BC0006B4905F58070E9F72DF96A4905F588705C
:108BD000E9F728F9314605F59070E9F723F9664978
:108BE00005F59870E9F71EF9644905F5A070E9F7F5
:108BF00019F9634905F5A870E9F714F9314605F547
:108C0000B070E9F70FF95F4905F5B870E9F70AF9AF
:108C10005D4905F5C070E9F705F95C4905F5C870CF
:108C2000E9F700F9214605F5D070E9F7FBF8584956
:108C300005F5D870E9F7F6F8564905F5E070E9F75B
:108C4000F1F8554905F5E870E9F7ECF8314605F516
:108C5000F070E9F7E7F8514905F5F870E9F7E2F83F
:108C60004F4905F50070E9F7DDF84E4905F5047048
:108C7000A8E000BF8CE10020DCAE0020805F002077
:108C8000A86101206061012054260020F8810120A4
:108C90006C260020AC81012028A201206CE300207A
:108CA00024E3002078260020BC030120C0230120FB
:108CB0009826002070030120EC230120B0E1002061
:108CC00064C20120AC260020B8260020C426002063
:108CD000D026002054290020DC260020E826002091
:108CE000FC26002004270020E863002060E200202A
:108CF000551A0100102700201427002018270020F3
:108D00001C270020202700202427002028270020BF
:108D10002C2700203027002034270020391A01009A
:108D2000F0430120F829002074E100201C4C0120B0
:108D3000191F010090270020B432002000470020B6
:108D4000382700203C2700204427002064670020AB
:108D50006427002070270020406900208827002019
:108D6000982700204C690020D0270020D827002019
:108D70005869002010280020182800207C69002055
:108D8000502800205828002064690020B8280020BE
:108D9000C0280020606A0020E4280020EC28002081
:108DA0000C67002038290020D9FD0000FCA101201B
:108DB0006C780020B4260020A0E100206C27002061
:108DC000002C0020E9F72EF8314605F50870E9F788
:108DD00029F8D84905F50C70E9F724F8D64905F5C6
:108DE0001070E9F71FF8D54905F51470E9F71AF87E
:108DF000314605F51870E9F715F8D14905F51C70ED
:108E0000E9F710F8CF4905F52070E9F70BF8CE49DE
:108E100005F52470E9F706F8314605F52870E9F7FD
:108E200001F8CA4905F52C70E8F7FCFFC84905F5BB
:108E30003070E8F7F7FFC74905F53470E8F7F2FF3F
:108E4000394605F53870E8F7EDFFC34905F53C7084
:108E5000E8F7E8FFC14905F54070E8F7E3FFC049CE
:108E600005F54470E8F7DEFF394605F54870E8F788
:108E7000D9FFBC4905F54C70E8F7D4FFBA4905F5B0
:108E80005070E8F7CFFFB94905F55470E8F7CAFF0D
:108E9000394605F55870E8F7C5FFB54905F55C702A
:108EA000E8F7C0FFB34905F56070E8F7BBFFB249CA
:108EB00005F56470E8F7B6FFB04905F56870E8F7A6
:108EC000B1FFAF4905F56C70E8F7ACFFAD4905F5AA
:108ED0007070E8F7A7FFAC4905F57470E8F7A2FFDA
:108EE000494605F57870E8F79DFFA84905F57C70BF
:108EF000E8F798FFA64905F58060E8F793FFA549D4
:108F000005F58260E8F78EFFA34905F58460E8F770
:108F100089FFA24905F58660E8F784FFA04905F5B9
:108F20008860E8F77FFF9F4905F58A60E8F77AFFD8
:108F3000494605F58C60E8F775FF9B4905F58E609D
:108F4000E8F770FF994905F59060E8F76BFF9849DD
:108F500005F59260E8F766FF964905F59460E8F735
:108F600061FF954905F59660E8F75CFF934905F5C3
:108F70009860E8F757FF924905F59A60E8F752FFC5
:108F8000394605F59C608F4FE8F74CFF8E4905F593
:108F90009E60E8F747FF8D4905F5A060E8F742FFBE
:108FA0008B4905F5A260E8F73DFF8A4905F5A46005
:108FB000E8F738FF884905F5A660E8F733FF8749E9
:108FC00005F5A860E8F72EFF854905F5AA60E8F7E2
:108FD00029FF844905F5AC60E8F724FF824905F5CF
:108FE000AE60E8F71FFF814905F5B060E8F71AFFAA
:108FF0007F4905F5B260E8F715FF7E4905F5B460D5
:10900000E8F710FF7C4905F5B660E8F70BFF7B49F0
:1090100005F5B860E8F706FF794905F5BA60E8F7A5
:1090200001FF214605F5BC60E8F7FCFE754905F532
:10903000BE60E8F7F7FE744905F5C060E8F7F2FE98
:10904000724905F5C260E8F7EDFE714905F5C460A7
:10905000E8F7E8FE6F4905F5C660E8F7E3FE6E49FC
:1090600005F5C860E8F7DEFE6C4905F5CA60E8F76B
:10907000D9FE6B4905F5CC60E8F7D4FE694905F5E2
:10908000CE60E8F7CFFE684905F5D060E8F7CAFE84
:10909000664905F5D260E8F7C5FE214605F5D460BE
:1090A000E8F7C0FE624905F5D660E8F7BBFE614906
:1090B00005F5D860E8F7B6FE5F4905F5DA60E8F730
:1090C000B1FE214605F5DC60E8F7ACFE5B4905F52D
:1090D000DE60E8F7A7FE5A4905F5E060E8F7A2FE72
:1090E000584905F5E260E8F79DFE214605F5E46084
:1090F000E8F798FE544905F5E660E8F793FE534912
:1091000005F5E860E8F78EFE514905F5EA60E8F7F5
:1091100089FE214605F5EC60E8F784FE4D4905F52A
:10912000EE60E8F77FFE4C4905F5F060E8F77AFE5F
:1091300094E000BF40290020346700205C29002013
:109140006029002094690020A4290020A82900207B
:1091500074670020F4290020FC290020AC6700205F
:10916000B02A0020B82A0020E02B0020182B002075
:10917000202B0020046D0020902B0020982B002035
:10918000A02B0020FC680020F82B0020102C0020D1
:10919000F06D0020802C0020882C0020902C0020D6
:1091A0001C690020E02C0020E82C0020E068002052
:1091B000642D00206C2D0020702D00203C6B0020C1
:1091C000A42D002088340020A82D0020706B0020E2
:1091D000886B0020CC2D0020E02D0020FC6B0020AF
:1091E000182E0020202E0020302E00201C6C002085
:1091F000B02E0020B82E0020C02E0020606C002071
:10920000342F00203C2F0020806C00207C2F002079
:10921000842F0020902F0020A06C00201030002010
:10922000584E002018300020086600206C300020C6
:109230007030002098660020A0300020A43000206C
:10924000C0660020FC30002000310020D8660020DD
:10925000383100203C3100207C660020D94905F5DA
:10926000F260E8F7DFFD314605F5F460D64EE8F729
:10927000D9FDD64905F5F660E8F7D4FDD44905F5E2
:10928000F860E8F7CFFDD34905F5FA60E8F7CAFDC5
:10929000214605F5FC60E8F7C5FDCF4905F5FE6000
:1092A000E8F7C0FDCD4905F50060E8F7BBFDCC4906
:1092B00005F50160E8F7B6FD214605F50260E8F71F
:1092C000B1FDC84905F50360E8F7ACFDC64905F5F1
:1092D0000460E8F7A7FDC54905F50560E8F7A2FDBC
:1092E000214605F50660E8F79DFDC14905F50760D3
:1092F000E8F798FDBF4905F50860E8F793FDBE491A
:1093000005F50960E8F78EFD214605F50A6005F5CB
:109310001164E8F787FDB94905F50B60E8F782FDB0
:10932000B74905F50C60E8F77DFDB64905F50D6018
:10933000E8F778FD414605F50E60DFF8A883E8F709
:1093400071FDB14905F50F60E8F76CFDAF4905F512
:109350001060E8F767FDAE492046E8F763FD314647
:1093600005F51260E8F75EFDAA4905F51360E8F718
:1093700059FDA94905F51460E8F754FDA74905F51D
:109380001560E8F74FFDA64905F51660E8F74AFDB8
:10939000A44905F51760E8F745FDA34905F51860F0
:1093A000E8F740FDA14905F51960E8F73BFD3146B6
:1093B00005F51A60E8F736FD9D4905F51B60E8F7ED
:1093C00031FD9C4905F51C60E8F72CFD9A4905F52F
:1093D0001D60E8F727FD314605F51E60E8F722FD20
:1093E000964905F51F60964DE8F71CFD954904F177
:1093F000F000E8F717FD944904F58070E8F712FDD6
:10940000924904F58870E8F70DFD914904F59070D4
:10941000E8F708FD8F4904F59870E8F703FD8E49D9
:1094200004F5A070E8F7FEFC294604F5A870E8F7FB
:10943000F9FC8A4904F5B070E8F7F4FC884904F5B2
:10944000B870E8F7EFFC874904F5C070E8F7EAFC6C
:10945000394604F5C870E8F7E5FC834904F5D07097
:10946000E8F7E0FC814904F5D870E8F7DBFC8049B7
:1094700004F5E070E8F7D6FC394604F5E8707D4F56
:10948000E8F7D0FC7C4904F5F070E8F7CBFC7B49A9
:1094900004F5F870E8F7C6FC794904F50070E8F7C0
:1094A000C1FC784904F50470E8F7BCFC764904F582
:1094B0000870E8F7B7FC754904F50C70E8F7B2FCE2
:1094C000734904F51070E8F7ADFC394604F51470E3
:1094D000E8F7A8FC6F4904F51870E8F7A3FC6E499B
:1094E00004F51C70E8F79EFC6C4904F52070E8F761
:1094F00099FC394604F52470694FE8F793FC6949F3
:1095000004F52870E8F78EFC674904F52C70E8F73D
:1095100089FC664904F53070E8F784FC644904F579
:109520003470E8F77FFC634904F53870E8F77AFC9B
:10953000614904F53C70E8F775FC604904F540703A
:10954000E8F770FC314604F54470E8F76BFC5C49C1
:1095500004F54870E8F766FC5A4904F54C70E8F7E2
:1095600061FC594904F55070E8F75CFC314604F59C
:109570005470E8F757FC554904F55870E8F752FC69
:10958000534904F55C70E8F74DFC524904F56070EE
:10959000E8F748FC414604F56470E8F743FC4E499F
:1095A00004F56870E8F73EFC4C4904F56C70E8F788
:1095B00039FC4B4904F57070E8F734FC414604F57A
:1095C000747091E074310020383300207C31002029
:1095D000946E0020D4310020D8310020AC690020E6
:1095E0001C32002020320020FC690020783200204C
:1095F0007C320020D0690020B8320020BC3200202C
:1096000050670020FC320020003300201C33002073
:109610003033002040330020786A0020943300204B
:1096200098330020A4330020886A0020F033002003
:10963000F83300209C6A00201834002020340020D9
:1096400000470020DC6C002040340020443400201F
:109650004C340020F0660020603400206434002088
:10966000EC6C0020843400208C340020206D00201D
:10967000406D00205C350020AC340020486D002097
:10968000F83400200035002008350020646D0020EB
:10969000543500206C350020846D0020D03500202A
:1096A000443A0020D8350020A86D00204036002024
:1096B000483600205836002044680020F03600204C
:1096C000F43600206068002034370020383700204E
:1096D0007C680020683700206C37002094680020E8
:1096E000A83700206C2D0020E8F79CFBD84904F532
:1096F0007870E8F797FBD74904F57C70E8F792FBA0
:10970000D54904F58060E8F78DFB314604F58260A9
:10971000E8F788FBD14904F58460E8F783FBD0497A
:1097200004F58660E8F77EFBCE4904F58860E8F72B
:1097300079FB314604F58A60E8F774FBCA4904F501
:109740008C60E8F76FFBC94904F58E60E8F76AFBA7
:10975000C74904F59060E8F765FB314604F592606F
:10976000E8F760FBC34904F59460E8F75BFBC24986
:1097700004F59660E8F756FBC04904F59860E8F7F1
:1097800051FBBF4904F59A60E8F74CFBBD4904F56D
:109790009C60E8F747FBBC4904F59E60E8F742FB94
:1097A000BA4904F5A060E8F73DFBB94904F5A260A9
:1097B000E8F738FBB74904F5A460E8F733FBB6498E
:1097C00004F5A660E8F72EFBB44904F5A860E8F7B5
:1097D00029FB414604F5AA60E8F724FBB04904F5EB
:1097E000AC60E8F71FFBAF4904F5AE60E8F71AFB81
:1097F000AD4904F5B060E8F715FBAC4904F5B2607B
:10980000E8F710FBAA4904F5B460E8F70BFBA94997
:1098100004F5B660E8F706FBA74904F5B860E8F779
:1098200001FB314604F5BA60E8F7FCFAA34904F5F8
:10983000BC60E8F7F7FAA24904F5BE60E8F7F2FA6F
:10984000A04904F5C060E8F7EDFA9F4904F5C2604D
:10985000E8F7E8FA9D4904F5C460E8F7E3FA9C49A3
:1098600004F5C660E8F7DEFA9A4904F5C860E8F73F
:10987000D9FA394604F5CA60E8F7D4FA964904F5EE
:10988000CC60E8F7CFFA954904F5CE60E8F7CAFA5C
:10989000934904F5D060E8F7C5FA394604F5D2607B
:1098A000904FE8F7BFFA904904F5D460E8F7BAFAA8
:1098B0008E4904F5D660E8F7B5FA8D4904F5D8600D
:1098C000E8F7B0FA8B4904F5DA60E8F7ABFA8A49B1
:1098D00004F5DC60E8F7A6FA884904F5DE60E8F7ED
:1098E000A1FA874904F5E060E8F79CFA854904F598
:1098F000E260E8F797FA844904F5E460E8F792FA41
:10990000824904F5E660E8F78DFA814904F5E860DC
:10991000E8F788FA314604F5EA60E8F783FA7D490A
:1099200004F5EC60E8F77EFA7B4904F5EE60E8F7B1
:1099300079FA7A4904F5F060E8F774FA394604F5E3
:10994000F260E8F76FFA764904F5F460E8F76AFA2E
:10995000744904F5F660E8F765FA734904F5F860B0
:10996000E8F760FA394604F5FA60E8F75BFA6F4900
:1099700004F5FC60E8F756FA6D4904F5FE60E8F777
:1099800051FA6C4904F50060E8F74CFA394604F5E1
:109990000160E8F747FA684904F50260E8F742FA1F
:1099A000664904F50360E8F73DFA654904F504608B
:1099B000E8F738FA394604F50560E8F733FA614903
:1099C00004F50660E8F72EFA5F4904F50760E8F74A
:1099D00029FA5E4904F50860E8F724FA394604F5E7
:1099E0000960E8F71FFA5A4904F50A60E8F71AFA1D
:1099F000584904F50B60E8F715FA574904F50C606F
:109A0000E8F710FA394604F50D60544FE8F70AFA02
:109A1000534904F50E60E8F705FA524904F50F6062
:109A2000E8F700FA504904F51060E8F7FBF9314611
:109A300004F51160E8F7F6F94C4904F51260E8F70F
:109A4000F1F94B4904F51360E8F7ECF992E000BF37
:109A5000AC370020D86A0020E8370020F03700201B
:109A6000F86A0020143800201C3800201C6B0020ED
:109A700040380020483800207C6E002064380020E8
:109A80006C38002078380020606E0020B438002048
:109A9000BC380020C8380020B0680020F43800200E
:109AA000F83800203039002010390020F829002033
:109AB00014390020F8670020F42B00203C390020E6
:109AC0000C6800209039002094390020983900203B
:109AD000106E0020403A0020503A00202C6E0020EA
:109AE000743A00206C270020783A0020406E002055
:109AF0009C3A0020A03A0020A83A002024680020C8
:109B0000C83A0020D0740020CC3A0020B86400206D
:109B1000643B0020683B0020D06400207C3B002098
:109B2000803B0020E8640020B03B0020B43B0020D4
:109B300000650020E43B0020E83B00201465002085
:109B4000103C0020143C00202C650020543C0020D8
:109B5000583C002044650020983C0020B9E50000F6
:109B60009C3C00205C650020DC3C0020E43C0020A4
:109B700074650020D84904F51460E8F753F93146BC
:109B800004F51560E8F74EF9D44904F51660E8F7D6
:109B900049F9D34904F51760E8F744F9D14904F5C8
:109BA0001860E8F73FF9314604F51960E8F73AF92B
:109BB000CD4904F51A60E8F735F9CC4904F51B6086
:109BC000E8F730F9CA4904F51C60E8F72BF941467B
:109BD00004F51D60DFF81884E8F724F9C54904F599
:109BE0001E60E8F71FF9C44904F51F60E8F71AF989
:109BF000C24904F52060E8F715F9314604F5216003
:109C0000BF4EE8F70FF9BF4904F52260E8F70AF9FB
:109C1000BD4904F52360E8F705F9BC4904F5246063
:109C2000E8F700F9294604F52560E8F7FBF8B8499C
:109C300004F52660E8F7F6F8B64904F52760E8F77A
:109C4000F1F8B54904F52860E8F7ECF8294604F581
:109C50002960E8F7E7F8B14904F52A60E8F7E2F887
:109C6000AF4904F52B60E8F7DDF8AE4904F52C6048
:109C7000E8F7D8F8314604F52D60E8F7D3F8AA499B
:109C800004F52E60E8F7CEF8A84904F52F60E8F750
:109C9000C9F8A74904F53060E8F7C4F8314604F57F
:109CA0003160A44EE8F7BEF8A34904F53260E8F746
:109CB000B9F8A24904F53360E8F7B4F8A04904F50F
:109CC0003460E8F7AFF8294604F53560E8F7AAF8FC
:109CD0009C4904F53660E8F7A5F89B4904F5376020
:109CE000E8F7A0F8994904F53860E8F79BF8984937
:109CF00004F53960E8F796F8964904F53A60E8F714
:109D000091F8954904F53B60E8F78CF8934904F520
:109D10003C60E8F787F8294604F53D60E8F782F8EB
:109D20008F4904F53E60E8F77DF88E4904F53F6001
:109D3000E8F778F88C4904F54060E8F773F82946AD
:109D400004F541600025E8F76DF8884904F54260A4
:109D5000874CE8F767F832468649284600F016FC3B
:109D60008548324685498560C0E9005500F00EFC03
:109D70008348324683498560C0E9005500F006FCFF
:109D8000814A824B2946A4F8585004F178001360A8
:109D90004FF6FF7384F85A506567C4F8F850C4E969
:109DA0001A330323C4E9145284F870308022C4E9C2
:109DB0000055C4E90255C4E90455C4E90655C4E98F
:109DC0000855C4E90A55C4E90C55C4E90E55C4E95F
:109DD0001055C4E91255C4E9185510F0BDFB3246C0
:109DE000C4F808512046A4F80C516949C4E940550B
:109DF00000F0CCFB32463946664800F0C7FB3246DD
:109E00003946654800F0C2FB32463946634800F0E7
:109E1000BDFB32463946624800F0B8FB324639464F
:109E2000604800F0B3FB324639465F485F4C00F0B3
:109E3000ADFB324639465E4800F0A8FB3246394653
:109E40005C4800F0A3FB5C4FE4F792FB5B492046C3
:109E5000E7F7E8FF5A4904F11000E7F7E3FF594933
:109E600004F12000E7F7DEFF574904F13000E7F77F
:109E7000D9FF564904F14000E7F7D4FF544904F1F3
:109E80005000E7F7CFFF534904F16000E7F7CAFF3E
:109E9000514904F17000E7F7C5FF504904F1800013
:109EA000E7F7C0FF4E4904F19000E7F7BBFF3946E2
:109EB00004F1A000E7F7B6FF4A4904F1B000E7F764
:109EC000B1FF494904F1C000E7F7ACFF474904F18D
:109ED000D000E7F7A7FF8DE0FC3C0020043D002008
:109EE0008C6500201C3D0020203D0020A065002046
:109EF000E4660020343D0020B0650020583D00207D
:109F0000783E00205C3D0020BC650020D03D002054
:109F1000D43D0020E4650020E03D0020E43D002029
:109F20004C640020FC3D0020003E00209C6400208A
:109F3000243E0020DCAE0020283E00205864002093
:109F40003C3E0020403E002070640020843E002003
:109F5000883E0020C03E002080640020E43E0020B7
:109F6000E83E002024670020E04E0020143F00203F
:109F700018C80020411E01002CC20120099F0100C9
:109F800004440120A51A01005C610120ECCE0020F0
:109F9000351A010010B8002018B8002020B80020A1
:109FA00028B8002030B8002038B80020DC44012058
:109FB00040B8002048B8002000470020406400203E
:109FC000383F0020AC2600203C3F00208048002085
:109FD000C4A400203C270020883F0020984A00208D
:109FE000B03F0020B43F0020884800209448002063
:109FF000F8290020D84904F1E000E7F713FFD7491A
:10A0000004F1F000E7F70EFFD54904F58070E7F79B
:10A0100009FFD44904F58870E7F704FF394604F5D1
:10A020009070E7F7FFFED04904F59870E7F7FAFE65
:10A03000CE4904F5A070E7F7F5FECD4904F5A87008
:10A04000E7F7F0FE394604F5B070E7F7EBFEC949D3
:10A0500004F5B870E7F7E6FEC74904F5C070E7F706
:10A06000E1FEC64904F5C870E7F7DCFE394604F5A1
:10A07000D070E7F7D7FEC24904F5D870E7F7D2FEF3
:10A08000C04904F5E070E7F7CDFEBF4904F5E8707C
:10A09000E7F7C8FE394604F5F070E7F7C3FEBB49A1
:10A0A00004F5F870E7F7BEFEB94904F50070E7F76C
:10A0B000B9FEB84904F50470E7F7B4FEB64904F5F3
:10A0C0000870E7F7AFFEB54904F50C70E7F7AAFE94
:10A0D000B34904F51070E7F7A5FEB24904F5147012
:10A0E000E7F7A0FE414604F51870E7F79BFEAE497E
:10A0F00004F51C70E7F796FEAC4904F52070E7F70D
:10A1000091FEAB4904F52470E7F78CFE394604F55F
:10A110002870E7F787FEA74904F52C70E7F782FE61
:10A12000A54904F53070E7F77DFEA44904F53470C5
:10A13000E7F778FE414604F53870DFF84483E7F727
:10A1400071FE9F4904F53C70E7F76CFE9D4904F5EC
:10A150004070E7F767FE9C4904F54470E7F762FE3C
:10A16000394604F54870E7F75DFE984904F54C70F0
:10A17000E7F758FE964904F55070E7F753FE954906
:10A1800004F55470E7F74EFE414604F55870E7F7C2
:10A1900049FE914904F55C70E7F744FE8F4904F5E8
:10A1A0006070E7F73FFE8E4904F56470E7F73AFE0A
:10A1B0008C4904F56870E7F735FE8B4904F56C703F
:10A1C000E7F730FE894904F57070E7F72BFE884900
:10A1D00004F57470E7F726FE864904F57870E7F712
:10A1E00021FE854904F57C70E7F71CFE834904F5E0
:10A1F0008060E7F717FE824904F58260E7F712FEF8
:10A20000394604F58460E7F70DFE7E4904F5866063
:10A21000E7F708FE7C4904F58860E7F703FE7B4911
:10A2200004F58A60E7F7FEFD394604F58C60E7F730
:10A23000F9FD774904F58E60E7F7F4FD754904F5FB
:10A240009060E7F7EFFD744904F59260E7F7EAFDE7
:10A25000724904F59460E7F7E5FD714904F59660ED
:10A26000E7F7E0FD6F4904F59860E7F7DBFD6E491D
:10A2700004F59A60E7F7D6FD6C4904F59C60E7F7B2
:10A28000D1FD6B4904F59E60E7F7CCFD694904F503
:10A29000A060E7F7C7FD684904F5A260E7F7C2FDD3
:10A2A000664904F5A460E7F7BDFD294604F5A660FC
:10A2B000E7F7B8FD624904F5A860E7F7B3FD614927
:10A2C00004F5AA60E7F7AEFD5F4904F5AC60E7F777
:10A2D000A9FD5E4904F5AE60E7F7A4FD5C4904F50D
:10A2E000B060E7F79FFD5B4904F5B260E7F79AFDC0
:10A2F000594904F5B460E7F795FD584904F5B6608F
:10A30000E7F790FD564904F5B860E7F78BFD55492E
:10A3100004F5BA60E7F786FD534904F5BC60E7F73A
:10A3200081FD524904F5BE60E7F77CFD504904F514
:10A33000C060E7F777FD4F4904F5C260E7F772FDAB
:10A340004D4904F5C460E7F76DFD4C4904F5C6605E
:10A35000E7F768FD96E000BFE43F00203C400020A6
:10A36000B048002070400020744000208849002040
:10A3700098400020A0400020A8490020C0400020B4
:10A38000C8400020C8490020E8400020F0400020DC
:10A39000F44800200C4100201041002024410020FE
:10A3A000C04A00204441002048410020F44A0020D7
:10A3B0006C41002074410020144B00209441002087
:10A3C0009C410020744B0020C4410020CC4100205F
:10A3D000A84A0020F8410020004200201049002037
:10A3E000784200207C420020A442002058490020EE
:10A3F000E4420020EC420020F8420020A44B002060
:10A400000C43002014430020C84B00205043002080
:10A4100054430020DC4B0020C84300206C27002060
:10A42000D0430020FC4B0020FC43002000440020CF
:10A43000184400200C4C0020684400206C4400208C
:10A44000F44B0020A0440020A8440020B844002081
:10A45000204C00200C4500201445002068450020B9
:10A460002C4C0020844500208C450020984500207D
:10A47000EC490020602D002038330020D845002012
:10A4800010440020304904F5C860E7F7CBFC2F49A1
:10A4900004F5CA60E7F7C6FC394604F5CC602C4FDA
:10A4A000E7F7C0FC2B4904F5CE60E7F7BBFC2A496F
:10A4B00004F5D060E7F7B6FC284904F5D260E7F769
:10A4C000B1FC274904F5D460E7F7ACFC254904F555
:10A4D000D660E7F7A7FC244904F5D860E7F7A2FCAB
:10A4E000224904F5DA60E7F79DFC214904F5DC60B8
:10A4F000E7F798FC1F4904F5DE60E7F793FC39465F
:10A5000004F5E060E7F78EFC394604F5E260E7F712
:10A5100089FC414604F5E460E7F784FC164904F53C
:10A52000E660E7F77FFC32461449284600F02EF833
:10A53000134A144B12681A60E3F7DAFE124B1860E4
:10A5400007B0BDE8F08300BF184A0020DC7400208B
:10A550005C4C0020EC450020584A002000460020BA
:10A560000846002010460020544C0020544600208D
:10A570006C2D0020584600207C460020711A0100F6
:10A580003CC2012068C2012084E100200346084645
:10A59000194610F033B800BF08B5042000F0F4F8F5
:10A5A000024B034A0349036000F0A2FD048D002022
:10A5B0006D8602009487002008B5042000F0E4F8BE
:10A5C000024B034A0349036000F092FDF08C002027
:10A5D000A58602008887002010B582B0019008206F
:10A5E00000F0D2F80199044600F08AFF044A0549B8
:10A5F000204600F07DFD204600F0DEF800F000F976
:10A600001D9402006487002010B582B001900820DC
:10A6100000F0BAF80199044600F0B2FF044A054977
:10A62000204600F065FD204600F0C6F800F0E8F88E
:10A630005D9402007087002000487047CC8600209F
:10A6400010B5034B0360044600F0A2F9204610BD8C
:10A65000048D002010B5054B0360044600F098F906
:10A6600020460421E5F726F9204610BD048D002080
:10A6700000487047B086002010B5034B03600446C5
:10A68000FFF7DEFF204610BDF08C002010B5054B13
:10A6900003600446FFF7D4FF20460421E5F70AF9DA
:10A6A000204610BDF08C002020494B6830B550F892
:10A6B000085CA0F108045BB304EB050E734527D8D2
:10A6C00021D05A6801F1040C32B90FE0516803F14E
:10A6D000040C21B313460A469645F7D304BFDEE9BE
:10A6E00000215960DCF8003008BFAD181A689918CD
:10A6F0008C4211D05B6840F8043CDCF8003040F834
:10A70000085C5C6030BD1A685B682A4440F8082C1D
:10A7100040F8043C4C6030BD2A441A6030BD5B6890
:10A720001A6899188C42E5D1F6E700BFD8DD002001
:10A73000144900F108034868082B38BF0823F8B112
:10A74000073323F00703043102E0011D406880B1A4
:10A7500002689342F9D830B4D41A072C0AD9C51824
:10A7600042686A60C450086803600D60083030BCFD
:10A7700070477047456802600D60083030BC704714
:10A78000704700BFD8DD002010B500F180042046DE
:10A790000FF056FB034630B18022002118460FF01F
:10A7A000DBFE803010BD2046FFF7C2FF03460028C5
:10A7B000F2D100F023FC00BF064A9368803898422B
:10A7C00005D9D2681344984201D2FFF76DBF0FF04C
:10A7D0003FBB00BFD8DD002038B5084C4FF41E65E4
:10A7E0002846E5600FF02CFBA06020B10023C0E9F3
:10A7F0000053606038BDE060606038BDD8DD002087
:10A800001EB400F08DF81EBC0BF08EF9F0B5027886
:10A81000472A83B00C461D4619D0264E00203368C7
:10A8200001909B683046984778B1019B1B68019363
:10A8300002272368314620461E6901AA0123B0473A
:10A8400010BB0746384603B0F0BD0127F1E7437857
:10A850004E2BE2D18378552BDFD1C378432BDCD14B
:10A860000379462B1AD00379432BD6D143792B2B6E
:10A87000D3D183792B2BD0D1C379012BCDD808D05C
:10A8800050F8206C5830CAE7019B2B60384603B063
:10A89000F0BD50F8200C50F8786CC0E743794F2B8E
:10A8A000E1D18379522BDED1C379002BDBD1024E6B
:10A8B0001846B4E7508700203C87002010B50446B6
:10A8C00000F07AF8224612F82039472B04D083682A
:10A8D00023BB8260012010BD63784E2BF7D1A37893
:10A8E000552BF4D1E378432BF1D12379432BEED1CF
:10A8F00063792B2BEBD1A3792B2BE8D1E379012BB7
:10A90000E5D854F8043C0133012B44F8043CE1D170
:10A91000836844F8083C8260012010BD00F06EFBA3
:10A9200008B500F049F8836883B393F82020472ADC
:10A9300004D00022826003F1200008BD93F821209A
:10A940004E2AF6D193F82220552AF2D193F82320EB
:10A95000432AEED193F82420432AEAD193F8252004
:10A960002B2AE6D193F826202B2AE2D193F8272030
:10A97000012ADED8DA69013ADA61002ADBD1996965
:10A98000816000229A6103F1200008BD00F036FBCF
:10A99000704700BF704700BF004870479C8600208A
:10A9A00010B504210446E4F785FF204610BD00BF22
:10A9B000004870474CD50020004870474CD5002017
:10A9C000502870B51DD0844600F00F000C2855D8D3
:10A9D000DFE800F0074426071E545454542A220787
:10A9E0001E00104650F8046B4EB10CF07004102C91
:10A9F00008BF11460E441CF0800F18BF36681E6059
:10AA000070BDD01C20F0030050F8046B1E6070BDB8
:10AA1000104650F8086BE7E7104630F9026BE3E7A1
:10AA2000104630F8026BDFE700261046344610F877
:10AA3000015B05F07F0E0EFA04FE15F0800F46EA6A
:10AA40000E0604F10704F2D11F2CCDD86D06CBD52C
:10AA50004FF0FF3505FA04F42643C6E700261046FA
:10AA6000344610F8015B05F07F0E0EFA04FE2D0649
:10AA700046EA0E0604F10704F3D4B5E7E5F750FD06
:10AA8000FF2808B5034619D003F07002302A0846A3
:10AA900016D005D8202A09D1BDE808400BF027BA06
:10AAA000402A09D1BDE808400BF00EBA02D813F0D5
:10AAB000600F03D0E5F734FD502AFBD1002008BD1C
:10AAC000BDE808400BF010BAF8B50C46154606462E
:10AAD00008B10BF0F9F9286014F8017BFF2F28D199
:10AAE0006860204610F8013BFF2B32D01023002471
:10AAF0002B75224610F8011B01F07F0393400906D5
:10AB000044EA030402F10702F4D40444EC6010F8B0
:10AB1000013B6B750024224610F8011B01F07F03F6
:10AB200093401C430B0602F10702F5D404442C6148
:10AB3000F8BD31463846FFF7A3FF224601462B1DDC
:10AB40003846FFF73DFF0446204610F8013BFF2B37
:10AB5000CCD12B750024D9E72DE9F04F00F0030488
:10AB600093B00023012C08930F46904613D0022C7B
:10AB700008D1414638460BF091F940B9082013B08E
:10AB8000BDE8F08F002C00F09380E5F7C9FC0920A8
:10AB900013B0BDE8F08F0DF1300A10F00804CDF8C5
:10ABA00000A000F09A8044F0020202920C910C2264
:10ABB000194640460AF00CFC40460BF08BF98346E0
:10ABC0000028D6D0524601464046FFF77DFF414659
:10ABD00005469DF84400FFF753FF0DF12C090023B3
:10ABE0000E901946CDF800900F2240460AF0CAFB9D
:10ABF0000B9B23F001035E1E109B9D4280F0BD80E5
:10AC00009DF8454000212046FFF73AFF2A460146BD
:10AC100009AB2046FFF7D4FE9DF8455004460021BD
:10AC20002846FFF72DFF224601460AAB2846FFF7CC
:10AC3000C7FE9DF84550044600212846FFF720FF37
:10AC4000224601464B462846FFF7BAFE0024054639
:10AC5000224615F8011B01F07F0393401C430B06AD
:10AC600002F10702F5D40C9B099A1344B34217D999
:10AC7000029BD8072DD50024039400231946CDF854
:10AC8000009040460D22089D0AF07CFB039B3B632D
:10AC90000B9BC7F82CB0C7E9095406203B626EE74E
:10ACA0000A9A1344B34272D8109BAB42A8D8DFE78C
:10ACB00002073FF55EAF012302930DF1300A002336
:10ACC000CDF800A00C22194640460C970AF080FBF4
:10ACD00072E7190758D500F091F90D6A23460D2245
:10ACE000214640460AF04EFB0C9B9D4202D00223B7
:10ACF0000293E4E7234621460C22CDF800A040460B
:10AD00000C970AF065FB3A6B0392D7E90A43002AD5
:10AD10003AD09B460DF12C09002C54DB032500236F
:10AD20001A461946CDF8009040460B970AF050FBA2
:10AD3000002319460122CDF8009040460B940AF0FA
:10AD400047FB002319460F22CDF8009040460AF039
:10AD500019FB0B9A0399CDF8009002F001020A4307
:10AD600000230B9240460F2219460AF031FB022DB8
:10AD700024D0072013B0BDE8F08F029BDE073FF51B
:10AD80007AAF029B1B07A6D4384606F0A7FC0B9BA4
:10AD9000002B3FF4EEAE0D9A13440393002C36D1F2
:10ADA000002B3FF4E6AE029BDD073FF5E2AE029BCF
:10ADB0001A0740F1168100240225B0E73846FFF754
:10ADC0007DFD0720DBE66FF040431B1B1E4652460D
:10ADD00059464046FFF778FE9DF844004146FFF78C
:10ADE0004FFE0E9005460F9850F8263000EB860077
:10ADF00033B10246002352F8041F01330029FAD16F
:10AE0000C7E90A35042378633B63032587E7109E6F
:10AE1000039B013C2644002B3FF4ABAE029B002E6B
:10AE200000F0D78013F00803049300F0C980472393
:10AE30003B704E237B705523BB704323FB7046232E
:10AE40003B714F237B715223BB710023FB710023A5
:10AE5000CDF818B0CDF814809B46CDF81CA0002486
:10AE6000224616F8011B01F07F039340080644EACE
:10AE7000030402F10702F4D41F2A05D8490603D5BA
:10AE8000012393405B421C43002530462A4610F8BC
:10AE9000011B01F07F0393401D430B0602F10702E3
:10AEA000F5D41F2A05D84B0603D5012393405B42F6
:10AEB0001D43002C34D036DC17B1049B002B4FD03F
:10AEC0006FF0404A0F9BAAEB040A53F82A30B3B143
:10AED000002D6AD02E44C2E7A3005B420F9A0E9960
:10AEE0001A444B46FFF76CFD0B9941B1002FEFD090
:10AEF00008AB00223846FFF789FC0028E8D0029B07
:10AF0000DDF81CA0DB07DDE9058B3FF5B6AE049B41
:10AF1000002B3FF401AF002CBFF600AF00F07CF82F
:10AF20004FF0010BD4E79DF84400FF2831D000F02A
:10AF30000703042B3FF629AE01A252F823F000BF0D
:10AF4000058F0200B78B0200878F0200058F020079
:10AF5000818F0200E3005B42C0E763005B42BDE714
:10AF60006FF0404A0F9B089A0B92AAEB040A03EB7E
:10AF70008A0853F82A1019B90DE058F8041F51B186
:10AF800041444B4600223846FFF740FC0028F4D0ED
:10AF90009EE70023A2E7029BD8075646DDE9058B12
:10AFA000DDF81CA03FF569AE11E75B46DDF81480C3
:10AFB000002B3FF4DEAD029BD9073FF5DAADFAE690
:10AFC000FB79012B0CBF57F8203C07F1580308937D
:10AFD0003DE7DA073FF5CDAD029B13F008047FF49F
:10AFE000EAAE02259BE606F0FBFB74E608B5804757
:10AFF000E5F796FA06F0F4FBE5F792FA08B5034B8D
:10B000001868BFF35B8FFFF7F1FF00BFC4AE0020ED
:10B0100008B58047FFF7F2FF08B5034B1868BFF388
:10B020005B8FFFF7F5FF00BFC8AE0020024B18682A
:10B03000BFF35B8F704700BFC4AE0020024B18689F
:10B04000BFF35B8F704700BFC8AE002000B501287A
:10B0500083B01DD8BFF35B8FA1F1280353E8002F05
:10B06000013A43E800200028F8D1BFF35B8F62B9B2
:10B0700051F81C3C01F1580013B101909847019818
:10B0800003B05DF804EBFFF797BB03B05DF804FB7A
:10B0900051F8140CFFF7AAFF38B5002540E91E123D
:10B0A00040F8805C0446FFF7C9FF44F8700CFFF7D6
:10B0B000BDFF43222B23472104F8552C04F8542CC0
:10B0C00004F8533C04F8523C4E22552304F8581C13
:10B0D00004F8515C054904F8572C04F8563C44F830
:10B0E0006C0C44F8501CA4F1800038BD799002002B
:10B0F00010B582B0CDE900210446FFF75DFC0346A0
:10B100004068009A0199013058602046FFF7C4FF5B
:10B110000446012344F8283B20460AF0F3FC20466D
:10B1200006F05EFBFFF76AFF10B5FFF745FCD0E9BC
:10B1300000420132426064B194F82020472A0AD0CC
:10B1400000220260203420460AF000FD204606F06E
:10B1500047FBFFF753FF94F821204E2AF0D194F8D3
:10B160002220552AECD194F82320432AE8D194F8E0
:10B170002420432AE4D194F825202B2AE0D194F806
:10B1800026202B2ADCD194F82720012AD8D86269FE
:10B1900052426261D6E700BF10B5034B036004461C
:10B1A00000F056FA204610BD888C002010B5054BE3
:10B1B0000360044600F04CFA20460C21E4F77AFBC9
:10B1C000204610BD888C002070B582B00446069ED3
:10B1D00096420D4609D0A06804680696246A29465E
:10B1E000A44602B0BDE87040604719460192009342
:10B1F00000F060F8DDE900320028ECD0062002B053
:10B2000070BD00BF2DE9F04F0C4681B01946DDE955
:10B210000A69DDE90C879B460546924600F04AF82C
:10B2200080B9464522D0A86821460468CDE90C873C
:10B23000CDE90A69E4695B465246A44601B0BDE81F
:10B24000F04F6047002C3E6087F804A009DB2644DD
:10B25000B0450CBF06260126BE71002001B0BDE836
:10B26000F08F0234F9D10123BB71F6E74946284635
:10B2700000F020F80028D6D087F805A0EDE700BF41
:10B280002DE9F04106460F4614461D4600F01AFA15
:10B2900048B9B068016822468C692B463946A446F5
:10B2A000BDE8F0416047BDE8F08100BF704700BFD6
:10B2B00000207047814211D008B5406803782A2BDE
:10B2C0000AD049680B782A2B08BF01310FF006FA23
:10B2D000B0FA80F0400908BD002008BD0120704789
:10B2E00070B53B4B1A7882B0002A41D101241C7002
:10B2F00006F0FAFA002831D04468364D23782A2B1C
:10B3000008BF013400224FF0FF30114601AB01901D
:10B31000204606F063F92B683022DB6806460121DF
:10B320002D480CF0D3FF019B93B12B682046D968C0
:10B330000CF084FB2B682948DB68022201210CF009
:10B34000C5FF019B13B930460EF082FDFFF7ECFEFE
:10B350002B683046D9680CF071FBEBE71D4B204899
:10B360001B682D22DB6821460CF0B0FFE5F7D8F80A
:10B37000184B1C481B681D22DB6801210CF0A6FF3E
:10B38000E5F7CEF801290C4619D106F029FA036831
:10B390009B6898472B682146DB6804460B221248BD
:10B3A0000CF094FF2B682046D9680CF047FB2B6803
:10B3B0000A20D9680CF0CCFA06F050FAD6E706F06D
:10B3C0000FFA06F04BFAD1E706F048FAFFF718FA41
:10B3D0001AC4012068B40020C0810020F48100203C
:10B3E000F8810020A081002028820020406870475A
:10B3F00010B543680C4A0D490446A3F10C00904275
:10B4000082B0216005D12046FFF7C2FA204602B083
:10B4100010BD53F8042C511E002A43F8041CF2DC22
:10B4200001A900F0F3F8EEE72CDE0020B48C002038
:10B4300010B543680C4A0D490446A3F10C00904234
:10B4400082B0216005D12046FFF7A2FA204602B063
:10B4500010BD53F8042C511E002A43F8041CF2DCE2
:10B4600001A900F0D3F8EEE72CDE0020B48C002018
:10B4700010B543680E4A0F490446A3F10C009042F0
:10B4800082B0216008D12046FFF782FA2046E4F717
:10B490000FFA204602B010BD53F8042C511E002AAA
:10B4A00043F8041CEFDC01A900F0B0F8EBE700BFA3
:10B4B0002CDE0020B48C002010B543680E4A0F49E2
:10B4C0000446A3F10C00904282B0216008D12046CE
:10B4D000FFF75EFA2046E4F7EBF9204602B010BD14
:10B4E00053F8042C511E002A43F8041CEFDC01A978
:10B4F00000F08CF8EBE700BF2CDE0020B48C0020BD
:10B50000F0B51B4B036083B0044649B308460D46B3
:10B5100011F0E0FA0746A8B101AA002100F03AF8BC
:10B52000012F064600F10C0311D0184629463A4671
:10B53000E4F722F903460F4A96420BD12046636096
:10B5400003B0F0BD0C4B6360204603B0F0BD2A7819
:10B550000273F0E70022B26037603E443273EDE7D9
:10B560000648FFF739F82046FFF712FAFFF748F9C7
:10B57000B48C00202CDE002038DE0020F486002071
:10B5800010B50446FFF7BCFF014B2360204610BDF9
:10B59000C88C00201B4B984210B530D88842044616
:10B5A0001CD94A00904238BF144604F11D02B2F57E
:10B5B000805F04F10D0018D98C4216D9C2F30B023A
:10B5C00004F58054A41A9C4228BF1C4604F10D00C7
:10B5D000E4F76CF90022C0E9014210BD00F11D033F
:10B5E000B3F5805F00F10D0001D9002805DBE4F719
:10B5F0005DF90022C0E9014210BDFEF7CDFF02480F
:10B60000FFF702F8FCFFFF3FDC860020E4F750B9AB
:10B6100070B5036884B000249E6903941023154616
:10B620000293CDE900446B461268B0479DF80430A0
:10B6300003F00603062B03BF009B2B60012020466E
:10B6400004B070BD0098904214BF012006207047DE
:10B6500010B5034B03600446FFF728FE204610BDDB
:10B660005C8C002010B5054B03600446FFF71EFEFE
:10B6700020460821E4F71EF9204610BD5C8C00200E
:10B680002DE9F041069F0899099E8F420446904695
:10B690001D460CD029462046FFF70CFE20B10123A1
:10B6A000376086F80480B3710020BDE8F081079907
:10B6B000FFF700FE0028EDD086F805800020BDE8E9
:10B6C000F08100BF38B515461C46FFF7F3FD00B901
:10B6D00038BD082206232560E260237138BD00BF13
:10B6E0002DE9F041064617461D460C46FFF7E2FDE0
:10B6F00048B9032D07D823683A46314620465B698E
:10B70000BDE8F0411847BDE8F08100BF312970B5B0
:10B71000864645D828292AD80A2920D9A1F10B0C18
:10B72000324C5FFA8CFC012000FA0CF00440002C33
:10B730004DD0D2B1DEE90540844216DADEF8105071
:10B7400004EB840C05EB8C0001340026C0E9016693
:10B75000CEF8144005F82C10C0E9032370BD04296D
:10B7600030D9A1F109000128E3D9002070BDA1F171
:10B7700029000828F9D801A454F820F061970200A4
:10B78000F5970200F197020097970200F1970200E7
:10B7900061970200619702005F970200F59702002F
:10B7A000A1F13400C0B21D28DFD8114C4FF0010CBC
:10B7B0000CFA00FC0CEA0404002CBAD10D480CEA87
:10B7C000000070B1002AD0D0002BB3D1CDE710F427
:10B7D0007F1FAFD1084C0440002CC6D0002AF3D103
:10B7E000C3E71CF0505CC0D0A4E700BFFE1F802F51
:10B7F0000711C701F82E000A01004000F0B5C26829
:10B8000011786E29864625D03039CBB2092B2BD83A
:10B810000026164D00206FF0004402E0B0EBD30F7D
:10B8200015DC0132CEF80C201378303B5FFA83FC34
:10B8300000EB800001EB4000BCF1090F1946A4EBBE
:10B840000303A5FB0373E9D906B14042F0BD4FF0F5
:10B85000FF30F0BD531CC36051783039CAB2092A99
:10B8600002D81A460126D4E70020F0BDCDCCCCCCBE
:10B8700010B5044629B9C3681A786AB15A1CC26067
:10B88000197868290CD0762906D12046FFF7B6FF33
:10B89000E3681A785F2A01D0002010BD0133E3600D
:10B8A0002046FFF7ABFFE3681A785F2AF4D1013333
:10B8B000E360012010BD00BF10B4C3680A461978C8
:10B8C000522910D04F2903D010465DF8044B704721
:10B8D000C46A202103340133C462C3605DF8044BA1
:10B8E0000023FFF713BFC46A1F210234F3E700BF30
:10B8F000002966D038B505460C46A368012B39DC13
:10B90000D5F81C01B0F5806F03F1010332DC227819
:10B91000A360531E502B2DD8DFE803F03131314C9A
:10B920002C2C2D2D31313131313131313131313119
:10B930003131312C313131313131313131314242DA
:10B9400031312C313131312931313131312C2D31FD
:10B95000313131313131313131313131312C2C31E1
:10B96000292929292C313131313131313100E46833
:10B97000002CC2D138BD2469002CBED1FAE7E168A1
:10B98000431CC5F81C312846FFF7B2FF2169284641
:10B99000FFF7AEFFD5F81C31013BC5F81C3138BDAF
:10B9A000E1680B78052BEBD1D5F838310133C5F8B8
:10B9B0003831E5E7D5F84431E1680133C5F8443161
:10B9C000DEE77047034648B1002304E0C2682AB1AD
:10B9D0000069013310B102782F2AF7D0184670475A
:10B9E000C3681A785F2A01D00120704710B55A1C2D
:10B9F000C2605A785F2A044604D0FFF7FFFEC043B6
:10BA0000C00F10BD0233C360FFF7F8FE002809DB4A
:10BA1000092805DDE3681A785F2A03D10133E36062
:10BA2000012010BD002010BD20B909E039B1006926
:10BA3000013930B103782F2BF8D000207047C0684F
:10BA400070477047F0B514465268A5684B1C134404
:10BA5000AB4283B00E46074611D8E5686DB96368FE
:10BA60002068324618443946E3F786FED4E90032AE
:10BA700033449D5463683344636003B0F0BDE268AF
:10BA8000002AFAD155B16D00AB42FCD82068294696
:10BA90000FF00CFF38B12060A560DEE7022B4FF0FD
:10BAA0000205F0D8F2E7019020680EF0D1F9019B71
:10BAB0000122C4E90033C4E90232DEE70378722BC5
:10BAC00007D0562B05D04B2B03D0442B03D000209E
:10BAD000704701207047407800F0DF034F2BF8D00B
:10BAE000773801288CBF002001207047D0F8003142
:10BAF000FF2B70B504460D4606D05A1CC4F8002131
:10BB0000E55484F8045170BD0026194680F8FF60A2
:10BB1000D0E942329847D4F8283101221344C4F8BE
:10BB200028313346C4F80021E55484F8045170BD2F
:10BB3000D0F810319BB1CA685B68002A1B6909DB29
:10BB400023B907E042B11B69013A1BB119782F29CB
:10BB5000F8D0002318467047DB681846704701226A
:10BB6000C0F81821F6E700BF002940D02DE9F041C8
:10BB7000DFF884801F4F05460C4601262378082BEA
:10BB800013D8082B1ED8DFE803F00D1D1D1D1D273F
:10BB90000D232300172B15D9183BDBB227FA03F32B
:10BBA000DB070FD50020BDE8F0812C2BF2D9323B0A
:10BBB000DBB21B2B06D806FA03F212EA080FF1D10A
:10BBC000012B05D0E1682846FFF7CEFF0028EAD117
:10BBD0002469002CD2D1E5E721462846FFF7A8FFCB
:10BBE0000028DFD003782F2BDCD1BDE8F0810020C6
:10BBF000704700BF018010000100E30C2DE9F04107
:10BC0000044608460D4610F065FF40B3013DD4F8E8
:10BC100000112F184FF0000809E00B46BD4201F15A
:10BC20000101C4F80011E65484F8046117D0FF291B
:10BC300015F8016FF1D1D4E9423284F8FF80204633
:10BC40009847D4F8283101210B44C4F82831002347
:10BC5000BD42C4F80011E65484F80461E7D1BDE8A0
:10BC6000F08100BF38B5C3681A78542A24D15A1C11
:10BC7000C2605A785F2A044620D06E2A1CD0FFF793
:10BC8000BDFD411C18D4E3681A785F2A14D1013332
:10BC9000D4E905208242E3600EDA236902EB820CCC
:10BCA00003EB8C0001320025C0E9015562610522D9
:10BCB00003F82C20C16038BD002038BD02330021BC
:10BCC000E6E700BF2DE9F04188B00A4604461A496C
:10BCD00001A80BF0BFFE01A810F0FCFE40B301ADBF
:10BCE000D4F800112F184FF0000809E00B46BD42B0
:10BCF00001F10101C4F80011E65484F8046117D081
:10BD0000FF2915F8016BF1D1D4E9423284F8FF80A4
:10BD100020469847D4F8283101210B44C4F8283133
:10BD20000023BD42C4F80011E65484F80461E7D151
:10BD300008B0BDE8F08100BF7098002070B50446DF
:10BD4000FFF75CFD051E46DDE66863689B1B9D42B0
:10BD50003EDCA26873195207E36004D5725D242AA1
:10BD600004BF0133E360092D22DD2A490822304651
:10BD70000EF026FB30B9337A2E2B2ED05F2B2CD031
:10BD8000242B2AD0D4E90532934221DA206903EB2F
:10BD9000830200EB820001330022C0E901226361CB
:10BDA00000230370C0E90133C0E90365A06270BDE0
:10BDB000D4E9053293420BDA206903EB830200EBEE
:10BDC000820001330022C0E901226361002EE7D125
:10BDD0000020A06270BD002070BD737A4E2BD1D1BF
:10BDE000E26A6369A1691632521B8B42E262EFDAA2
:10BDF000226903EB830081000133636102EB800061
:10BE00000023C0E901335354034A1523C0E9032337
:10BE1000DFE700BFB89B0020C49B00202DE9F04164
:10BE2000C3681A78532A31D15A1CC2605A78044622
:10BE3000A2B39A1CC2605A785F2A44D0A2F13003A0
:10BE4000D8B2092826D800210DE0303B99421DD8F0
:10BE5000E06802781946451C1AB1E56002785F2A4D
:10BE60003BD0A2F13003D8B2092801EBC103A2F103
:10BE7000410C02EB8303E8D9BCF1190F06D801EBA2
:10BE8000C10302EB8303373B9942E1D900252846E1
:10BE9000BDE8F081A2F141001928D4D9A36803F0CC
:10BEA0000803002B14BF0125002500D1B9B93F4B71
:10BEB000742103F1A80001E013F81C1F914215D072
:10BEC0008342F9D1E2E70023226A9A42DED9E2698D
:10BED00052F823502846BDE8F0810133F4E7E368C7
:10BEE0001B78433B012B98BF0D46E0E75E69002EAF
:10BEF00054D0D4E905208242D3F8188053DA276958
:10BF000002EB820C07EB8C014FF0000EC1E901EE51
:10BF100001324FF0180E626107F82CE0C1E90368A6
:10BF2000A162002D37D0D3E90371E36A82420B444A
:10BF3000E36236DA236902EB820003EB800501320B
:10BF40000026C5E901666261182203F82020C5E9D0
:10BF50000371E3681A78422A99D1A66A0133E36033
:10BF60002046FFF7EBFE2A4603464D212046FFF709
:10BF7000CDFBE3681A78422A0546EFD0A662002876
:10BF800084D0D4E90832934280DAE1695A1C41F83E
:10BF9000230022627BE7D3E90171C6E7D4E90520DB
:10BFA000BFE70025D5E70021BAE700BF00A20020C7
:10BFB0002DE9F043C26883B004461046FFF77EFDCA
:10BFC000002866D113785A2B31D82F2B5CD9303BFF
:10BFD0002A2B59D8DFE813F08C008C008C008C00E1
:10BFE0008C008C008C008C008C008C005800580059
:10BFF00058005800580058005800D6015800D90081
:10C00000ED005800E7006001580058005800580043
:10C01000580018028C00CB00BD005800AF009501FD
:10C020006E01BE0158005800580058008C00613B5A
:10C030005FFA83FCBCF1190F26D8C44D012101FA27
:10C040000CF10D40EDB1C24903EB830301EB830119
:10C05000D4E90535AB4280F2C583266903EB830C36
:10C0600006EB8C050133C5E901006361272306F85F
:10C070002C30E960E36A496801320B44E260E36214
:10C0800003E0BCF1140F48D00025284603B0BDE8FA
:10C09000F083002201A9204601F0B4FA05460028E9
:10C0A000F2D0E3681B78462B20461ED0FFF780FFB6
:10C0B00028600028E8D003781F3B012B05D8019A9F
:10C0C000C368C2602A6801922B60019D002DDBD0FD
:10C0D000D4E908329342D7DAE1695A1C284641F87C
:10C0E0002350226203B0BDE8F08300F0FDFBDFE7E0
:10C0F000204601F06BFD05460190002DC4D0D4E927
:10C1000008329342C0DAE16941F82350019D5A1C7C
:10C110002846226203B0BDE8F0830132E260204687
:10C12000FFF70CFE2B46024628212046FFF7EEFAC9
:10C1300005460190E1E70132E2602046FFF738FF53
:10C140000023024623212046FFF7E0FA054601902E
:10C15000D3E70132E2602046FFF72AFF00230246C0
:10C1600022212046FFF7D2FA05460190C5E70132A9
:10C17000E2602046FFF71CFF0023024624212046F0
:10C18000FFF7C4FA05460190B7E70132E2602046A6
:10C19000FFF70EFF0023024625212046FFF7B6FADF
:10C1A00005460190A9E7204600F09EFB0546019058
:10C1B000A3E7531CE3605378002B3FF465AF931C57
:10C1C000E3605378463B302B3FF65EAF01A151F858
:10C1D00023F000BFA1A40200B5A00200B5A0020098
:10C1E000B5A00200B5A00200B5A00200B5A00200F3
:10C1F000B5A00200B5A00200B5A00200B5A00200E3
:10C20000B5A00200B5A00200B5A0020065A402001E
:10C21000B5A00200B5A00200B5A00200B5A00200C2
:10C22000B5A00200B5A00200B5A00200B5A00200B2
:10C23000B5A00200B5A00200B5A00200B5A00200A2
:10C2400039A50200B5A002000DA5020027A7020033
:10C25000F7A6020095A50200B5A0020065A50200A0
:10C26000C7A60200B5A00200B5A00200B5A002005A
:10C27000B5A0020097A60200B5A002007FA60200AA
:10C28000B5A00200B5A002004FA6020065A40200FE
:10C290001FA60200C5A502000132E2602046FFF79A
:10C2A00087FE0023024626212046FFF72FFA054687
:10C2B000019022E72046FFF7D5FCE668019033782D
:10C2C000492B05467FF419AF636B002B40F0578272
:10C2D00000283FF4D9AED4E908218A42BFF6D4AE93
:10C2E000E16941F82200013222623278493A012A9A
:10C2F00005D80136E660204600F00CFE03462A46CB
:10C300001CE05378A3F13002092A05D95F2B03D032
:10C31000413B192B00F2268200212046FFF77EFDCB
:10C32000E36801901A78492A05467FF4AEAE0133DE
:10C33000E360204600F0EEFD2A4603460421204635
:10C34000FFF7E4F905460190D7E600BFFF7BEC0359
:10C35000389100200132E2602046FFF7EFFCE368ED
:10C3600001901A78492A054600F0E1812046FFF73E
:10C370001FFE2B46024621212046FFF7C7F905463E
:10C380000190BAE6551CE56053785F2B00F0CD8133
:10C39000303B092B00F2D8812B469C460133E360E9
:10C3A000197830390929F8D9D4E905108142ACEB64
:10C3B0000202BFF669AE276901EB810007EB800638
:10C3C0004FEA800E002001318242C6E9010061611E
:10C3D0007FF75AAEC6E9010007F80E00C6E903521E
:10C3E0009CF801201D465F2A7FF44EAE0135E560C2
:10C3F0002046FFF7DDFD324603462A212046FFF79F
:10C4000085F90546019078E60132E2602046FFF7A3
:10C41000CFFD054600283FF437AE2046FFF7C8FDA4
:10C42000034600283FF430AE2A462B212046FFF772
:10C430006DF90546019060E60123256B23632046D4
:10C4400000F030FE25630246002344212046FFF71A
:10C450005DF90546019000283FF416AEE3681A78AE
:10C46000002A3FF411AE5A1CE2601B78452B7FF482
:10C470000BAE44E6D4E905318B4280F2B5812169E7
:10C4800003EB830001EB800501330026C5E901665B
:10C4900063612C2301F8203093780195303BDBB2A7
:10C4A000092B94BF012333462B8202D82046FFF785
:10C4B000A5F92046FFF77CFDE86000283FF4E4ADD5
:10C4C0002046FFF79BF9E268137813B1531CE36031
:10C4D0001378A3F17303B3FA83F35B096B82D4E59A
:10C4E000D4E905329342BFF6CFAD2269C04903EBD0
:10C4F0008305A8000133636102EB85050023C5E9CC
:10C50000013313540E23C5E90313BEE5D4E9053204
:10C510009342BFF6B9AD2269B64903EB8305A80083
:10C520000133636102EB85050023C5E90133135430
:10C530000423C5E90313A8E5D4E90532934280F248
:10C540006B81226903EB830102EB8105013300203B
:10C55000C5E901006361272302F82130E36AA64A96
:10C56000EA600433E36290E5D4E90532934280F255
:10C570005381226903EB830102EB81050133002023
:10C58000C5E901006361272302F82130E36A9B4A71
:10C59000EA600933E36278E593785F2B00F0148159
:10C5A000D4E905329342BFF66FAD226903EB8301F4
:10C5B00002EB810501330020C5E9010063614323DB
:10C5C00002F821302046FFF719F9E860E3681A788D
:10C5D0005F2A7FF459AD0133E3602046FFF7E8FCA2
:10C5E0002A4603462D212046FFF790F80546019084
:10C5F00083E5D4E90532934280F20E81226903EB90
:10C60000830102EB810501330020C5E9010063616C
:10C61000272302F82130E36A794AEA600733E362AC
:10C6200033E5D4E90532934280F2F680226903EBC8
:10C63000830102EB810501330020C5E9010063613C
:10C64000272302F82130E36A6E4AEA600833E36286
:10C650001BE52046FFF7ACFC002302464C21204698
:10C66000FFF754F80546019047E5D4E905329342B7
:10C6700080F2D280226903EB830102EB8105013352
:10C680000020C5E901006361272302F82130E36A35
:10C690005D4AEA601133E362F7E4D4E9053293427C
:10C6A00080F2BA80226903EB830102EB810501333A
:10C6B0000020C5E901006361272302F82130E36A05
:10C6C000524AEA600833E362DFE4D4E90532934278
:10C6D00080F2A280226903EB830102EB8105013322
:10C6E0000020C5E901006361272302F82130E36AD5
:10C6F000474AEA600A33E362C7E4D4E90532934269
:10C7000080F28A80226903EB830102EB8105013309
:10C710000020C5E901006361272302F82130E36AA4
:10C720003C4AEA600933E362AFE400265EE6013387
:10C73000E360204600F0EEFB2A4603460421204633
:10C74000FEF7E4FF054611E60123256B236320462F
:10C7500000F0A8FC2563064600283FF495ACE56888
:10C760002A7840E6204601F031FA0546019000287B
:10C770003FF48AAC0378182B7FF4C1AC85E4731CBA
:10C78000E3602046D4F81490D4F82080E76A00F0E3
:10C79000C1FBE3681B78492B06D0E660C4F814900F
:10C7A000C4F82080E762A8E4002D3FF46DACD4E922
:10C7B00008139942BFF668ACE26942F82150013192
:10C7C00003462A462162B9E503320123256BE26064
:10C7D0002363204600F066FC2563054600287FF4AD
:10C7E000F5AE51E4C368FFDE00231B70FFDE00BF1F
:10C7F000E49B0020DC9B00207C93002040930020E1
:10C8000090930020A4930020CC930020B8930020A4
:10C8100068930020549300200023DB68FFDE00BFF4
:10C8200030B5C26883B0002301931378002B34D055
:10C83000044601AD4F2B0CD009D82E2B01D0452B2F
:10C840000AD1019848B30369CBB103B030BD522B74
:10C8500002D15378452BF4D02046FFF7A9FB0246BE
:10C8600000232E212046C2B1FEF750FF2860A0B160
:10C87000E268137800F11005002BDBD1E1E7C26814
:10C8800011782729E1D1D268117C0929DDD1E16A2B
:10C890005268891AE162C360D7E7002003B030BD57
:10C8A00070B5C3681A784A2A05461AD081B128465D
:10C8B000FFF77EFB044690B12846FFF7B1FF034621
:10C8C00068B1224628462921BDE87040FEF71EBF08
:10C8D00028460C46FFF7A4FF03460028F1D10020AC
:10C8E00070BD0133C360E2E710B50446806810F400
:10C8F00080200BD1E26BB2F5006F06D8511CE368C3
:10C90000E1631978462907D0E26310BDE3681A781D
:10C91000462A01D0002010BD5A1CE2605A78592ADC
:10C9200004BF0233E36001212046FFF7B9FF01464F
:10C930002046FEF7C1FFE3681A78452A04BF013399
:10C94000E360A36818BF00205B03DED4E26B013A0A
:10C95000DAE700BFF8B5C3681F78064677BB4FF02B
:10C96000000E3D4D482100228B1A03EBD37302EBDE
:10C970006303180105EB031C2C582078B84206D03D
:10C9800094BF5A1C19468A42EED10020F8BD607847
:10C990007045F5D1D6E905329342F6DA326903EBF8
:10C9A000830102EB810001330024C0E9014473617B
:10C9B000322302F82130C0F80CC0F8BD5A1CC26006
:10C9C00093F801E01F78BEF1000F02D1762FC8D096
:10C9D000C5E79A1CC260762F93F801E01FD1AEF133
:10C9E0003004E3B2092BBCD8FFF7A8F9D6E905312A
:10C9F0008B420246C9DA376903EB830107EB8100FA
:10CA000001330025C0E9015589007361002ABCD0BB
:10CA10003323C0E901557B54C0E90342F8BD632FBD
:10CA20009FD1BEF1760F9CD1D0E90C34B3FA83F3D9
:10CA30005B094363FFF7BCFA736B024633B1002313
:10CA400035213046FEF762FE7463F8BD342130466E
:10CA5000FEF75CFEF8E700BFE0930020F8B5C3687E
:10CA60001A78A2F130010929044665D9552A6CD0FB
:10CA700038D8442A0FD94C2A0AD10133C360FFF7B2
:10CA80005DF9054620B12046FEF7AAFF00283BD1FC
:10CA900000252846F8BD422AFAD9816A41B10878B2
:10CAA000002840F09180E26A08690244E2621A7844
:10CAB000432A00F0C880442A40F084805A78303AF3
:10CAC000052AE5D801A050F822F000BF03AC02000F
:10CAD0005BAC020049AC0200BDAA020055AC0200EA
:10CAE0004FAC0200A2F161011929D1D86F2A056B60
:10CAF00000F0A0802046FFF72DFF2563054618B102
:10CB00000378322B00F0C680E3681A78422AC0D13D
:10CB1000A66A0133E3602046FFF710F92A46034670
:10CB20004D212046FEF7F2FDE3681A78422A0546B9
:10CB3000EFD0A6622846F8BDFFF700F9E3681A783F
:10CB40000546422AE4D02846F8BD5A786C2A00F0FF
:10CB5000C180742A9CD1591CC1605A78742A37D17B
:10CB60009A1CC2609A785F2A00F008816E2A8FD0E2
:10CB7000FEF744FE0130E36800F1FD801A785F2A79
:10CB800020D10133D4E905218A42E36080F200819B
:10CB9000266902EB820706EB870501320021C5E911
:10CBA00001116261492206F82720E860D4E90820D3
:10CBB000824280F2EA80E16941F822500132226229
:10CBC0001A78BEE70025BCE718287FF471AF6AE742
:10CBD0000B460025B5E74FF0010ED4E905209F1C58
:10CBE0008242E76080F2C280D4F810C002EB82007B
:10CBF0000CEB800501320026C5E901668000626108
:10CC0000002900F0B380C5E9016608220CF8002075
:10CC100085F80CE029619A783B4692E74FF0030EC5
:10CC2000DBE74FF0050ED8E74FF0040ED5E74FF0E5
:10CC3000020ED2E75A786E2A7FF45CAF02330022EC
:10CC4000C360026356E75A78492A7FD0A2F13100C7
:10CC500004283FF61DAF303A0233D6B2E360D4E980
:10CC60000532934280F28680276903EB830207EB4B
:10CC7000820501330020C5E90100920063610029AB
:10CC800078D00723C5E90100BB54E3682E732961FE
:10CC90001A7856E7C268E36A9168126807330B4452
:10CCA000E36213786C2B7FF42FAF5378692B7FF4FA
:10CCB0002BAF9378002B7FF427AF2046FFF73EF889
:10CCC0002A46034637212046FEF720FDE368054645
:10CCD0001A7836E7591CC1605A786C2A7FF478AF0D
:10CCE0000233C360FFF79CFDE3680646002842D08C
:10CCF0001A78452A7FF466AF5A1CE2605A785F2A98
:10CD000049D06E2A3FF4C4AE2046FEF777FD0130CD
:10CD1000E36830D41A785F2A7FF454AF0133626934
:10CD2000A169E3608A4233DA216902EB820701EBF1
:10CD3000870501324FF0000CC5E901CC6261472242
:10CD400001F82720C5E903601A78FAE6591CE1606A
:10CD50009A78A2F13100042813D80333303AE36003
:10CD60002046D6B2FFF724F9A16A78E79A78002521
:10CD70003B46E6E6E3681A780025E2E60333002046
:10CD800000E75A7800250B46DBE61A780D46D8E610
:10CD90001A780025D5E602330020C0E7F8B5C2684E
:10CDA00013784C2B32D1531CC36051785F29044651
:10CDB00051D05A2913D15A1CE2605B78472B43D0DB
:10CDC000542B41D00021204601F04EF8E3681A7838
:10CDD0000646452A1AD10133E3603046F8BDFFF715
:10CDE000E7F8064690B10378272B12D0E268157851
:10CDF0006E2D23D03D21452D59D0134603E0E3602D
:10CE00001D78452D2FD00133002DF8D10026304656
:10CE1000F8BDC3681A7C1AB1E26A5968521AE26214
:10CE2000254918680DF05AFC0028DFD1E268157812
:10CE3000452D3ED06E2D01D03D21DEE7531CE36031
:10CE400055783E211A46D6E7204600F085FCE36877
:10CE500006461A78BDE7931CC36092785A2A18BF19
:10CE60000026B6D1A7E79D1AD4E9050398421CDA3B
:10CE7000D4F810E000EB80070EEB87034FEA870C35
:10CE800000270130BD42C3E9017760610DDDC3E9D0
:10CE900001770EF80C70C3E9032532462046FEF7F1
:10CEA00035FCE36806461A7893E70023F5E700258A
:10CEB000DAE70132E260AAE77498002038B5C26868
:10CEC00013784C2B20D0044608D8493B012B16D8A8
:10CED0000132BDE83840C26000F01CB8582B0ED1BA
:10CEE00001320123056BC260036300F0DBF8E368E5
:10CEF00025631A78452A0BD10133E36038BD2046FB
:10CF0000BDE83840FFF754B8BDE83840FFF746BFEA
:10CF1000002038BD70B5C368866A1A78452A82B089
:10CF200004461FD00023019301AD09E0FEF7EEFB9C
:10CF3000286000F1100560B1E3681A78452A0BD02B
:10CF40002046FFF7BBFF024600232F212046002A80
:10CF5000ECD1002002B070BD0198A6620133E360FD
:10CF600002B070BD5A1C0023C2602F211A4602B0C5
:10CF7000BDE87040FEF7CABBF8B5C268147894B338
:10CF800006460F460025A4F130034A2B2BD8DFE8D4
:10CF900003F02D2D2D2D2D2D2D2D2D2D2A2A2A2A34
:10CFA0002A2A2A2A2A2D772B2A2A2A682A2A2D5F1A
:10CFB0002A2A2A2A2A534B2D2A2A2A2A2A2A2A2A84
:10CFC0002A2A2A2D2D2D2D2D2D2D2D2D2D2D2D2D9A
:10CFD0002D2D2D2D2D2D2D2D2D2D2D2D2D00F268AE
:10CFE0001478002CCFD100252846F8BD3046FFF735
:10CFF00035FD0346002D4ED10546532CEFD0F26887
:10D000001478452CF0D0002FEBD0002DEBD0D6E9D2
:10D0100008318B42E7DAF16941F82350013333627A
:10D020001478002CAFD1DEE73046FEF71BFE034636
:10D03000002D30D11D46E2E701213046FEF7EEFE1D
:10D04000034645BBF26814781D46002C9BD1CAE705
:10D05000002DC8D0531CF36054781A46002C92D18E
:10D06000C1E7002DBFD00132F2603046FFF752FF1A
:10D07000042103462A463046FEF748FB0546BCE736
:10D08000537803F0DF03542B304606D0FFF7E6FC5D
:10D090000346002DCED00121ECE7FEF789FF0346C1
:10D0A000C6E700BFC26813784C2B00F08980542B70
:10D0B00000F08880F0B5732B83B004465AD0662BFD
:10D0C00028D0A3F1300109290CD82046FFF7C6FC6F
:10D0D0000546002870D0E3681A78492A74D028469B
:10D0E00003B0F0BD6F2B61D0692B7BD153786C2BD3
:10D0F00047D10232E2600025117800295CD05378D4
:10D10000002B59D04521204600F042FA2A4603461A
:10D11000312161E05378702B33D1931CC360937835
:10D12000542B00F048815F2B00F086806E2B43D09B
:10D13000FEF764FB411C3FD4E3681A785F2A3BD1B9
:10D140006FF0004201339142E36035D00230D4E900
:10D150000532934230DA226903EB830102EB810549
:10D1600001330026C5E901666361062302F8213018
:10D17000E860B4E75378722B00F0F880702B00F071
:10D1800012812046FFF7E6FB0546A8B10378322B53
:10D1900035D0342B00F09B810ED8332B0CD1C368D3
:10D1A000032B09D8DFE803F06DCE080853786E2B07
:10D1B000E7D10232C26088E70025284603B0F0BDFF
:10D1C000FFF7ECBDFEF74EBD0133E3602046FFF7ED
:10D1D000A1FE2A4603460421204603B0BDE8F040E4
:10D1E000FEF794BA742B40F0B28053786C2BC8D100
:10D1F0000232E260FEF7DCFEE26805467CE7C168C9
:10D20000E36A8A680E68023A1344E3623378732B48
:10D210000BD17278742A08D1B27832B92046FEF761
:10D22000C7FE2A4603463721D6E7CF68032FC3D867
:10D23000DFE807F02706542B0332C260012086E79F
:10D240003278702A00F0C0806D2A00F0BD8000277F
:10D25000732B40F0B4807378502B40F0B080B378DB
:10D26000002B40F0AC802046FFF754FE03462FB160
:10D270001A4639212046FEF749FA03462A46372145
:10D28000AAE700232A463621A6E7712B40F0C48086
:10D290007278752A40F0C080B278002A40F0BC80D5
:10D2A0002046FFF7FFFE06462046FFF7FBFE074637
:10D2B0002046FFF7F7FE034600283FF47DAF3A46CD
:10D2C0003C212046FEF722FA324603463B21204607
:10D2D000FEF71CFA2A4603463A217DE7EB681B68F5
:10D2E0005A78632A00F00E813378662B00F0338180
:10D2F000642B40F027817378692B40F02381B37849
:10D30000002B40F01F812046FFF7A8FB074633782B
:10D31000632B40F0B48072786C2A40F0B080B27811
:10D32000002A40F0AC804521204600F031F9024649
:10D33000134639213A462046FEF7E8F92A460346C5
:10D34000382149E72046FFF7ADFE034696E7752BE7
:10D350007FF417AF0132C260FEF7F0FC0190204667
:10D36000FFF7D8FD019A03463F2135E7931C816BF7
:10D37000C360937831B1552B4AD8422B32D8303B19
:10D38000092B36D92046FEF713FE05462046FFF747
:10D3900065FBE36819784929024600F0A580134629
:10D3A00001212A4618E70232C260FFF77BFE002304
:10D3B00002464C2110E70332C2600020C7E6204637
:10D3C000FFF770FE034652E7717891427FF43FAF5A
:10D3D000E26811785F297FF43BAF0132E260337875
:10D3E000002735E7684A433BDBB222FA03F3DB0749
:10D3F000C8D54FF0FF33A36300212046FFF7BCFDE3
:10D40000E3681A78452A0546C0D10133E360BDE7D9
:10D41000613B192BB6D8ECE7642B06D17378582BF7
:10D4200003D1B378002B3FF43BAF3378662B00F089
:10D4300097806E2B7FF4C0AE7378772B02D0612B70
:10D440007FF4BAAE5F21204600F0A2F806462046DF
:10D45000FEF7AEFDE3681A78452A074600F0908093
:10D46000702A00F08180692A7FF4A6AE5B786C2B6D
:10D470007FF4A2AE2046FFF715FE03461FE7642B9C
:10D4800053D17278742A50D1B278002A4DD1E36812
:10D490001A78672A5BD0732A02D15B78722B4CD042
:10D4A0002046FFF7DBFAE3681978492902467FF442
:10D4B0003FAF0133E36020460192FFF72BFD019A55
:10D4C000034604212046FEF721F9024630E7E368CF
:10D4D0001A785F2A7FF436AF0133E3604521204696
:10D4E00000F056F80346C9E60133E3602046019296
:10D4F000FFF710FD019A034604212046FEF706F9C6
:10D5000002464CE71B78732B0AD0633BDBB20F2B30
:10D510003FF6EAAE1D4A52F82330002B3FF4E4AE4A
:10D520002046FEF745FD0746F1E6702B05D17378DE
:10D53000742B02D1B378002BA9D02046FFF7B2FD9F
:10D540000246F5E62046FFF7ADFD0746DFE65B78CD
:10D55000732BA5D1F1E72046FFF7FCF90746D6E685
:10D560002046FFF7F7F99EE65A78692A7FF424AE41
:10D570000233E3604521204600F00AF803469EE6A8
:10D580000133E36000239AE6010204000026002034
:10D590002DE9F041C2680E46117882B00023B142F5
:10D5A0000446019324D0D0F8308001AD012709E072
:10D5B000FEF7ACF8286000F1100578B1E3681A783E
:10D5C000B2420FD027632046FFF76CFD02460023CE
:10D5D0002E212046C4F83080002AE9D1002002B074
:10D5E000BDE8F08101980133E36002B0BDE8F0814D
:10D5F0000132C2602E211A4602B0BDE8F041FEF7AA
:10D6000085B800BF2DE9F04F0F46C168B2F100099F
:10D6100083B00A78044615BF4FF01E0A4FF01B0A6C
:10D620004FF01D084FF01A0814BF1C2619263D465E
:10D630004FF0010B1BE0562A33D04B2A37D04B78E2
:10D6400053B38B1CE3604B78782B4FD06F2B34D1C6
:10D65000E36A0933E3625021002300222046FEF7EB
:10D6600055F82860C0B1E1680A7800F10C05084659
:10D67000FEF724FA00283FD04B1C722AE360DAD16F
:10D68000E36A0933E3623146002300222046FEF7B5
:10D690003DF828600028E6D10025284603B0BDE803
:10D6A000F08FE36A0933E36241460023D5E7E36A7A
:10D6B0000633E36251460023CFE74F2B38D1E36AAC
:10D6C0000933E3622046236BC4F830B00193FFF7BF
:10D6D000E9FC019B236303460028DDD0E268117852
:10D6E0004529D9D10132E2605021B6E7E36A11330E
:10D6F000E3624E210023B0E7B9F1000FCDD1462AF5
:10D70000CBD1BD42C9D01D201E211C2204E0192B03
:10D710000CD00C37BD42C0D03F683B781A2B03D0E9
:10D720001B2BF4D13970F4E73870F2E73A70F0E768
:10D73000772BB1D1E36A0633E3622046FFF770F836
:10D7400003460028A8D0E26811784529A4D1013207
:10D75000E260512181E700BF2DE9F041C16AC36851
:10D7600001F11402C2621A78542A82B0044675D0BC
:10D77000472A28D15A1CC2605A7822B39A1CC26028
:10D780005A78562A23D8402A1DD9413A152A1AD840
:10D79000DFE812F01D011900190019001900190025
:10D7A00019001900190019001900190019001900B1
:10D7B000190019001900FF001900E9001900DE0026
:10D7C000E3680233E360002002B0BDE8F081722A12
:10D7D000F9D1FEF713F80128F5DDE3681A78002A7D
:10D7E000F1D05E1CE6601B785F2BECD10022451E59
:10D7F00017464FF042083378002BE4D0242B40F03A
:10D800009F817378532B00F0BF815F2B00F0BA81AA
:10D81000242BD8D11946D4E905039842D0DA2669D9
:10D8200000EB800C06EB8C030130C3E901776061EB
:10D8300006F82C80E668D960023D0236E660002AD0
:10D8400000F09E8141212046FDF760FF024600283E
:10D85000B9D0002DCFDC002340217EE05A1CC260ED
:10D860005A78002AAFD09A1CC2605B78413B352BB6
:10D87000A9D801A252F823F06BBA0200F3B7020054
:10D8800037BA0200F3B70200F3B7020077BA02001A
:10D89000F3B70200DBBA020055BB020049BB02002D
:10D8A000F3B70200F3B70200F3B70200F3B70200C8
:10D8B000F3B70200F3B70200F3B70200F3B70200B8
:10D8C00061BB0200E7BA0200F3B70200F7BA020038
:10D8D00007BB0200F3B70200F3B70200F3B7020080
:10D8E000F3B70200F3B70200F3B70200F3B7020088
:10D8F000F3B70200F3B70200F3B70200F3B7020078
:10D9000013BB0200F3B70200F3B70200F3B7020043
:10D91000F3B7020083BA0200F3B70200F3B70200C4
:10D92000F3B70200F3B70200F3B70200F3B7020047
:10D93000F3B70200F3B70200F3B70200F3B7020037
:10D94000F3B70200F3B70200F3B70200AFBA020068
:10D9500000F03CF9002302461321204602B0BDE846
:10D96000F041FDF7D3BE9A78002A00F00F81DA1C4F
:10D97000C2609A78DB786E2A3AD0472B02D0542BBB
:10D9800040F004812046FFF7E7FE024600234A21CB
:10D99000E3E700F01BF9D4E905139942024680F24F
:10D9A000FF800190206901EB810600EB86050023D2
:10D9B000C5E9013301314323616100F82630204677
:10D9C000FDF71CFF019AE8602B461621C5E79B78FE
:10D9D000472B01D0542B06D12046FFF7BDFE02464F
:10D9E00000231721B9E7002100F03EFA0246F7E7CD
:10D9F000472B00F0E180542B00F0DE80002100F086
:10DA000033FA024600234B21A7E7FEF7D1FA054679
:10DA10002046FDF7F3FE0028FFF6D5AEE3681A783E
:10DA20005F2A7FF4D0AE0133E3602046FEF7C0FAF0
:10DA3000E16A0531E16202462B460B218DE7FFF7D3
:10DA40003DFA00230246302187E7FEF7B1FA0023B2
:10DA500002460E2181E76821FDF70AFF00283FF406
:10DA6000B2AEE3681B78472B00F0A180542B00F086
:10DA70009E800021204600F0F7F9024600230F2186
:10DA80006BE77621FDF7F4FE00283FF49CAEE368D7
:10DA90001B78472B00F08680542B00F083800021F8
:10DAA000204600F0E1F902460023102155E700F07E
:10DAB0008DF80023024614214FE70A31C162FEF7B8
:10DAC00077FA002302460A2147E70F31C162FEF7C9
:10DAD0006FFA0023024609213FE700F077F80023A0
:10DAE0000246152139E70021FDF7C2FE00283FF468
:10DAF0006AAE00212046FDF7BBFE00283FF463AE6E
:10DB0000E3681B78472B5CD0542B5AD00021204669
:10DB100000F0AAF90246002311211EE7FEF748FA99
:10DB200000230246122118E7FEF742FA00230246BC
:10DB30000C2112E7FEF73CFA002302460D210CE708
:10DB4000B446002104E01CF8013F23B1242B02D08D
:10DB50000131A942F7DBD4E9053083421CDA2069A0
:10DB600003EB830C0133636100EB8C03C3E90177A2
:10DB700000F82C70C3E90361E6686D1A0E445DE697
:10DB80001A4666E62E2146E62F2144E6002120466D
:10DB900000F06AF90246F9E6E3680B44E36012E636
:10DBA000002511E72046FFF7D7FD02467CE7204617
:10DBB000FFF7D2FD024661E72046FFF7CDFD0246A2
:10DBC00020E72046FFF7C8FD0246A4E7F0B5C2688B
:10DBD00013784E3B83B004460C2B08D8DFE803F0E3
:10DBE0003107070707170712070707075500FEF752
:10DBF00035FFE3681A78492A054600F0D2802846A6
:10DC000003B0F0BD03B0BDE8F040FEF727BF537886
:10DC1000742B00F08E800021FEF700F9E3681A787B
:10DC2000492A0546EBD10133E3602046FFF772F93C
:10DC300003462A460421204603B0BDE8F040FDF724
:10DC400065BD0132C26001A90122FFF7DBFC054678
:10DC5000002800F0B78000212046FDF72DFE0121AD
:10DC600006462046FFF788F92860002800F0AA80C1
:10DC700016B1019BF3600196E3681A78452A40F0DB
:10DC8000A1800133019DE360B9E7531CC360537861
:10DC9000472B02D0542B40F099802046FFF75CFDC3
:10DCA0000546002D00F08E80E3681A78452A40F082
:10DCB00089805A1CE2605A78732A00F0AD80642A89
:10DCC00000F089802046FFF781FF034628B30278E1
:10DCD000472A22D0492A20D01F464FF0FF3620463F
:10DCE000FDF77EFE00286DD0731C08BF3B4614D0A4
:10DCF000D4E905239A4280F2B080216902EB8200C8
:10DD000001EB800301324FF0000CC3E901CC6261EA
:10DD1000482201F82020C3E903762A78032A05D196
:10DD20002A691178292904BF0021D1602A460221DD
:10DD300081E7D0E9053102328B42C26080F28880EF
:10DD4000026903EB8305A9000133436102EB8505FA
:10DD50000023C5E901335354414A0323C5E9032392
:10DD60002046FEF77BFE2A46034601212046FDF7AA
:10DD7000CDFCE26AE3680332E2621A78492A05467A
:10DD80007FF43DAFF0B1D4E908218A421ADAE169A3
:10DD900041F82200013222621A78493A012A0FD84A
:10DDA00041E778B1D4E908218A420BDAE16941F808
:10DDB0002200013222621A78493A012A7FF633AFF3
:10DDC000002336E70025284603B0F0BD002100F00F
:10DDD0004BF8054665E79A1CE2609A785F2A39D0CD
:10DDE0006E2AEFD02046FDF709FD461CEAD4E36811
:10DDF0001A785F2AE6D10133E3602046FFF7E6FE9A
:10DE0000074600283FF474AF3B78472B3FF470AFD0
:10DE1000492B3FF46DAF62E70233E3602046FDF724
:10DE2000DFFD0028CED0D4E905239A4215DA216916
:10DE300002EB820398000132626101EB830300224E
:10DE4000C3E901220A5407490E22C3E9031264E719
:10DE5000002585E703330026CEE700235DE700BFFA
:10DE6000B0980020A098002070B505460E46FFF738
:10DE7000ADFE00B304460EB3AB68DB071ED42378B7
:10DE80004E2BA3F11C01A3F150023AD037D804293C
:10DE900037D9022B10D123696BB11A784E2AA2F11F
:10DEA0001C00A2F1500102D03DD8042804D8DB6840
:10DEB0002361002BF1D10024204670BDEB681B7854
:10DEC000002BF9D0452BF7D021460B78042B2DD011
:10DED0001ED8022B1AD109690029F6D12846FEF76F
:10DEE000DFFC0028E7D016B92378022B32D0034696
:10DEF000224628460321BDE87040FDF707BC012AF1
:10DF0000DAD8E468BBE71C3B042B08D90021E5E71D
:10DF10004E2BA3F1500202D0F5D9012AF6D8C968D8
:10DF20000029D2D1DAE70129C6D8C0E7CB685BB1B6
:10DF30001978082901F1FF3208D80629E6D8012A04
:10DF400002D81B69002BF3D10121C7E7353918BF6F
:10DF50000121C3E70378292B08BFC660C7E700BFCC
:10DF60002DE9F04F044695B0002A66D0D0F818513C
:10DF7000002D65D117781646512F5ED8DFE817F0CF
:10DF80005C091B011B01EE049808DE024A0497009D
:10DF90008B00F908D208A603B80191016A0147076E
:10DFA0002007F906E307BC0795076E077F032304E4
:10DFB000F80399009900990063006300630063000F
:10DFC000630063006300C500C50063006300870948
:10DFD0008300C8048D06AF006B06AF00E600E600C4
:10DFE000580334030A0331085D000A086306460635
:10DFF000EB055D0020095D005D002A012A01550442
:10E000005E085808BA0478044F05C4059D057605D6
:10E010005D00A4027D0256020A02DF016300CD0307
:10E0200063006300D4F824110029C1F22584FDF7B0
:10E03000FBFC0246002841F01F840123C4F818317C
:10E0400015B0BDE8F08F0022D4F814310493D4F851
:10E050001031079304ABC4F81431002305960693DE
:10E06000002A01F0E6871121204601F0F3FF069B0C
:10E07000002B01F0E982049BC4F81431002DDFD09D
:10E08000C4F81081DCE7F2681121204615B0BDE824
:10E09000F04F01F0DFBFD0F80011FF2901F05F85DC
:10E0A0004A1C7E23C4F80021635484F80431326989
:10E0B000EAE7D0F814C1BCF1000F0ED063469968AE
:10E0C00041B95A681278A2F11900022801F2EF84CE
:10E0D0009742D8D01B68002BF1D1F2682BE0D0E931
:10E0E000443104AAC0F814210022CDE90416069296
:10E0F00011213269079301F0ADFF069B002B01F05F
:10E10000C384049BC4F814319AE7D268D0F8205134
:10E110001378002D41F07083052B01F0D285104655
:10E12000232B01F0D8829F4201F0D582242B01F0ED
:10E130000A86D4F814C1D4F81031079304ABC4F89C
:10E1400014310023CDE904C606938CE7D26812B1DE
:10E15000112101F07FFF3369002B3FF471AFD4F838
:10E160000051FD2D01F2A784DFF884832C2708F1EC
:10E17000010A4FF0000929460BE00B460131D0455A
:10E18000C4F80011E75484F8047101F0648218F8AF
:10E19000017FFF29F1D1D4F80831D4F80C2184F89B
:10E1A000FF9020469847D4F828310133C4F828312D
:10E1B00001210023E3E7D268112101F04BFFC74999
:10E1C0002046FDF71BFD37693B78482B01F08B801B
:10E1D0003A4659E7D2681378272B41F05A83D3681F
:10E1E0001D7C062D01F27D82002D41F01C85D4F8A6
:10E1F0000011FF2901F0F0844B1CC4F800312823E2
:10E2000063542046112184F8043101F023FFD4F82F
:10E210000011FF2901F0F7844B1CC4F800312923B9
:10E22000635484F8043133783E2B01F0E684082DE2
:10E230007FF43DAF5B212046FDF758FC1121326988
:10E24000204601F007FF5D21204615B0BDE8F04FE4
:10E25000FDF74CBCA24FD0F8001107F10F0974254F
:10E260004FF000080BE00B4601314F45C4F8001198
:10E27000E55484F804513FF406AF17F8015FFF2915
:10E28000F1D1D4F80831D4F80C2184F8FF8020466D
:10E290009847D4F828310133C4F8283101210023EC
:10E2A000E3E7904FD0F8001107F1110974254FF002
:10E2B00000080BE00B460131B945C4F80011E554E4
:10E2C00084F804513FF4DFAE17F8015FFF29F1D164
:10E2D000D4F80831D4F80C2184F8FF802046984700
:10E2E000D4F828310133C4F8283101210023E3E7B1
:10E2F0007D4FD0F8001107F10C0974254FF000088C
:10E300000BE00B4601314F45C4F80011E55484F889
:10E3100004513FF4B8AE17F8015FFF29F1D1D4F8EA
:10E320000831D4F80C2184F8FF8020469847D4F8AF
:10E3300028310133C4F8283101210023E3E76B4F72
:10E34000D268112101F086FE07F10409D4F800110A
:10E350005B254FF000080BE00B460131B945C4F8CE
:10E360000011E55484F8045100F0F38717F8015FB9
:10E37000FF29F1D1D4F80831D4F80C2184F8FF80BA
:10E3800020469847D4F828310133C4F828310121B8
:10E390000023E3E7D2F80CA05146FDF7E5FB4FF070
:10E3A000000810B901F020BDC84603782F2B08F1F2
:10E3B000010941F08781C368002B01F08381006966
:10E3C0000028F1D103E001354D45BFF639AEC4F860
:10E3D000245152461121204601F03CFEA845F2DDB1
:10E3E000434FD4F8001107F1010B2C260AE00B462D
:10E3F0000131BB45C4F80011E65484F80461E2D051
:10E4000017F8016FFF29F2D14FF00002D4F808315C
:10E4100084F8FF202046D4F80C219847D4F82831FE
:10E420000133C4F8283101210023E2E7314FD0F84D
:10E43000001107F119096E254FF000080BE00B469B
:10E440000131B945C4F80011E55484F804513FF492
:10E450001AAE17F8015FFF29F1D1D4F80831D4F8CA
:10E460000C2184F8FF8020469847D4F828310133E6
:10E47000C4F8283101210023E3E71F4FD0F8001131
:10E4800007F1150974254FF000080BE00B46013128
:10E49000B945C4F80011E55484F804513FF4F3ADD4
:10E4A00017F8015FFF29F1D1D4F80831D4F80C2115
:10E4B00084F8FF8020469847D4F828310133C4F807
:10E4C000283101210023E3E70C4FD0F8001107F1B8
:10E4D0000D097B254FF000081EE000BFBC9800200E
:10E4E0005C9900204899002038990020B4980020B9
:10E4F00054770020289A00202C9A0020289B002086
:10E500000B4601314F45C4F80011E55484F804511D
:10E5100000F0398717F8015FFF29F1D1D4F80831ED
:10E52000D4F80C2184F8FF8020469847D4F828318D
:10E530000133C4F8283101210023E3E7D0F820316A
:10E54000002B01F08E81D34FD0F8001107F10409A0
:10E5500061254FF000080BE00B460131B945C4F8C6
:10E560000011E55484F8045101F04A8117F8015F65
:10E57000FF29F1D1D4F80831D4F80C2184F8FF80B8
:10E5800020469847D4F828310133C4F828310121B6
:10E590000023E3E7D768C04ED7F80880D0F8001111
:10E5A00006F1070A6F254FF000090BE00B46013119
:10E5B000B245C4F80011E55484F8045100F02687F0
:10E5C00016F8015FFF29F1D1D4F80831D4F80C21F5
:10E5D00084F8FF9020469847D4F828310133C4F8D6
:10E5E000283101210023E3E7D2E9032512B11121EB
:10E5F00001F030FDD4F80011FF2901F06D824A1CB2
:10E600007B23C4F80021204663542A46112184F854
:10E61000043101F01FFDD4F80011FF2900F0E68657
:10E620004A1C7D23C4F80021635484F8043107E5B3
:10E630009A4FD0F8001107F11D0974254FF000081A
:10E640000BE00B460131B945C4F80011E55484F8DC
:10E6500004513FF418AD17F8015FFF29F1D1D4F848
:10E660000831D4F80C2184F8FF8020469847D4F86C
:10E6700028310133C4F8283101210023E3E7884F12
:10E68000D0F8001107F1140972254FF000080BE0D3
:10E690000B460131B945C4F80011E55484F8045122
:10E6A00000F0F48617F8015FFF29F1D1D4F80831A2
:10E6B000D4F80C2184F8FF8020469847D4F82831FC
:10E6C0000133C4F8283101210023E3E7754FD0F866
:10E6D000001107F1170963254FF000080BE00B4606
:10E6E00001314F45C4F80011E55484F8045100F09D
:10E6F0007C8717F8015FFF29F1D1D4F80831D4F8ED
:10E700000C2184F8FF8020469847D4F82831013343
:10E71000C4F8283101210023E3E7634FD2681121B7
:10E7200001F098FC07F10709D4F8001120254FF0FB
:10E7300000080BE00B460131B945C4F80011E5545F
:10E7400084F8045100F0058617F8015FFF29F1D124
:10E75000D4F80831D4F80C2184F8FF80204698477B
:10E76000D4F828310133C4F8283101210023E3E72C
:10E77000D2E90353002B3FF463AC2B44D0F80011D3
:10E78000013D5F1E4FF0000809E00B460131AF422A
:10E79000C4F80011E65484F804613FF451ACFF2939
:10E7A00015F8016FF1D1D4F80831D4F80C2184F8B0
:10E7B000FF8020469847D4F828310133C4F8283127
:10E7C00001210023E3E7394FD0F8001107F11009C8
:10E7D00068254FF000080BE00B460131B945C4F83D
:10E7E0000011E55484F804513FF44DAC17F8015F73
:10E7F000FF29F1D1D4F80831D4F80C2184F8FF8036
:10E8000020469847D4F828310133C4F82831012133
:10E810000023E3E7D568002D40F0A1872449204676
:10E8200015B0BDE8F04FFDF7E9B91121D26801F04C
:10E8300011FCD4F80011FF2901F06E814A1C282335
:10E84000C4F80021635484F8043132691121204650
:10E8500001F000FCD4F80011FF2901F02C804A1CC3
:10E860002923C4F80021635484F80431FFF7E8BB7E
:10E87000D268104904A809F0EDF804A80EF02AF9AE
:10E8800000283FF4DDAB04ADD4F800112F184FF091
:10E8900000081BE0D49800205C9A0020DC9800203F
:10E8A000FC99002014990020389B0020149A002025
:10E8B000C89A0020709800200B460131AF42C4F87E
:10E8C0000011E65484F804613FF4BAABFF2915F84F
:10E8D000016BF1D1D4F80831D4F80C2184F8FF8011
:10E8E00020469847D4F828310133C4F82831012153
:10E8F0000023E3E7D0F80011157BFF2901F01E810A
:10E900004B1CC4F80031655484F80451FFF798BBE0
:10E91000D268CAB1D0F8141104ABC0F81431002386
:10E92000CDE9041606931121D0F81031079301F0B8
:10E9300091FB069B049AC4F81421002B7FF480AB52
:10E9400020212046FDF7D2F8D4F8143132461121A7
:10E95000204615B0BDE8F04F01F0C6BED768D0F82C
:10E9600014910022C0F81421002F3FF466AB0DF182
:10E970001008D0F810C1434611469646C3E9002757
:10E98000C3E902EC3A784E2A9A46A2F11C0BA2F196
:10E99000500001F1010500F0888600F2ED84BBF122
:10E9A000040F40F28286022AC4F8143114D13F6960
:10E9B0003A78482A01F0508208EB01114FF0000A22
:10E9C0004E2AA2F15003A2F11C0000F0878700F24A
:10E9D0008287042840F28287042A04D1CDE902C745
:10E9E00002ABC4F8103132691121204601F032FB2C
:10E9F0003B78042B02D1029BC4F8103108EB0518B8
:10EA0000202758F8086C013D002E00F03B86A8F145
:10EA10001008002DF5D1C4F81491FFF711BBAB4FCE
:10EA2000D0F8001107F1090964254FF000080BE048
:10EA30000B4601314F45C4F80011E55484F80451E8
:10EA400000F0FF8517F8015FFF29F1D1D4F80831F4
:10EA5000D4F80C2184F8FF8020469847D4F8283158
:10EA60000133C4F8283101210023E3E7984FD0F89F
:10EA7000001107F107097B254FF000080BE00B465A
:10EA800001314F45C4F80011E55484F8045100F0F9
:10EA9000468517F8015FFF29F1D1D4F80831D4F881
:10EAA0000C2184F8FF8020469847D4F828310133A0
:10EAB000C4F8283101210023E3E7864FD0F8001184
:10EAC00007F11B0967254FF000080BE00B460131E9
:10EAD000B945C4F80011E55484F804513FF4D3AAB1
:10EAE00017F8015FFF29F1D1D4F80831D4F80C21CF
:10EAF00084F8FF8020469847D4F828310133C4F8C1
:10EB0000283101210023E3E7734FD0F8001107F10A
:10EB10001C0967254FF000080BE00B460131B94591
:10EB2000C4F80011E55484F804513FF4ACAA17F876
:10EB3000015FFF29F1D1D4F80831D4F80C2184F811
:10EB4000FF8020469847D4F828310133C4F8283193
:10EB500001210023E3E713691B78392B7FF46DAAA9
:10EB6000D268D3681B685978632901F081803246E6
:10EB70001121204602F016FB00287FF461AA3246DC
:10EB80001121204602F038FC00287FF459AAF368CE
:10EB90001A78322A01F0DD81DB68504918680BF0E1
:10EBA0009DFD336920B9DA681178032901F00082EC
:10EBB000DA681121204602F087FAF5684849EB68C7
:10EBC0001F6838460BF08AFD002801F0E1814349B7
:10EBD00038460BF083FD002841F0F881336911219C
:10EBE0001A69204602F070FAF3681A78322A7FF424
:10EBF00027AADB689A68012A7FF422AA5B681B783F
:10EC00003E2B7FF41DAA2921FFF71EBBD2E9037515
:10EC10003B78322B00F0B186342B41F00D82282155
:10EC2000FCF764FF20461121FA6801F013FA29214C
:10EC30002046FCF75BFF2A461121204615B0BDE8AF
:10EC4000F04F02F041BAD2681121204615B0BDE85C
:10EC5000F04F02F03DB8B2F91230002B40F01B87A4
:10EC6000F268204BD16899420FD01121204601F063
:10EC7000F1F9D4F80011FF2901F0BE8020234A1CCD
:10EC8000C4F80021635484F80431B6F91080B8F157
:10EC9000000F00F040851449C1E5D0F814C1D0F848
:10ECA000103107930DF110080023E146CDF810C094
:10ECB000C0F8148105920693BCF1000F01F03D816C
:10ECC00001276546BE469446464628E0B89A00208D
:10ECD000189B0020F89A0020D89A0020789A0020EB
:10ECE00094540020D89100204C9A0020AB68A3B91E
:10ECF000032F3FF6A2A914AB03EB071B95E80F0007
:10ED0000ABF1400A8AE80F004BF8406C08EB07169D
:10ED1000C4F814610137C5F808E02D6825B16B68A7
:10ED20001B78193B022BE1D9DCF810201121204679
:10ED3000664601F08FF9069BC4F81491002B7FF40E
:10ED40007FA9012F0CD008EB071858F80C2C013FB5
:10ED50001121204601F0ACF9012FA8F11008F4D1DF
:10ED6000D4F8143132461121204601F0CDFEFFF7D0
:10ED700067B9C64FD0F8001107F1190963254FF0A4
:10ED800000080BE00B460131B945C4F80011E55409
:10ED900084F804513FF477A917F8015FFF29F1D1F6
:10EDA000D4F80831D4F80C2184F8FF802046984725
:10EDB000D4F828310133C4F8283101210023E3E7D6
:10EDC000B34FD0F8001107F1100976254FF0000875
:10EDD0000BE00B460131B945C4F80011E55484F845
:10EDE00004513FF450A917F8015FFF29F1D1D4F87D
:10EDF0000831D4F80C2184F8FF8020469847D4F8D5
:10EE000028310133C4F8283101210023E3E7A14F61
:10EE1000D0F8001107F114096E254FF000080BE03F
:10EE20000B460131B945C4F80011E55484F804518A
:10EE30003FF429A917F8015FFF29F1D1D4F808316F
:10EE4000D4F80C2184F8FF8020469847D4F8283164
:10EE50000133C4F8283101210023E3E78E4FD0F8B5
:10EE6000001107F1180954254FF000080BE00B467C
:10EE70000131B945C4F80011E55484F804513FF458
:10EE800002A917F8015FFF29F1D1D4F80831D4F8AD
:10EE90000C2184F8FF8020469847D4F828310133AC
:10EEA000C4F8283101210023E3E77C4FD0F800119A
:10EEB00007F1150954254FF000080BE00B4601310E
:10EEC000B945C4F80011E55484F804513FF4DBA8B7
:10EED00017F8015FFF29F1D1D4F80831D4F80C21DB
:10EEE00084F8FF8020469847D4F828310133C4F8CD
:10EEF000283101210023E3E7694FD0F8001107F121
:10EF0000120967254FF000080BE00B460131B945A7
:10EF1000C4F80011E55484F804513FF4B4A817F87C
:10EF2000015FFF29F1D1D4F80831D4F80C2184F81D
:10EF3000FF8020469847D4F828310133C4F828319F
:10EF400001210023E3E7574FD0F8001107F10E0924
:10EF50006A254FF000080BE00B460131B945C4F8B3
:10EF60000011E55484F804513FF48DA817F8015FAF
:10EF7000FF29F1D1D4F80831D4F80C2184F8FF80AE
:10EF800020469847D4F828310133C4F828310121AC
:10EF90000023E3E7444FD0F8001107F108096F257B
:10EFA0004FF000080BE00B460131B945C4F80011E1
:10EFB000E55484F8045100F0958217F8015FFF29A9
:10EFC000F1D1D4F80831D4F80C2184F8FF80204620
:10EFD0009847D4F828310133C4F82831012100239F
:10EFE000E3E7314FD0F8001107F108096F254FF022
:10EFF00000080BE00B460131B945C4F80011E55497
:10F0000084F804513FF453A817F8015FFF29F1D1A8
:10F01000D4F80831D4F80C2184F8FF8020469847B2
:10F02000D4F828310133C4F8283101210023E3E763
:10F03000D268112101F00EF8FFF739B81B4FD0F854
:10F04000001107F10D096A254FF000080BE00B468F
:10F050000131B945C4F80011E55484F804513FF476
:10F0600012A817F8015FFF29F1D1D4F80831D4F8BC
:10F070000C2184F8FF8020469847D4F828310133CA
:10F08000C4F8283101210023E3E700BF889900205C
:10F090007499002070990020E0990020C899002000
:10F0A000B4990020A4990020689A0020A89A002012
:10F0B0000023D0F81481D0F84871C4F848211121F8
:10F0C000C0F81431D26800F0C5FF94F804313C2B2D
:10F0D00000F07C85D4F80011FF2900F067854B1CF7
:10F0E000C4F800313C23635484F80431326911219F
:10F0F000204600F0AFFF94F804313E2B00F050851D
:10F10000D4F80011FF2900F03B854B1CC4F80031F6
:10F110003E23635484F80431C4F81481C4F8487160
:10F12000FEF78EBFC44FD0F8001107F1070956252E
:10F130004FF000080BE00B4601314F45C4F80011B9
:10F14000E55484F804513EF49EAF17F8015FFF299F
:10F15000F1D1D4F80831D4F80C2184F8FF8020468E
:10F160009847D4F828310133C4F82831012100230D
:10F17000E3E7B24FD0F8001107F10A0976254FF006
:10F1800000080BE00B460131B945C4F80011E55405
:10F1900084F804513EF477AF17F8015FFF29F1D1ED
:10F1A000D4F80831D4F80C2184F8FF802046984721
:10F1B000D4F828310133C4F8283101210023E3E7D2
:10F1C00013691A783B2A7EF438AF1B691B783C2BF5
:10F1D0007EF433AF3246112101F0E4FF00287EF4C3
:10F1E0002FAF32461121204602F006F900287EF4A6
:10F1F00027AFD6E90383D3E90363D8F80C209049FD
:10F200001068D3E903750BF069FA002840F0E58631
:10F2100032462046112101F057FF42462046112177
:10F2200001F056FD20463A46112101F04DFF854977
:10F230002046FCF7E3FCFEE4D2E90353002B3EF446
:10F24000FFAE2B44D0F80011013D5F1E4FF00008C7
:10F2500009E00B460131AF42C4F80011E65484F8CE
:10F2600004613EF4EDAEFF2915F8016FF1D1D4F839
:10F270000831D4F80C2184F8FF8020469847D4F850
:10F2800028310133C4F8283101210023E3E7D26893
:10F29000D2E90053002B3EF4D3AE2B44D0F800113A
:10F2A000013D5F1E4FF0000809E00B460131AF42FF
:10F2B000C4F80011E65484F804613EF4C1AEFF299D
:10F2C00015F8016FF1D1D4F80831D4F80C2184F885
:10F2D000FF8020469847D4F828310133C4F82831FC
:10F2E00001210023E3E758492046FCF787FC3A69EF
:10F2F0005649013204A808F0ADFB04A80DF0EAFB62
:10F30000002800F0FB8304ADD4F8001105EB0009E0
:10F310004FF0000809E00B460131A945C4F800117F
:10F32000E65484F8046100F0E983FF2915F8016BC5
:10F33000F1D1D4F80831D4F80C2184F8FF802046AC
:10F340009847D4F828310133C4F82831012100232B
:10F35000E3E711213269204600F07CFED4F8001169
:10F36000FF2900F099824A1C5D23C4F800216354F0
:10F3700084F80431FEF764BE012840F29681C4F897
:10F380001431FFF730BBF2683049013204A808F0AD
:10F3900061FB04A80DF09EFB18B304ADD4F8001176
:10F3A0002F184FF0000808E00B460131AF42C4F8B7
:10F3B0000011E65484F8046115D0FF2915F8016B9B
:10F3C000F2D1D4F80831D4F80C2184F8FF8020461B
:10F3D0009847D4F828310133C4F82831012100239B
:10F3E000E4E7D4F80011FF297FF41AA90025D4E935
:10F3F000423284F8FF5020469847D4F82831012241
:10F400001344C4F828312946FFF70BB97D682B78DF
:10F41000613B192B40F22D8308F1FF37EB5D202B68
:10F4200018BF4746002F3EF40BAE013DD4F8001143
:10F430002F444FF0000815E008990020FC980020A8
:10F440007C9A0020809A0020C098002070980020AC
:10F450000B460131AF42C4F80011E65484F8046150
:10F460003EF4EEADFF2915F8016FF1D1D4F8083163
:10F47000D4F80C2184F8FF8020469847D4F828312E
:10F480000133C4F8283101210023E3E7CC4F32696E
:10F490001121204600F0DEFD07F10409D4F8001127
:10F4A00020254FF000080BE00B460131B945C4F8A8
:10F4B0000011E55484F804513EF4E5AD17F8015FFE
:10F4C000FF29F1D1D4F80831D4F80C2184F8FF8059
:10F4D00020469847D4F828310133C4F82831012157
:10F4E0000023E3E7D4F8483133B1D4F81011049184
:10F4F00004AAC4F810210593F2681378042B00F0D5
:10F5000007821121204600F0A5FDD4F84831002BD8
:10F510003EF496AD049BC4F81031FEF791BDD4F8CB
:10F520002031F268A74F0133C4F820311121204661
:10F5300000F090FDD4F82031D4F80011013BC4F85C
:10F54000203107F1010929254FF000080AE00B4698
:10F5500001314F45C4F80011E55484F8045113D02B
:10F5600017F8015FFF29F2D1D4F80831D4F80C2143
:10F5700084F8FF8020469847D4F828310133C4F836
:10F58000283101210023E4E732698F49013204A8C0
:10F5900008F060FA04A80DF09DFA00283FF421AFAE
:10F5A00004ADD4F800112F184FF0000809E00B4605
:10F5B0000131BD42C4F80011E65484F804613FF4FF
:10F5C00012AFFF2915F8016BF1D1D4F80831D4F846
:10F5D0000C2184F8FF8020469847D4F82831013365
:10F5E000C4F8283101210023E3E7784FF2681121A4
:10F5F000204600F02FFD07F10309D4F800112D2556
:10F600004FF000080BE00B460131B945C4F800117A
:10F61000E55484F804513EF44AAD17F8015FFF2920
:10F62000F1D1D4F80831D4F80C2184F8FF802046B9
:10F630009847D4F828310133C4F828310121002338
:10F64000E3E7F268FFF702B932461121204600F0E5
:10F650002FFDFEF710BD3269D4F828610D46204613
:10F66000112100F0F7FCD4F82831B3427EF4E8AC65
:10F67000D4F800319D427EF4E3AC023DC4F8005161
:10F68000FEF7DEBCD4F80011FF2900F05F834B1CAD
:10F69000C4F8003158F80C2C6754204684F80471E3
:10F6A000112100F005FDFFF7B2B9FF685246002FA7
:10F6B00000F0AC84042D03F1100300F0F181294621
:10F6C000FFF75CB9B8F1000F3EF4BAACC14608F1DF
:10F6D000FF38FEF77CBED4F814C1C2680646FEF7B8
:10F6E0002ABD072D7EF483AD3369197800297EF495
:10F6F0007EAD196901297EF47AAD3D2F7EF477AD98
:10F70000DB681B78302B00F09D84312B7EF46FADCD
:10F710002F49FFF784B82F4ED4F80011771D5F25CD
:10F720000BE00B460131B742C4F80011E55484F8F0
:10F7300004513EF485AC16F8015FFF29F1D1D4F8ED
:10F740000831D4F80C2184F8FF8020469847D4F87B
:10F7500028310133C4F8283101210023E3E71E4991
:10F76000FCF74CFA18492A4604A808F073F904A8D3
:10F770000DF0B0F990B304ADD4F800112F184FF08C
:10F78000000808E00B460131BD42C4F80011E65400
:10F7900084F8046124D0FF2915F8016BF2D1D4F864
:10F7A0000831D4F80C2184F8FF8020469847D4F81B
:10F7B00028310133C4F8283101210023E4E700BFD8
:10F7C000F4990020249B002070980020309900209C
:10F7D000A09A0020549A0020D09A0020D4F800115A
:10F7E000FF2900F0F3827D234A1CC4F800216354F2
:10F7F00084F80431FEF724BC10460025FEF790BCC7
:10F80000F268C249013204A808F024F904A80DF0F6
:10F8100061F900283EF414AC04ADD4F800112F189F
:10F820004FF0000809E00B460131BD42C4F8001159
:10F83000E65484F804613EF403ACFF2915F8016B2B
:10F84000F1D1D4F80831D4F80C2184F8FF80204697
:10F850009847D4F828310133C4F828310121002316
:10F86000E3E71146FCF764F9024600283EF4E5ABF5
:10F8700003782F2B3EF4D6ABD4F810512B68C4F884
:10F8800010311121204600F0E5FBC4F81051FEF7BD
:10F89000D7BB0025FEF7ABBC0025D4E9423284F883
:10F8A000FF5020469847D4F8283101221344C4F869
:10F8B0002831294658E50025D4E9423284F8FF5022
:10F8C00020469847D4F8283101221344C4F828313F
:10F8D0002946FEF7C5BF012B3FF685A8042D3EF44F
:10F8E000ACAB8E4601F1100B0FC98BE80F00CEE9CF
:10F8F000017AFF68CEF810E00135CEF80CC0594609
:10F90000C4F814B1002F3EF498AB3A78FFF758B81A
:10F91000D2681121204600F09DFBD4F8483113B184
:10F92000049BC4F8103194F804313C2B00F0BE82E3
:10F93000D4F80011FF2900F0A9824A1C3C23C4F826
:10F940000021635484F80431F36811211A692046B8
:10F9500000F080FB94F804313E2B00F09282D4F842
:10F960000011FF2900F07F823E234A1CC4F80021C9
:10F97000635484F80431FEF763BBFB681E68337878
:10F98000612B40F092807278642A40F08E80B278C9
:10F99000002A40F08A802A78032A00F08C82392AD3
:10F9A00000F09482732B11D172785A2A35D1B27833
:10F9B0009ABB29462046FCF7D7F8FCF703F8014626
:10F9C000204615B0BDE8F04FFCF77CB93A4611214E
:10F9D000204601F07DF93378672B07D17278732ABE
:10F9E00004D1B27812B92A46FEF74EBB732B7FF4CE
:10F9F00022A97378742B7FF41EA9B378002B7FF4AF
:10FA00001AA928212046FCF771F811212A46204620
:10FA100000F020FB2921FEF717BC732BD6D1737899
:10FA2000502BD3D1B378002BD0D11E4604E0013641
:10FA30002D69002D00F09A812B782F2B40F09681B4
:10FA4000EB68002B00F092811A784C2AEFD1D9682C
:10FA50002046FCF789F8034648B1002304E0C26859
:10FA60002AB10069013310B102782F2AF7D01E4461
:10FA7000DEE7FF2900F0D1814B1CC4F800312023C0
:10FA8000635484F80431C7E432461121204600F063
:10FA90000FFBFEF736BB1E49FCF7B0F8FFF7E0B8E6
:10FAA0000123C4E945A3FEF7CBBA2A7877E7F268C9
:10FAB0000D46FEF740BB002767552946D4E9423280
:10FAC00020469847D4F82831C4F800710133C4F8AF
:10FAD00028313D46FEF748BB0026D4F80831D4F85B
:10FAE0000C2184F8FF6020469847D4F82831012281
:10FAF0001344C4F828313146FEF782BD054920463B
:10FB0000FCF77CF8FF683A46FEF7BEBA7098002012
:10FB1000449A0020D09800200025D4F80831D4F869
:10FB20000C2184F8FF5020469847D4F82831012250
:10FB30001344C4F828312946FEF781BE0026D0F8C8
:10FB40000831D0F80C2180F8FF609847D4F82821BC
:10FB500001231A44C4F828213146FEF7D2BE0025FD
:10FB6000D0F80831D0F80C2180F8FF509847D4F82D
:10FB7000283101221344C4F828312946FEF791BAEE
:10FB80000025D4E9423284F8FF5020469847D4F843
:10FB900028310133C4F8283129460123FFF7B6BACA
:10FBA00020212046FBF7A2FFFFF7AABA0025D4E9DF
:10FBB000423284F8FF5020469847D4F82831013368
:10FBC000C4F8283129460123FFF78ABA20212046AC
:10FBD000FBF78CFFFFF77EBA0027D4E9423284F8A6
:10FBE000FF7020469847D4F82831F2680133C4F8F2
:10FBF000283139460123FEF700BB2D212046FBF7B3
:10FC000075FFFEF714BB0027D4E9423284F8FF7079
:10FC100020469847D4F828310133C4F828313946B2
:10FC20000123FEF7FABA33691B78002B7EF4DFAAB2
:10FC30003E2F00F0F681326911212046023D00F08E
:10FC400009FA042D3EF6FCA9DFE805F00F0C0906C1
:10FC50000300C849FEF7E3BDC749FEF7E0BDC74949
:10FC6000FEF7DDBD6C21FEF7EFBA7521FEF7ECBAA9
:10FC70001B78732B0AD0633BDBB20F2B3EF677AFBA
:10FC8000BF4951F82330002B3EF471AF11212046BB
:10FC900001F01EF83C212046FBF728FF33691121B3
:10FCA000DA68204600F0D6F9B6492046FBF7A6FFF1
:10FCB000336911211A69204600F0CCF92921FEF799
:10FCC000C3BAD0F834C1BCF1000F40F30781D0F8BB
:10FCD00030E12B46704604E0634500F1080000F077
:10FCE000FD805EF833108A4203F10103F4D1D4F8A9
:10FCF0002CC16346BCF1000F04D19DE05B68002B72
:10FD000000F09A801968914203D0B142F6D19C4527
:10FD1000F4D0114620460192FBF70AFF019A002811
:10FD20003EF48BA903782F2B7EF4FAA9D4F8241182
:10FD30000029FEF6FEA9FBF777FE002800F06A8195
:10FD40000378FEF7EDB9C268FEF77EB9D4F8083142
:10FD5000D4F80C2184F8FF6020469847D4F8283165
:10FD60000133C4F828313146012391E486493246F3
:10FD700004A807F06FFE04A80CF0ACFE00283EF4C7
:10FD80005FA904ADD4F800112F184FF0000809E066
:10FD90000B460131AF42C4F80011E65484F8046107
:10FDA0003EF44EA9FF2915F8016BF1D1D4F80831C2
:10FDB000D4F80C2184F8FF8020469847D4F82831E5
:10FDC0000133C4F8283101210023E3E70025D4E9F9
:10FDD000423284F8FF5020469847D4F82831013346
:10FDE0002946C4F82831FEE411212046524601F08C
:10FDF0006BF96649FEF713BD0025D4F80831D4F835
:10FE00000C2184F8FF5020469847D4F8283101335C
:10FE10002946C4F82831FEF731BF0026D4E9423222
:10FE200084F8FF6020469847D4F828317D68013374
:10FE3000C4F8283131461FE64368D4F81081C4F86D
:10FE40001031114620460192FBF772FE019A0028FC
:10FE500000F0E380012565E7FF68002F3EF4EDA880
:10FE60003A78FEF7A9BD0025D4E9423284F8FF5064
:10FE700020469847D4F8283101332946C4F8283160
:10FE800072E520212046FBF731FE68E50025D4F815
:10FE90000831D4F80C2184F8FF5020469847D4F854
:10FEA000283101332946C4F8283146E5202120466F
:10FEB000FBF71CFE3CE5EA68117801297FF472AD7E
:10FEC00029690978292908BF15466BE5EA681121D7
:10FED000204601F0F9F83A46FEF7B6BED4F83831BC
:10FEE00063457EF7AAA8D4F83011D4F810E101EBED
:10FEF000CC030CF10100C4F83401043341F83C2078
:10FF0000BEF1000F00F09280D4E95009944610E051
:10FF1000D4F83C11DEF8042001EBC0010130C4F834
:10FF200040014A601960DEF800E00B46BEF1000FA8
:10FF30007BD08145ECDCFEF780B81269112100F01E
:10FF400089F8069BC4F81491002B3EF409AFFEF724
:10FF500077B8DA68916801297EF41EAE526812788B
:10FF60003E2A7EF419AE28212046FBF7BFFDF36838
:10FF7000FEF712BE949A0020909A00208C9A0020DE
:10FF800000260020749A002070980020C49A002057
:10FF900020465B21FBF7AAFD336920461A6911212F
:10FFA00000F058F85D212046FBF7A0FDFEF71CBECF
:10FFB0001369D2681B78292B1CBF0123C4F81831A0
:10FFC0001121204601F080F8FEF7F7BD2A461121E5
:10FFD000204600F07DFEFEF701BE1C492046FBF7DF
:10FFE0000DFEF36843B111212046324601F06CF852
:10FFF00020212046FBF77AFD3A461121204600F0E9
:02000004600397
:1000000029F8002D7EF417AEFEF71AB8C4F81431A3
:10001000FEF713B8002D3EF410A8C4F81081FEF7C7
:100020000CB82D21FBF762FD05E662460021196040
:100030006FE6F268FEF717B83A46112100F048FE65
:10004000FEF7F9BD0249FEF7EABB00BF849A002023
:10005000989A002030B5054683B01AB35368012B37
:1000600014461FDCD0F81C11B1F5806F1ADC013387
:1000700053600131D0F82C31C0F81C11C0F82CD1DC
:100080001121CDE90023FDF76BFF6268D5F81C3123
:100090000199C5F82C11013A013B6260C5F81C3189
:1000A00003B030BD0123C5F8183103B030BD00BF27
:1000B0002DE9F8431378033B154604464E2B50D8E0
:1000C000DFE813F01C014F004F004F004F004F00BE
:1000D0004F004F004F004F004F004F004F004F00A8
:1000E0004F004F004F004F004F004F004F004F0098
:1000F00055007C00A30055007C00A300EF00FC002D
:10010000090187022201300155017B014F004F0098
:100110004F004F00A1014F00D1014F004F004F0091
:100120004F004F004F004F004F004F004F004F0057
:100130004F004F004F004F004F004F004F004F0047
:100140004F004F004F004F004F004F004F004F0037
:100150004F004F004F004F004F00F8014F00340296
:10016000C8002A461121BDE8F843FFF773BFD64EF9
:10017000D0F8001106F1080720254FF000080BE029
:100180000B460131BE42C4F80011E55484F8045115
:1001900000F0C68016F8015FFF29F1D1D4F80831CC
:1001A000D4F80C2184F8FF8020469847D4F82831F1
:1001B0000133C4F8283101210023E3E7C34ED0F80E
:1001C000001106F1080720254FF000080BE00B4650
:1001D0000131B742C4F80011E55484F8045100F02D
:1001E0009F8016F8015FFF29F1D1D4F80831D4F8C7
:1001F0000C2184F8FF8020469847D4F82831013339
:10020000C4F8283101210023E3E7B14ED0F80011F2
:10021000771D20254FF000080AE00B460131B74258
:10022000C4F80011E55484F8045179D016F8015F40
:10023000FF29F2D1D4F80831D4F80C2184F8FF80DA
:1002400020469847D4F828310133C4F828310121D9
:100250000023E4E79F4FD0F8001107F1050920269D
:100260004FF000080BE00B460131B945C4F800110E
:10027000E65484F8046100F07F8117F8016FFF29CC
:10028000F1D1D4F80831D4F80C2184F8FF8020464D
:100290009847D4F828310133C4F8283101210023CC
:1002A000E3E7D0F80031FF2B00F0D0812022591C69
:1002B000C0F80011C25480F8042127E0D0F80031C2
:1002C000FF2B00F0B481591C2022C4F80011E25425
:1002D00084F8042128E0D0F80011FF2900F097816C
:1002E0004A1C2023C4F80021635484F804312A698D
:1002F00020461121BDE8F843FFF7ACBEEA681121A2
:10030000BDE8F843FFF7A6BED0F80011FF2900F0C2
:10031000BC814A1C2623C4F80021635484F80431AC
:10032000BDE8F883D0F800116B4D26266F1C4FF006
:1003300000080AE00B460131BD42C4F80011E65442
:1003400084F80461ECD015F8016FFF29F2D1D4F8DC
:100350000831D4F80C2184F8FF8020469847D4F85F
:1003600028310133C4F8283101210023E4E75B4E32
:10037000D0F8001106F1080720254FF000080AE028
:100380000B460131B742C4F80011E55484F804511A
:10039000C6D016F8015FFF29F2D1D4F80831D4F89D
:1003A0000C2184F8FF8020469847D4F82831013387
:1003B000C4F8283101210023E4E7494ED0F80011A8
:1003C00006F10A0720254FF000080AE00B4601312C
:1003D000B742C4F80011E55484F80451A0D016F8CF
:1003E000015FFF29F2D1D4F80831D4F80C2184F848
:1003F000FF8020469847D4F828310133C4F82831CB
:1004000001210023E4E790F80431282B40F0D58047
:10041000344EEA6811212046FFF71CFEB71CD4F8C1
:1004200000113A254FF000080BE00B460131B742AE
:10043000C4F80011E55484F804513FF471AF16F884
:10044000015FFF29F1D1D4F80831D4F80C2184F8E8
:10045000FF8020469847D4F828310133C4F828316A
:1004600001210023E3E7204FD0F8001107F109092B
:1004700020264FF000080BE00B4601314F45C4F831
:100480000011E65484F8046100F0858017F8016FCC
:10049000FF29F1D1D4F80831D4F80C2184F8FF8079
:1004A00020469847D4F828310133C4F82831012177
:1004B0000023E3E70D4ED0F8001106F110072025C8
:1004C0004FF0000820E000BF449B0020509B00201C
:1004D0005C9B0020849B00208C9B0020909B002034
:1004E0009C9B0020A89B0020AC9B0020649B0020CC
:1004F0000B460131B742C4F80011E55484F80451A9
:100500003FF40EAF16F8015FFF29F1D1D4F808319E
:10051000D4F80C2184F8FF8020469847D4F828317D
:100520000133C4F8283101210023E3E76D4FD0F8EF
:10053000001107F1080920264FF000080AE00B46D9
:100540000131B945C4F80011E65484F8046113D0B0
:1005500017F8016FFF29F2D1D4F80831D4F80C2133
:1005600084F8FF8020469847D4F828310133C4F836
:10057000283101210023E4E72A69002A3FF4D0AEA4
:10058000FF2932D0481C2823C4F8000163541121EC
:1005900084F8043101E0EA6811212046FFF75AFD92
:1005A000D4F80011FF2961D04A1C2923C4F8002186
:1005B000635484F80431BDE8F883D0F80011FF29B2
:1005C00072D04A1C2023C4F80021635484F80431FB
:1005D0001EE7D0F80011FF2976D04A1C2A23C4F860
:1005E0000021635484F804319AE60026D4F80831D7
:1005F000D4F80C2184F8FF6020469847D4F82831BD
:100600002A690133C4F8283101203146BBE70026AE
:10061000D0F80831D0F80C2180F8FF609847D4F862
:10062000283101221344C4F82831314659E6002507
:10063000194680F8FF50D0E942329847D4F8283163
:1006400001210B44C4F828312B463DE60021D0E9B6
:10065000425280F8FF101946A847D4F828312022CA
:100660000133C4F828312270012152E60025D4E973
:10067000423284F8FF5020469847D4F828310122AE
:100680001344C4F8283129468FE70025D4E94232C3
:1006900084F8FF5020469847D4F8283101221344AB
:1006A000C4F82831294635E60026D0F80831D0F8BC
:1006B0000C2180F8FF609847D4F8283101221344B8
:1006C000C4F8283131467DE70025D0E9423280F870
:1006D000FF509847D4F8283101221344C4F8283138
:1006E00029467BE7789B00202DE9F843044616460F
:1006F0001D469BB1714F01209A687AB95A681178EA
:100700001939C9B2122900FA01F204D83A4235D196
:1007100012F4606F74D11B68002BEDD10023D4F864
:100720001471C4F814312A461121204600F0C8F88B
:10073000D4F80031FF2B4BD02822591CC4F80011EB
:10074000E25484F8042132692AB111212046FFF7CE
:1007500081FCD4F80011FF2976D04B1C2922C4F863
:10076000003120466254012384F8042111212A46D5
:1007700000F0A6F8C4F81471BDE8F88394F80431C9
:10078000202B45D1D4F80011FF294ED04B1C4FF03F
:100790002808C4F8003104F801804FF00009D4F8AB
:1007A000147184F804811121C4F814914B462A462F
:1007B000204600F085F8D4F80011FF2953D04B1CD7
:1007C0002922FF2BC4F80031625484F80421B3D1EC
:1007D0001946002384F8FF302046D4E94232984776
:1007E000D4F828310133C4F828312823237084F841
:1007F000043132690121C4F80011002AA5D1ACE707
:1008000094F8043103F0FD02282ABBD0202BB9D084
:10081000D4F80031FF2B3ED0591C2022FF29C4F808
:100820000011E25484F80421B0D10027D4E9423207
:1008300084F8FF7020469847D4F828310133C4F873
:10084000283139460123A2E70026D4E9423284F850
:10085000FF6020469847D4F828310133C4F8283186
:10086000314601237AE7D4E9423284F8FF902046EA
:10087000984742F62903238084F80481D4F828316C
:10088000326901330221C4F82831C4F80011002A6A
:100890007FF45BAF61E70022194684F8FF20D4F8AB
:1008A0000871D4F80C212046B847D4F8283120220A
:1008B0000133C4F828312270012167E707310400B1
:1008C000002A00F0C2802DE9F047054688B01E4698
:1008D00014460127D5F81821CAB9A2680ABB626874
:1008E0001178BEB1E368D5F81081A7602929C5F851
:1008F000103124D02A292CD0022934D011212846A5
:10090000FFF7D6FB2468C5F81081002CE2D108B0AF
:10091000BDE8F0874E2904D007D8A1F11C03042BB1
:10092000E0D82468002CD5D1F1E750390129F8D955
:10093000E368D5F81081A760C5F81031DEE72368B9
:1009400011212846FFF7D0FEC5F8108108B0BDE898
:10095000F08723681121284600F0D6F8C5F81081E9
:1009600008B0BDE8F087644ED5F81471D2684FF036
:1009700000091121C5F814912846FFF76BFB06F119
:10098000010AC5F81471D5F800113A270AE00B46A0
:1009900001315645C5F80011EF5485F8047113D0A4
:1009A00016F8017FFF29F2D1D5F80831D5F80C21CE
:1009B00085F8FF9028469847D5F828310133C5F8C7
:1009C000283101210023E4E763681C692378482B60
:1009D00017D04E2BA3F15002A3F11C010ED00BD85F
:1009E00004290BD9224611212846FFF733FBC5F80D
:1009F000108108B0BDE8F087012AF3D8E4682378B5
:100A0000E7E73E4F7B2607F10C0A4FF000090AE0AA
:100A10000B4601315745C5F80011EE5485F80461C5
:100A200014D017F8016FFF29F2D1D5F80831D5F8A5
:100A30000C2185F8FF9028469847D5F828310133D6
:100A4000C5F8283101210023E4E7704722692C49C9
:100A5000013201A806F0FEFF01A80CF03BF820B31C
:100A600001AED5F8001106EB000A4FF0000908E0CE
:100A70000B4601315645C5F80011EF5485F8047155
:100A800015D0FF2916F8017BF2D1D5F80831D5F839
:100A90000C2185F8FF9028469847D5F82831013376
:100AA000C5F8283101210023E4E7D5F80011154FDE
:100AB0007D2607F1020A4FF000090AE00B460131DA
:100AC0005745C5F80011EE5485F8046196D017F823
:100AD000016FFF29F2D1D5F80831D5F80C2185F83E
:100AE000FF9028469847D5F828310133C5F82831BA
:100AF00001210023E4E700BFBC980020C09800203B
:100B000070980020D09800202DE9F0470446174641
:100B100053B11E469D687DB31B68002BFAD1324647
:100B200011212046FFF7CCFED4F80031FF2B00F056
:100B30009D80591C2022FF29C4F80011E25484F83A
:100B4000042127D05B224B1CC4F80031625484F886
:100B50000421FA682AB111212046FFF77BFAD4F864
:100B60000031FF2B2FD0591C5D22C4F80011E25434
:100B700084F80421BDE8F0875B681B782A2B32D10A
:100B800011212B4632462046FFF79AFED4F8001179
:100B9000FF29D7D10022D4F8083184F8FF2020465D
:100BA000D4F80C2198475B22D4F82831227084F8BD
:100BB0000421FA68591C0123C4F82811C4F8003133
:100BC000002AC8D1CFE70025194684F8FF50D4E9A0
:100BD000423220469847D4F8283101210B44C4F80A
:100BE00028312B46C0E7DFF8E480D4F800114FF03D
:100BF000200908F1010A0CE00B46D04501F1010182
:100C0000C4F8001104F8039084F804911AD018F87D
:100C1000019FFF29F0D1D4F80831D4F80C2184F8D1
:100C2000FF5020469847D4F828310133C4F82831C2
:100C300000230121D045C4F8001104F8039084F882
:100C40000491E4D11121002332462046FFF738FEFB
:100C5000D4F80011FF2926D04B1C2922FF2BC4F801
:100C60000031625484F804217FF463AF00221946F6
:100C700084F8FF20D4F80851D4F80C212046A84766
:100C8000D4F828315B2245F62031218084F80421F4
:100C9000FA680133C4F828310223C4F80031002A6D
:100CA0007FF459AF5FE70022D4F8083184F8FF20C1
:100CB0002046D4F80C219847D4F828312922013352
:100CC000C4F828312270012333E700BFB874002034
:100CD0001178322902D01121FFF7BCB9D3682DE970
:100CE000F041D3E9015767B32F44D0F8001104460F
:100CF000013D013F4FF0000809E00B46BD4201F104
:100D00000101C4F80011E65484F8046119D0FF29E8
:100D100015F8016FF1D1D4F80831D4F80C2184F81A
:100D2000FF8020469847D4F828310133C4F8283191
:100D300000230121BD42C4F80011E65484F8046187
:100D4000E5D1BDE8F08100BF2DE9F04F2DED028B1C
:100D5000E7B0037800AF5F2BC7E90021054600F03C
:100D60004481A9490822284606F072FD002800F0B7
:100D700007814FF000090123B9F1020F7B640CBF1A
:100D800045234623A9F1020A08EE103A5FFA8AFACF
:100D900028460BF09FFE2B1842000021C7E90353A1
:100DA000B2F5006F4FF01103C7E90535C7E9081226
:100DB000C7E90B10C7E90D11C7E90F11B96400F2BB
:100DC0001B818300E84600EB80000733A8EBC000DE
:100DD000854623F007036E46B9F1010FADEB030D15
:100DE000FE61C7F828D040D0BAF1010F35D8EB7AB0
:100DF00005F10B045F2BBC6103D12B7B5A2B00F058
:100E0000B080002A40F3AB8020460BF063FE002345
:100E10000122C6E901333A62002800F0A080C6E949
:100E2000034033700023324618EE101A07F10C000D
:100E3000FAF76CFC064620460BF04CFE2318BB610B
:100E4000235C13B9002E40F0E1807B6C013340F04D
:100E5000C38000237B64C5469AE707F10C00FBF7CB
:100E6000A7F8BB6906461B78EBE72B785F2BECD124
:100E70006B786A1C5A2BBA61E7D1AB78AA1C472B56
:100E8000BA6100F09B80542B00F09880494607F12E
:100E90000C00FCF7E9FF7B69DB07064640F1978011
:100EA000BA6913782E2BCCD1334616461A4673787E
:100EB000A3F1610119294FF0000B45D95F2B43D0F5
:100EC000303B092B00F2FD80317834462E2912D1B7
:100ED0006378303B092B0ED8A378A3F13001A01C16
:100EE0000929044605D814F8013FA3F13001092966
:100EF000F9D92E2BECD0D7E908139942BC61A4EBA9
:100F0000060067DAD7F81CC001EB810E0CEB8E03EC
:100F100001310028C3E901BB39625BDDC3E901BBD4
:100F20000CF82EB0C3E903604F2107F10C00FAF76B
:100F3000EDFB23782E2B024640F0C18026467378C5
:100F4000A3F161011929B9D8B31C1C4613F8011B80
:100F5000A1F161001928F8D95F29F6D0B6E700267B
:100F600060E76B7B05F10D02472BBA6107F10C00BE
:100F700001D0542B1DD1FCF7EFFBBC69064651E7AD
:100F80002B7A2E2B04D05F2B02D0242B7FF4F1AED2
:100F90006B7A442B02D0492B7FF4EBAEAA7A5F2AFE
:100FA0007FF4E7AE492B0CBF4FF002094FF0030965
:100FB000E1E6FCF759FFBC69064633E707F10C0090
:100FC000FCF7CAFB7B69DB0706463FF569AFBB69E7
:100FD0001B7836E70023A7E7002007F5CE77C54644
:100FE000BD46BDEC028BBDE8F08F43785A2B7FF4F1
:100FF000B8AE4FF00109BEE6084607F5CE77BD460C
:10100000BDEC028BBDE8F08FB89B002007F14C04CB
:101010007A68C4F8082131463A68C4F80C212046A1
:10102000C4E94433C4E94933C4E94633C4E94D3320
:10103000C4E950337B60C4F8003184F80431C4F84B
:101040002031C4F82C31FAF753FCD4F81C217B680A
:10105000B2F5006F01DAC4F81C31D4F83811D4F8B5
:101060004431012901FB03F33246B8BF01216E462A
:10107000A6EBC101012B8D46C4F844316846B8BFC8
:101080000123A0EBC3039D460025C4F83011204680
:101090001121C4F83CD1C4F84851FEF7DBFFD4F865
:1010A0000011D4F8083165542046D4F80C21B54617
:1010B0009847D4F81801B0FA80F040098DE7064649
:1010C000BFE6164683E700BF70B51378012B82B0E8
:1010D0001546044603D9312B01D0062B38D1012601
:1010E0006B68012B22DCD4F81C21B2F5806F1DDC6B
:1010F000013301326B601121D4F82C31C4F81C216A
:10110000C4F82CD12A46204601930095FCF728FF0D
:101110006A68D4F81C310199C4F82C11013A013BDA
:101120006A60C4F81C3136B102B070BD0123C4F846
:101130001831002EF8D1D4F80011FF2915D04A1C1F
:101140002923C4F80021635484F8043102B070BD2F
:10115000D0F80011FF2916D04A1C2823C4F800211A
:101160000026635484F80431BAE7D4E9423284F8A3
:10117000FF6020469847D4F8283101221344C4F870
:1011800028313146DCE70026D0E9423280F8FF60A2
:101190009847D4F8283101221344C4F82831314645
:1011A000DBE700BF2DE9F84FD368DB681B681978CF
:1011B000662978D11269D0F82471D2E9038A9AF8A5
:1011C00000203C2A4FF0FF3208BFDAE903A9C0F83B
:1011D00024215B7818BF4FF000096C2B044600F007
:1011E000A28063D84C2B01D0522B57D1D4F80011D8
:1011F000FF2900F0EB804B1CC4F800312823635416
:10120000524684F8043111212046784EFFF75CFFE6
:10121000112142462046FFF75BFD06F1020BD4F890
:1012200000112E254FF0000A0BE00B465E4501F140
:101230000101C4F80011E55484F8045119D016F8DE
:10124000015FFF29F1D1D4F80831D4F80C2184F8DA
:10125000FFA020469847D4F828310133C4F828313C
:10126000002301215E45C4F80011E55484F80451BF
:10127000E5D1424611212046FFF72AFD4A461121B9
:101280002046FFF721FFD4F80011FF297FD04A1C28
:101290002923C4F80021635484F80431C4F824716C
:1012A0000120BDE8F88F0020BDE8F88F722BF5D142
:1012B000D0F80011FF297BD04B1CC4F80031282343
:1012C0006354524684F8043111212046484EFFF7FA
:1012D000FBFE424611212046FFF7FAFC06F1030906
:1012E000D4F800112E254FF000080AE00B4601311A
:1012F0004E45C4F80011E55484F80451CED016F8D8
:10130000015FFF29F2D1D4F80831D4F80C2184F818
:10131000FF8020469847D4F828310133C4F828319B
:1013200001210023E4E7334DD0F80011282605F110
:10133000030B4FF000090BE00B46AB4501F1010137
:10134000C4F80011E65484F8046119D015F8016F4F
:10135000FF29F1D1D4F80831D4F80C2184F8FF909A
:1013600020469847D4F828310133C4F828310023A7
:101370000121AB45C4F80011E65484F80461E5D1BD
:10138000424611212046FFF7A3FC524677E700258D
:10139000D4F80831D4F80C2184F8FF50204698473F
:1013A000D4F8283101221344C4F8283129466FE7C4
:1013B0000025D0E9423280F8FF509847D4F8283110
:1013C0000133C4F828312946012376E70025D4E902
:1013D000423284F8FF5020469847D4F82831013330
:1013E000C4F828312946012306E700BFC49A00202B
:1013F0009898002090980020137803F0FD03382B74
:1014000001D000207047D3682DE9F047DB681F68E2
:101410003B78642B02D00020BDE8F0877B78692BF5
:10142000044611D003F0DF03582BF4D1D0F800119B
:101430001369FF29D3E9035600F08E804B1CC4F8D2
:1014400000315B2363540CE0D0F800111369FF29CD
:10145000D3E9035600F0B1804B1CC4F800312E23B1
:10146000635484F804312A4611212046FEF7F2FD28
:101470007B78582B3AD0692B0BD0D4F80011FF2978
:1014800000F08A804A1C5D23C4F80021635484F86C
:101490000431337803F0FD03382B12D0D4F8001157
:1014A000FF2968D04A1C3D23C4F80021204663541C
:1014B0003246112184F80431FFF706FE0120BDE811
:1014C000F087F368DB681B681A78642AE6D15B78DA
:1014D000692B03D003F0DF03582BDFD120463246BF
:1014E0001121FEF7B7FD0120BDE8F087DFF8E880A5
:1014F000D4F8001108F1040A20254FF000090BE090
:101500000B46C24501F10101C4F80011E55484F80D
:10151000045119D018F8015FFF29F1D1D4F808312E
:10152000D4F80C2184F8FF9020469847D4F828314D
:101530000133C4F8283100230121C245C4F8001149
:10154000E55484F80451E5D1F26811212046FEF7F4
:1015500081FD36697B788EE74FF00008D4E942328E
:1015600084F8FF809847D4F828310133C4F8283133
:101570004146012363E70025D4F80831D4F80C2153
:1015800084F8FF5020469847D4F8283101221344AC
:10159000C4F82831294686E70025D4F80831D4F864
:1015A0000C2184F8FF5020469847D4F828310122B6
:1015B0001344C4F82831294665E74FF00008D4E900
:1015C000423284F8FF809847D4F828310133C4F8B8
:1015D00028314146012340E7889800202DE9F04159
:1015E0001E4684B0002840D00C46154609B1002A9A
:1015F0003BD0002329496A46CDE90033CDE90233C7
:10160000FFF7A2FB002839D0039B009FD3B9DDF878
:101610000880002F3CD02CB338460BF05BFA2B68C7
:10162000984219D23946421C2046DEF7A5F83846C2
:1016300008F00EFC27460EB100233360384604B094
:10164000BDE8F0814FF00108002FE4D18EB14FF0DA
:10165000FF3333600027F1E7204608F0F9FBC5F8B7
:101660000080E8E7002DFAD1E5E716B16FF002033C
:1016700033600027384604B0BDE8F081009808F0D8
:10168000E7FB002EF5D06FF0010333600027D5E7AC
:10169000002EEED0B8F1010FD9D0F4E7719A020014
:1016A0000378472B01D00020704743784E2BFAD1A6
:1016B0008378552BF7D1C378432BF4D10379432B8F
:1016C000F1D143792B2BEED183792B2BEBD1C07940
:1016D00001288CBF00200120704700BF10B530B139
:1016E000044600F07DF82046FFF7DAFF08B9F9F765
:1016F00085FC54F8140CF9F779FC00BF2DE9F04F84
:1017000085B00246FFF7CCFF38B152E90674D2E942
:101710000C85D2F828A0002605E0044607460126DD
:10172000054680468246104600F05AF80EB1F9F799
:1017300073FC3846F9F76CFC00F052F80EB1F9F77B
:101740005DFCF9F735F90768DFF890B097F82730B6
:10175000012B0CBF3B6807F17803029328F00303C9
:10176000019320374FF00009CA4520DDD5F80080ED
:10177000B8F1000F00D0A84402AB00224146384621
:10178000F9F744F808B1F9F7CFFCD8F80030039026
:1017900003AA40465946D3F810800123C047019B55
:1017A000002818BF064609F101091D44DCE746B1CF
:1017B0000420F8F7E9FF074B074A08490360F9F7E7
:1017C00097FC2046F9F712FC00F048F800F046F8C4
:1017D000F9F716F8DC8C0020C18902007C87002014
:1017E00038B50446F9F7E8F82246056812F82039BA
:1017F000472B03D085BB0260284638BD63784E2B4B
:10180000F8D1A378552BF5D1E378432BF2D1237986
:10181000432BEFD163792B2BECD1A3792B2BE9D17F
:10182000E379012BE6D854F80C3C002B11DB013393
:1018300044F80C3C4368013B4360954218BF44F8B0
:10184000105C656A18BF0260204603F093FD2846CD
:1018500038BDC3F10103EBE7F9F7D0FB08B5F9F7A1
:10186000A7F803687BB393F82020472A07D000220B
:10187000026003F12000BDE8084003F07DBD93F84D
:1018800021204E2AF3D193F82220552AEFD193F844
:101890002320432AEBD193F82420432AE7D193F85D
:1018A00025202B2AE3D193F826202B2ADFD193F889
:1018B0002720012ADBD85A69002A05DB013A08D023
:1018C000511C0ED05A6108BD0132FBD1196901606B
:1018D000F8E71A69026003F12000BDE8084003F050
:1018E0004BBDF9F78BFB00BF08B5F9F765F8006849
:1018F00030B190F82730012B04BF006878380068B9
:1019000008BD00BF08B52DED028BB0EE408A01F096
:101910001BFAB4EE488AF1EE10FA06D6DFED098A1A
:10192000B4EEE88AF1EE10FA02D4BDEC028B08BDE9
:1019300006F0DCFC88EEA80ABDEC028B21230360D4
:1019400008BD00BF000000000000000070B410EEF1
:10195000902A6FF47273C2F30A55EB183E2B85B0D0
:1019600044D8664B93ED026B93ED007BB0EE461BC3
:10197000A7EE001B11EE100A31EE461B00F07F02AD
:1019800093ED064B921893ED043B02F10F0103EB2C
:10199000C20292ED1C7BA3EE010BA4EE010B03EB44
:1019A000C10293ED0A5B20EE001B30EE077B93ED46
:1019B000082B93ED0E6BA5EE002B21EE015B93ED52
:1019C0000C4BA2EE017B53F831405668A6EE004B5B
:1019D00000210A1906EB4033A5EE047BEDB143EC80
:1019E000102BA7EE000B05B070BC7047002B56DB28
:1019F000B5F5816F2DD910EE101A002012F5801F59
:101A000008BF814268D040F2FF74A54247D08242AD
:101A10005EDB05B070BC00F099B8884244DAB7EEDE
:101A2000004B03F17F5101F50011104641EC160BFC
:101A300027EE067B36EE070BB4EEC40BF1EE10FA80
:101A400009D49FED287B20EE070B05B070BC00F099
:101A5000ADB8002585E730EE043B36EE406B34EE42
:101A6000435B36EE076B35EE007B37EE067B37EED9
:101A7000037B37EE447BB5EE407BF1EE10FA24D0C9
:101A80009FED180B27EE000B9FED166B8DED006B95
:101A90009DED007B27EE067B8DED027BD5E7B7EE53
:101AA000007B30EE070B9EE703F140419FED0F6B8B
:101AB00001F57001104641EC100BA7EE000B20EE73
:101AC000060B05B070BC00F07DB89FED0A0BDBE79C
:101AD00005B070BC00F032B89FED060B83E700BF85
:101AE000AFF30080000000000000100000000000C4
:101AF0000000007F00000000000000000003002044
:101B000010B582B08DED000B044606F0EFFB9DEDA5
:101B1000000B046002B010BD82B058B1B1EE407B42
:101B20008DED007B9DED007B222020EE070B02B0A7
:101B3000FFF7E6BFB0EE407BF2E700BF9FED010B81
:101B4000FFF7EABF00000000000000109FED010B4E
:101B5000FFF7E2BF000000000000007082B0002824
:101B6000B7EE006BBFEE007B06FE077B8DED007BC2
:101B70009DED000B9FED037B222080EE070B02B052
:101B8000FFF7BEBF0000000000000000B4EE400BF5
:101B9000F1EE10FA30EE407B87EE076BB0EE460BAD
:101BA00002D62120FFF7ACBF704700BFB5EE400B57
:101BB000F1EE10FA00D070472220FFF7A1BF00BF5E
:101BC000000000009FED076BB0EEC07BB4EE467BDB
:101BD000F1EE10FA00DC70472220FFF791BF00BF42
:101BE000AFF30080FFFFFFFFFFFFEF7F70B553EC07
:101BF000102B784C03F1404C4FF0FF350CF5901C46
:101C0000954274EB0C042DED068B10EE100A1E4667
:101C100052D24FEA134EAEF1100547F6DF74A542DB
:101C200000F29F80BFEE008B06F1404303F5D01316
:101C3000C3F346324FEA135C1B1507EE903A664B2E
:101C400003EB021493ED006B94ED261B4FEA0C5C42
:101C500093ED0C4BB8EEE79B93ED025BA6EE091BF0
:101C600093ED042B93ED083B93ED067B94ED240B51
:101C700093ED0A6B021EA6EB0C0343EC1A2BAAEEA3
:101C8000008BA4EE086BA3EE087B28EE084BA6EEB3
:101C9000047B38EE016B31EE460B30EE080B28EE7C
:101CA000048BA5EE090BA2EE040BA8EE070B30EE99
:101CB000060BBDEC068B70BD484CA34208BF002A42
:101CC00079D0B7EE001B30EE411B434921EE01AB4A
:101CD00091ED123B91ED184B91ED107B91ED166B50
:101CE000A3EE017BA4EE016B91ED1E3B91ED1C4B2D
:101CF00091ED0E8BA3EE014B9FED309B91ED145BAC
:101D000091ED200BA5EE0A7BB0EE415B91ED1A2B15
:101D1000A0EE0A4BA1EE095B91ED223BA1EE495BDF
:101D2000A2EE0A6BB0EE410B21EE0AABA3EE0A4B1A
:101D3000A4EE0A6B25EE054BA6EE0A7BA4EE080B7B
:101D400031EE456B31EE055B28EE066B31EE401B44
:101D5000A4EE081BA6EE051BA7EE0A1B30EE010B36
:101D6000A7E7941843EB03052C431DD01C4CA3425A
:101D700008BF002A9DD01EF4004F0DD147F6F07128
:101D800031EA0E0108D09FED0F7B20EE077B51EC6E
:101D9000170BA1F1507645E7BDEC068B43EC102BF9
:101DA000BDE87040FFF7F2BEBDEC068B0120BDE838
:101DB0007040FFF7D3BE9FED050B7AE700000000EF
:101DC0000000A041000000000000304300000000BF
:101DD00000000000FF080300700B00200000F03F2F
:101DE0000000F07F2DE9F04F5BEC10AB2DED0A8B7E
:101DF0004FEA1B5C11EE90EA0CF1FF3640F2FD70E9
:101E0000864210EE101A11EE103A89B05A46654615
:101E10004FEA1E5400F2C680C4F30A06A6F2BE368C
:101E20007F2E98BF002000F2BD80BFEE000BE14C7A
:101E3000E14B1444C4F3463503EB451693ED006BB8
:101E400093ED027B96ED128B96ED189B96ED162B7B
:101E5000260D241505EE904A360593ED0C4BB8EE91
:101E6000E55B951BA5EE062BA5EE079B93ED04AB5A
:101E700093ED105B93ED08BB93ED067B93ED0A6B3E
:101E800093ED0E3B0C1E45EC1C4BACEE080BA0EE8C
:101E9000053BA0EE046B20EE0A5B30EE024B20EE19
:101EA000058BA0EE0B7BA8EE036B32EE442BA8EE65
:101EB000067B32EE002BB0EE483B39EE022B95EE5E
:101EC000003B34EE085B20EE080B34EE454B32EE5F
:101ED000036B34EE084B36EE046BA0EE076B35EE69
:101EE000064B21EE048B18EE902AB0EE487BC2F32D
:101EF0000A556FF47273EB183E2B91EE047B35EEAE
:101F0000445B35EE065BA1EE057B00F29380AB4BA4
:101F100093ED024B93ED005BB0EE441B93ED042B6D
:101F2000A8EE051B93ED066B11EE101A31EE441B63
:101F300001F07F0293ED0E4BA1EE028BA1EE068B1A
:101F400093ED0C6B37EE087B27EE072B921802F10E
:101F50000F0403EBC202A7EE046B92ED1C4B03EBE4
:101F6000C40293ED0A3B93ED085B53F83460576865
:101F7000A7EE035B4018002422EE023B37EE047B01
:101F8000A219A2EE057B07EB4033A3EE067B002DE2
:101F90005FD043EC102BA7EE000B09B0BDEC0A8B11
:101FA000BDE8F08FD8184EEB0E09461E37466FF08D
:101FB000010849F1FF36B8456FF4001777EB0606C4
:101FC000C0F02081481842EB0209461E374669F1ED
:101FD0000006B8456FF4001777EB0606C0F03981AC
:101FE000002A6ADB0020C4F30A06A6F2BE337F2B68
:101FF00040F2FF774FD9724B00209A4208BF8142CE
:1020000000F0FD8040F2BD35AE4240F291800129E2
:1020100072EB030334BF01230023BC428CBF0024B6
:102020000124A3420ED109B0BDEC0A8BBDE8F04FEC
:10203000FFF784BD002BC0F2CE80B5F5816F75D956
:10204000002AF0DB09B0BDEC0A8BBDE8F04FFFF7CA
:102050007DBDA14280F21381B7EE003B03F17F51B9
:1020600001F50011104641EC150B27EE057B35EE0E
:10207000076BB0EEC64BB4EEC34BF1EE10FA61D471
:102080009FED480B26EE000B09B0BDEC0A8BBDE8B6
:10209000F04FFFF78BBD002D7FF4C7AE9FED437B64
:1020A0004BEC16AB26EE077B53EC172B23F00042CC
:1020B00017EE101AA2F15072B7E6C4F30A0640F206
:1020C000FE3086427EDD40F23340864200F3FA80E5
:1020D000801BA0F120054FF0FF374FF0FF398740FC
:1020E00009FA05F9C0F12008019547EA09054FF002
:1020F000FF3727FA08F945EA0905874023EA070769
:102100002EEA05053D435DD1019DC3400EFA08F856
:1021100043EA08032EFA05FE43EA0E0303F0010327
:10212000980422F00042CCF30A055EE70025EEE6B3
:1021300088429341B7EE000B34BF31EE000B30EE16
:10214000410B2AE7B5EEC06BF1EE10FA35EE465BB7
:10215000BFEE004B35EE075B58BFB0EE434B36EE9B
:10216000043B34EE437B37EE067B37EE057B37EEE0
:10217000037B37EE446BB5EE406BF1EE10FA04D101
:102180002A4601F0004343EC162B9FED065B8DEDD4
:10219000045B9DED047B27EE057B8DED067B6FE7F1
:1021A000AFF30080000000000000100000000000FD
:1021B00000003043AB6A19C0F01400200003002077
:1021C0000000F03F4BEC10AB09B0BDEC0A8BBDE852
:1021D000F04FFFF7DBBCB7EE000B38EE000B00282A
:1021E0003FF4DBAEB1EE400BD7E64918594B82F411
:1021F00000224FF000005241884293415DD3B7EE78
:10220000000BCAE650EA0904EFD0534C0025A24265
:1022100008BFA94247D04918504B52418D4273EB39
:1022200002044AD3994508BFA84246D103F10043AE
:102230009A4208BFA942E2D09A426FEA0E0E34BF1A
:10224000002201224FEADE7E724577D09FED3D0BE2
:10225000A3E64BEC17AB002A27EE070B34DB00227A
:1022600050EA09095DD1BEF1000FBFF696AE1046E7
:1022700009B0BDEC0A8BBDE8F04FFFF76FBC03F16E
:1022800040419FED326B01F57001104641EC100B9F
:10229000A7EE000B20EE060B09B0BDEC0A8BBDE8E3
:1022A000F04FFFF78FBCDB182A4A8EF4002E4EEB5E
:1022B0000E0E9D4272EB0E02A1D24BEC17AB37EE25
:1022C000010B6AE600202CE7C4F30A02A2F2FF31F8
:1022D0003429C4D8C2F586624FF0FF31A2F11D0542
:1022E000033201FA05F701FA02F4C2F120063C4379
:1022F00021FA06F73C43914023EA01012EEA040447
:102300002143ACD123FA02F20EFA06F632432EFA3A
:1023100005F52A4312F00102A2D0B1EE400B0122D2
:102320009EE7BEF1000FBFF638AEB7EE006B86EE4B
:10233000007B8DED027B9DED020B2EE621EE010B65
:102340002BE600BF000000000000000000000000BD
:102350000000007F0000F0FF0000F03F0000E0FF01
:1023600008B52DED048BB0EE408B00F0EBFAB4EE27
:10237000488BF1EE10FAB0EE409B0AD6B0EE480B57
:1023800000F07CFAB7EE007BB4EEC70BF1EE10FA6A
:1023900004DCB0EE490BBDEC048B08BD05F0A6FFD4
:1023A000BDEC048B034621221A600248BDE80840B8
:1023B00001F0B8B8805F002000F0F4BB08B52DED47
:1023C000048BB0EE408B01F0B5F8B4EE488BF1EE23
:1023D00010FAB0EE409B0AD6B0EE480B00F04EFA71
:1023E0009FED0C7BB4EEC70BF1EE10FA04DCB0EEFF
:1023F000490BBDEC048B08BD9FED089B05F076FFF3
:10240000B0EE490BBDEC048B2223036008BD00BF76
:10241000AFF300807DF8B98FCE3386400000000016
:102420000000F07F08B52DED048BB0EE409BB0EEC0
:10243000418B01F0FBF8B4EE489BF1EE10FA06D6A2
:102440009FED0A9BB4EE498BF1EE10FA02D0BDEC81
:10245000048B08BD05F04AFF89EE090BBDEC048B27
:102460002123036008BD00BFAFF30080000000001F
:102470000000000008B52DED048BB0EE408B00F09D
:102480005FFCB4EE488BF1EE10FA06D69FED099B87
:10249000B4EEC98BF1EE10FA02D4BDEC048B08BD8A
:1024A00005F024FF89EE090BBDEC048B21230360AA
:1024B00008BD00BF000000000000000038B5B0EE0D
:1024C000407B17EE905A794B25F000449C422DED4D
:1024D0000C8B16DD764B9C420EDC09D09FED577BB2
:1024E0009FED580B002D37FE000BBDEC0C8B38BD5B
:1024F00010EE103A002BF1D037EE070BBDEC0C8B31
:1025000038BD6C4B9C425CDCA3F1DE739C424CDD1D
:102510004FF0FF339FED4DAB27EE075B25EE056BCC
:102520009FED4C8B9FED4D1BA6EE0A8B9FED4D3B17
:10253000A8EE061B9FED4DBBA1EE063B9FED4DDBCC
:10254000A3EE06BB9FED4D9BABEE06DB2DEE05DB50
:102550009FED4C0B9FED4D2BA6EE090B9FED4D4BC8
:10256000A0EE062B9FED4DCBA2EE064B5A1CA4EE1F
:1025700006CB2CEE06CB39D03DEE0CDB4E494F4A54
:1025800001EBC30102EBC30391ED006B93ED000B74
:102590009DEE076B36EE477B002D30EE470BA4DA3D
:1025A000B1EE400BBDEC0C8B38BD9FED3E6BB7EE32
:1025B000005B30EE066BB4EEC56BF1EE10FAA7DDF2
:1025C00093E700F05BF93E4B9C4218DCA3F55023E7
:1025D0009C4229DCB0EE007BBFEE006B30EE075B67
:1025E000A0EE076B002386EE057B93E73DEE0CDB48
:1025F000ADEE477BBDEC0C8BB0EE470B38BD314BDD
:102600009C420BDAB7EE087BB7EE006B30EE475B0F
:10261000A0EE076B022385EE067B7BE7BFEE006B27
:10262000032386EE007B75E7B7EE007B012330EED7
:10263000475B30EE070B85EE007B6BE7182D4454AB
:10264000FB21F93F182D4454FB21F9BF11DA22E395
:102650003AAD903FEB0D76244B7BA93F513DD0A086
:10266000660DB13F6E204CC5CD45B73FFF8300924C
:102670002449C23F0D5555555555D53F2F6C6A2CF1
:1026800044B4A2BF9AFDDE522DDEADBF6D9A74AF89
:10269000F2B0B3BF711623FEC671BCBFC4EB9899EC
:1026A0009999C9BF9C7500883CE4377EFFFF0F44B1
:1026B0000000F07FFFFFDB3F582500203825002079
:1026C000FFFFF23F0080034000000000B0EE407BBF
:1026D00017EE903A1B4A23F0004393421BDD1A4A3F
:1026E000934202DD30EE400B704700B585B068467E
:1026F00000F03CFC00F0030001289DED021B9DED65
:10270000000B0CD0022812D070B1012000F0C2F8EA
:1027100005B05DF804FB9FED091B00F017B800F051
:10272000B9F8B1EE400BF3E700F010F8F0E700F075
:102730000DF8B1EE400BEBE7AFF3008000000000B6
:1027400000000000FB21E93FFFFFEF7F10EE903A11
:1027500023F00043B3F1795F2DED028B2EDAFDEE0D
:10276000C07B17EE903A002B65D020EE004B9FED1A
:10277000358B9FED362B9FED373BA4EE082B9FED5D
:10278000375BA4EE023B9FED376BA4EE035B9FED3E
:10279000377BA4EE056BA4EE067B24EE077B21EECF
:1027A000401BB6EE006BA4EE071BB7EE000B94EED9
:1027B000061BBDEC028B30EE410B70479FED218B69
:1027C00020EE004B9FED212B9FED223BA4EE082B2A
:1027D0009FED225BA2EE043B9FED226BA3EE045B18
:1027E0009FED227BA5EE046B224AA6EE047B93426A
:1027F00027EE047BD3DD204A934217DCB7EE006B53
:102800000020A3F5001141EC150B36EE456B21EECF
:10281000401BB6EE003BA4EE071B94EE035BBDEC41
:10282000028B35EE410B36EE400B7047B6EE076B70
:10283000B5EE025BEBE7B7EE000BBDEC028B704729
:10284000AFF30080D43888BEE9FAA8BDC4B1B4BDE6
:102850009EEE213EAD529C804F7E92BE9015CB19CC
:10286000A001FA3E7751C1166CC156BF4C55555563
:102870005555A53F3233D33F0000E93F51EC100BD3
:1028800010EE102A21F0004343EC102B704700BFDC
:102890000000000010EE903A23F00043B3F1795F9E
:1028A00004DAFDEEC07B17EE903A5BB320EE007BBE
:1028B0009FED162B9FED173B9FED184BA7EE023BAC
:1028C0009FED185BA3EE074B9FED186BA4EE075B23
:1028D000A5EE076B20EE075B30B99FED164BA7EE18
:1028E000064BA4EE050B70479FED144B26EE456B8F
:1028F000B6EE003BA1EE036B96EE071BA5EE041BA4
:1029000030EE410B704700BFAFF300807CD5CF5A4B
:102910003AD9E53DEB9C2B8AE6E55ABE7DFEB157E0
:10292000E31DC73ED561C119A0012ABFA6F8101149
:102930001111813F495555555555C5BF49555555F7
:102940005555C53F38B510EE905A924B25F00044CE
:102950009C422DED0A8B1DDD10EE103A04F140442F
:1029600004F580141C4308D030EE400B80EE007B51
:10297000BDEC0A8BB0EE470B38BDBDEC0A8B9FED6A
:10298000677B9FED686B20EE077BA0EE067BB0EEC9
:10299000470B38BD804B9C420EDCB4F1795F80F26E
:1029A0008380B7EE006B9FED617B30EE077BB4EE6A
:1029B000C67BF1EE10FA74DCB6EE008BFFF75EFF1B
:1029C000B7EE007B9FED5B9B37EE400B20EE088B54
:1029D0009FED5AABB0EE480B9FED5A1B9FED5B3B52
:1029E000A8EE0A1B9FED5B4BA1EE083B9FED5B6BD6
:1029F000A3EE084B9FED5BCBA4EE086B9FED5B2B2A
:102A0000A6EE08CB2CEE08CB9FED5A5BA8EE092B67
:102A10009FED5ABBA2EE085BA5EE08BBABEE087BB0
:102A2000B0EE479B00F08CF95C4B9C422ADCB0EE88
:102A3000004B8CEE093B53EC102B9FED526B9FED3E
:102A4000377B002243EC122B30EE025BA2EE428B6E
:102A500030EE000B88EE051BB0EE465BA1EE447B2A
:102A6000A2EE445B90EE037B37EE457B36EE477B70
:102A7000002D3FF77DAFB1EE477BB0EE470BBDECCD
:102A80000A8B38BD9FED417B8CEE094BB0EE005BAD
:102A90009FED246BA0EE040BA0EE057B36EE477B8A
:102AA000E6E7B0EE407B63E79FED248B20EE006B02
:102AB0009FED245B9FED253BA6EE085B9FED254B2C
:102AC000A5EE063B9FED252BA3EE064BBDEC0A8B36
:102AD000A4EE062B9FED237B9FED161BA2EE067B3B
:102AE00027EE067B9FED215B9FED223BA6EE015B6F
:102AF0009FED224BA5EE063BB7EE005BA3EE064B27
:102B0000A4EE065B87EE056BB0EE407BA0EE067B85
:102B1000B0EE470B38BD00BFAFF30080075C143345
:102B200026A6913C182D4454FB21F93F9C75008842
:102B30003CE4377E82922EB1C5B8B33F09F7FD0D54
:102B4000E13D023F88B20175E0EF493F3B8F68B538
:102B50002882A4BF5544880E55C1C93F7D6FEB0341
:102B600012D6D4BF555555555555C53F59018D1BE6
:102B70006C06E6BFC88A599CE52A00404B2D8A1C8A
:102B8000273A03C0182D4454FB21E93F075C143356
:102B900026A691BCFFFFEF3FFFFFDF3F3233EF3F41
:102BA000000000002DE9F04151EC110B4342614C53
:102BB00021F00046034346EAD37382B0A3428DED71
:102BC000000B3CD8DDE900E7CEF1000343EA0E0339
:102BD00027F0004848EAD373A34230D801F14043BC
:102BE00003F58013034311EE102A3DD08D1705F035
:102BF000020558EA0E0E45EAD77529D0324338D07F
:102C0000A64244D0A04534D0A8EB0608B8F1747FA2
:102C10004FEA285338DA002945DA3C3343DA9FED8E
:102C2000370B012D53D0022D48D075B19FED356B78
:102C30009FED367B30EE460B30EE470B05E09DED09
:102C4000006B41EC170B37EE060B02B0BDE8F081CC
:102C5000022D16D09DED007B9FED2E0B032D00FE67
:102C6000070B02B0BDE8F08102B0BDE8F041FFF70C
:102C700025BC9FED2A0B9FED2B7B002F20FE070B21
:102C8000E3E79FED220BE0E79FED240BC9E7B0459A
:102C900005F1FF3524D0022D2AD8274B03EBC503BD
:102CA00093ED000BD1E79DED007B41EC160B87EE19
:102CB000060BFFF7E3FDFFF701FCB2E79FED116B99
:102CC0009FED127B30EE460B37EE400BBDE710EE6A
:102CD000901A53EC102B01F1004343EC102BB4E796
:102CE000022D08D8154B03EBC50393ED000BACE7A1
:102CF0009FED020BA9E79FED0D0BA6E7000000007A
:102D000000000000075C143326A6A13C182D445493
:102D1000FB210940182D4454FB2109C0182D4454AF
:102D2000FB21F93F182D4454FB21F9BF182D4454C1
:102D3000FB21E93F0000F07F980200208002002084
:102D4000B1EEC00B704700BFB1EEC00A704700BFC4
:102D50000000000010B582B08DED000B01990098C5
:102D6000C1F30A52A2F2FF33132B844633DC002B4B
:102D700021DB384A1A4101EA020404438E462FD06F
:102D80009FED327B9DED006B36EE077BB5EEC07B91
:102D9000F1EE10FA09DD002904DD4FF4801141FA4B
:102DA00003F39E442EEA020100200B46024643EC48
:102DB000102B02B010BD9FED257B30EE077BB5EEEA
:102DC000C07BF1EE10FAF0DD002939DB084333D087
:102DD00021490020E9E7332B06DDB3F5806F26D0CB
:102DE0009DED000B02B010BDA2F213424FF0FF3E6A
:102DF0002EFA02F21042F3D09FED147B9DED006B92
:102E000036EE077BB5EEC07BF1EE10FACDDD002982
:102E10000ADD142B12D00124C3F1340304FA03F3A6
:102E20009C44604588BF09192CEA0200BDE79DED6E
:102E3000007B37EE070BD5E70146B6E70131F3E734
:102E400000204FF00041B0E7AFF300809C75008890
:102E50003CE4377EFFFF0F000000F03F10B582B06A
:102E60008DED000B01990098C1F30A52A2F2FF33D5
:102E7000132B844631DC002B21DB3A4A1A4101EA4C
:102E8000020404438E462DD09FED347B9DED006BF4
:102E900036EE077BB5EEC07BF1EE10FA09DD0029B6
:102EA00004DA4FF4801141FA03F39E442EEA020142
:102EB00000200B46024643EC102B02B010BD9FEDE4
:102EC000277B30EE077BB5EEC07BF1EE10FAF0DD2C
:102ED000002928DB00200146EBE7332B06DDB3F5A4
:102EE000806F1BD09DED000B02B010BDA2F213420B
:102EF0004FF0FF3E2EFA02F21042F3D09FED177B07
:102F00009DED006B36EE077BB5EEC07BF1EE10FA5F
:102F1000CFDD002913DB2CEA0200CAE79DED007B20
:102F200037EE070BE0E721F0004101430E4B00298B
:102F30004FF000000CBF4FF000411946B9E7142BC9
:102F400009D00124C3F1340304FA03F39C4460451F
:102F500088BF0919DFE70131DDE700BF9C750088F4
:102F60003CE4377EFFFF0F000000F0BF70B553EC6C
:102F7000102B9C4923F000458D4288B004466ADD41
:102F800099498D421E461BDC002B9FED867B40F34A
:102F9000EB8030EE477BA1F51B21A1F5F0618D425E
:102FA0006AD09FED826B012037EE465B37EE457BA2
:102FB00084ED005B37EE467B84ED027B08B070BD8C
:102FC0008A498D4260DD8A498D424DDC2A1510EE1A
:102FD000100AA2F21642A5EB025141EC170B9FED2D
:102FE000755BBDEEC76BB8EEC66B37EE467B27EE62
:102FF000057BFDEEC74B8DED026BB8EEE46B37EE53
:10300000467B27EE057BB5EE407BF1EE10FA8DEDA9
:10301000046B8DED067B40F0968014EE903A002B09
:103020000CBF01230223734901910221009102A8E0
:10303000214600F047FC002EC0DA94ED006B94EDC1
:10304000027BB1EE466BB1EE477B84ED006B84ED05
:10305000027B4042B2E700200021C4E902010020C7
:1030600084ED000B08B070BD30EE407B002084ED95
:10307000027B84ED007BA1E79FED505B9FED516BE0
:1030800037EE457B01208FE7FFF7F8FBB6EE007BBC
:103090009FED4E5BA0EE057BFDEEC77B9FED413BB8
:1030A00017EE900A9FED416B1F28B8EEE75BB1EE7B
:1030B000454BA5EE430B25EE067B1CDC4E4B421E1A
:1030C00053F82230AB4216D030EE476B84ED006BE4
:1030D00030EE460B30EE470B002E84ED020BBFF6B0
:1030E0006DAFB1EE466BB1EE400B84ED006B84ED3D
:1030F000020B404262E730EE476B16EE903AC3F3A4
:103100000A53C3EB1553102B4FEA2552DEDDB0EE08
:10311000403B9FED2A6B9FED2B2BA4EE063B30EE40
:10312000437BA4EE067B95EE027B33EE476B16EEF7
:10313000903AC3F30A53D21A312A06DCB0EE430B9D
:1031400084ED006BC4E703236DE79FED226BB0EEC7
:10315000430B9FED222BA4EE060B33EE407BA4EE37
:10316000067B95EE027BAFE7244930EE077B8D426C
:103170000ED09FED0E6B4FF0FF3037EE065B37EE53
:10318000457B84ED005B37EE067B84ED027B15E723
:103190009FED0A5B9FED0B6B37EE057B4FF0FF3029
:1031A000EBE700BF00004054FB21F93F3163621A96
:1031B00061B4D03D00000000000070410000601AC2
:1031C00061B4D03D7370032E8A19A33B83C8C96DC7
:1031D000305FE43F0000002E8A19A33BC14920253F
:1031E0009A837B39FB21E93F7BD90240FB2139419E
:1031F000FFFFEF7FF8A8002050A00020FB21F93F3F
:1032000008B52DED048BB0EE408B00F0C7FFB4EE97
:10321000488BF1EE10FAB0EE409B0AD6B0EE480BA8
:10322000FFF72CFBB7EE007BB4EEC70BF1EE10FA04
:1032300004DCB0EE490BBDEC048B08BD05F056F87C
:10324000BDEC048B034621221A600248BDE8084009
:1032500000F068B9805F00200000000008B52DED87
:10326000028BB0EE408B01F069FAB4EE488BF1EEC0
:1032700010FA0FD6B5EEC08BF1EE10FA0AD8B5EE03
:10328000408BF1EE10FA08D105F030F89FED090BF4
:1032900022230360BDEC028B08BD05F027F8BDECCE
:1032A000028B034621221A600448BDE8084000F062
:1032B00039B900BF000000000000F0FF805F00206F
:1032C0000000000008B52DED048BB0EE409B01F02E
:1032D000BDFAB0EE408B00F017F920B1B0EE480B0C
:1032E000BDEC048B08BDB0EE490B00F00DF90028D1
:1032F000F4D004F0FBFFB5EEC09B9FED088B9FED73
:10330000097BF1EE10FA38FE078BB0EE480BBDECEE
:10331000048B2223036008BDAFF30080000000008F
:103320000000F07F000000000000F0FFB0EE407BE6
:1033300017EE903A1B4A23F0004393421CDD1A4AD1
:10334000934202DD30EE400B704700B585B0684611
:10335000FFF70CFE00F0030001289DED021B9DED20
:10336000000B0ED0022813D070B1FFF7EFF9B1EEC9
:10337000400B05B05DF804FB9FED081B0020FFF734
:1033800089BAFFF7E3F9F4E70120FFF783FAF0E7E2
:103390000120FFF77FFAB1EE400BEAE700000000E2
:1033A00000000000FB21E93FFFFFEF7FB0EE407B14
:1033B00017EE903A134A23F00043934218DD124A65
:1033C000934202DD30EE400B704700B585B0684691
:1033D000FFF7CCFD400000F002009DED021B9DEDCB
:1033E000000BC0F1010000F0B5FD05B05DF804FB75
:1033F0009FED021B012000F0ADBD00BF00000000EA
:1034000000000000FB21E93FFFFFEF7F30B52DED0D
:10341000028B83B08DED000B019C354A24F00043F4
:10342000934210DD334B002C93ED006B93ED007B4A
:1034300039DBB0EE405B86EE050B30EE070B03B0D8
:10344000BDEC028B30BD2C4A93420FDD294A2B4B39
:1034500092ED000B93ED007B30EE470B002CB8BFD4
:10346000B1EE400B03B0BDEC028B30BDB3F1725F27
:1034700023DB234A234D934229DDFFF7FFF995ED26
:10348000007B20EE070B00F0E5FF1A4B93ED007B6D
:1034900095ED005B95ED006B36EE000B85EE006B55
:1034A00037EE460BDAE79DED005B86EE050B30EE5E
:1034B000470B03B0BDEC028B30BD0E4B9DED007B86
:1034C00093ED000B30EE070B20EE070BB7E795ED01
:1034D000008BFFF7D3F928EE400B00F0BBFF95ED12
:1034E000007BB1EE406B37EE007B86EE070BB5E755
:1034F000FFFFEF7F20AC0020FFFF354028AC00200D
:10350000FFFFEF3F30AC002082B08DED000B019843
:1035100040F0004000F58010C00F02B0704700BFBF
:10352000000000009FED010B704700BF000000008D
:103530000000F87F10B52DED028B82B08DED000BF1
:10354000019C344B24F000449C422BDC324B9C42C7
:1035500017DD324B9C4246DD314B9C4250DD314BF6
:103560009C4231DD01339C4203D12F4B009A9A4299
:103570002AD9002002B0BDEC028BBDE81040FEF756
:10358000E5BAFFF77BF900F065FFB7EE005BB4F139
:10359000725FB0EE406B30EE050B09DA02B0BDECA5
:1035A000028B10BD20EE000B02B0BDEC028B10BDF3
:1035B00030EE007B26EE066B86EE070B30EE050B39
:1035C00002B0BDEC028B10BD9DED000BB6EE008B82
:1035D000FFF754F920EE080BFEF7B8F920EE088B40
:1035E00028EE000BDAE7FFF749F9FEF7AFF9B6EE80
:1035F000006BB0EE405B86EE050BA5EE060BCDE74B
:10360000FFF73CF9FEF7A2F9B6EE007B20EE070BC0
:10361000C4E700BFFFFFEF7F422ED63FFFFF3540DC
:10362000412E8640CD3386407DF8B98F2DE9F04399
:1036300085B08DED001BDDE9007C2CF0004050EAE8
:1036400007038DED020B2FD0039B984A23F0004E09
:10365000964529DC7A4296493A4340EAD2728A4238
:1036600022D8DDF8089086453C464A4603F00046DD
:1036700006DCC0F2C780B945C0F0C48000F0FD8010
:103680008B491940D9B9BEF1000F40F0DF80B9F184
:10369000000F4D4640F30881A1F213416D00002D4B
:1036A00001F1FF31FADC0EE09DED027B9DED006B38
:1036B00027EE067B87EE070B05B0BDE8F0834FEAE7
:1036C0002E51A1F2FF317A4D0CEA050585B900288B
:1036D00040F0AD80002FB84640F3E480A5F21345DA
:1036E0004FEA4808B8F1000F05F1FF35F8DC02E0B9
:1036F0000515A5F2FF35DFF8BC81414572DBC3F348
:10370000130343F48013DFF8ACE1754559DBCCF3C8
:10371000130C4CF4801CD01B491B0BD11DE050EA4C
:103720000E0345D04FEADE73013903EB40034FEA45
:103730004E0211D0A3EB0C00944288BF00F1FF3081
:103740000028A2EB040E4FEAD277E8DA013907EB42
:1037500043034FEA4202EDD1101BA3EB0C0C944241
:1037600088BF0CF1FF3CBCF1000FA4BF02466346CA
:1037700053EA020105D11BE0D10F01EB43035200D4
:10378000013DB3F5801FF7DB4A498D426ADA491BD8
:10379000142978DC05F21E40CA4003FA00F043FA0F
:1037A00001F110430E433346024643EC102B83E7EE
:1037B000414BF60F03EBC60393ED000B05B0BDE8DC
:1037C000F083AEEB05041F2C25DD3C48491BA0EB24
:1037D000050C07FA0CFC18BF0024ABD1A3EB0C0CB2
:1037E0001046C0E7A8EB0108B8F11F0F0DDC01F28D
:1037F0001E430EFA08FE29FA03F309FA08F243EA17
:103800000E0380E79DED020B56E72C4B5B1A09FA7D
:1038100003F3002277E705F21E4C00FA04FE27FAB4
:103820000CFC07FA04F44CEA0E0C101B74E74FEA88
:10383000C028B8F1000F1F4D7FF75DAF4FEA480871
:10384000B8F1000F05F1FF35F8DC54E74FEACE255B
:10385000002D18497FF737AF6D00002D01F1FF31C2
:10386000FADC30E7A3F58013334305F2FF3543EA72
:103870000551104641EC100B1EE70F4B03EB16737E
:1038800093ED000B18E71F2907DC05F21E4022FA12
:1038900001F103FA00F0084385E70848401B43FAAA
:1038A00000F080E7064D26E705490CE7FFFFEF7FB4
:1038B0000000F07F02FCFFFFF0020020E2FBFFFFB0
:1038C000EDFBFFFF2DE9F04F2DED088BADF5157DDC
:1038D0001C4604930791AB4BA69912F1140F53F8B1
:1038E0002150824604F1FF38C0F29982A649D31EC6
:1038F00081FB0301DB17C3EBA10303930133A3EBAC
:103900008303DB00D3180693039B15EB0801A3EB9D
:1039100008031AD401319FED956BA79819441CAA8E
:103920000AE050F8234007EE904A0133B8EEE77BF7
:103930008B42A2EC027B08D0002BF2DAB0EE467B81
:1039400001338B42A2EC027BF6D1002DC0F2C9827A
:10395000049B1CAA02EBC3046CAE4FEAC30C4046A6
:10396000EF180AEBC301B8F1000F9FED807B09DB74
:1039700022465346B3EC025B32ED026B8B42A5EE5E
:10398000067BF7D10130B842A6EC027B04F10804B3
:10399000E9D108AF07EB85039FED769B9FED778B11
:1039A000043BDDF818B005930AEB0C0407EB85091E
:1039B0006CAE2946019594AB03EBC103002913EDCE
:1039C000280B16DD06EBC1033A4620EE097B33EDEA
:1039D000025BB0EE406BBDEEC77BB342B8EEC77B77
:1039E000A7EE486BBDEEC66B37EE050BA2EC016A85
:1039F000EBD15846029100F0BDFFB0EE40ABB4EE03
:103A0000000B2AEE000BFFF729FAB2EE007BA0EEC6
:103A100047ABBDEECABBBBF1000FB8EECB7B029942
:103A20003AEE47AB74DD01F1FF3ECBF1180357F8D6
:103A30002E2042FA03FC0CFA03F3D21ACBF1170042
:103A40001BEE103A42FA00F56344002D47F82E2091
:103A50000BEE103A64DCB5EE40ABF1EE10FA40F03C
:103A6000C480019B01F1FF3E73450DDC4FEA810CE0
:103A700007EB8103002053F8042D4B4540EA020078
:103A8000F9D1002840F0F280019B013B57F8233028
:103A9000002B40F0E680059B012553F8042D0135ED
:103AA000002AFAD001F1010E0D447046049B19441E
:103AB000039B03EB0E0C0CF1804CA79B0CF1FF3C1D
:103AC00003EB8C0C1CAB06EBCE0E03EBC1019CEDA3
:103AD000017AB8EEC77BB8F1000F81ED007B0CF1E5
:103AE000040C0A469FED216B01F1080109DB5346E6
:103AF00001E032ED027BB3EC025BA342A5EE076B63
:103B0000F7D10130A842AEEC026BE0DD294652E766
:103B100040F09D804B1E57F82350ED15002D9ADD87
:103B20001BEE103A002903F101030BEE103A40F3AB
:103B30008C813A68002A40F0828001292DD03B46D2
:103B4000012053F8042F002A7CD0431CC2F180725C
:103B5000994247F820201FDD57F8232007EB810CFE
:103B600007EB83036FF07F4011E000BF000000000F
:103B700000000000000000000000703E0000000097
:103B8000000070413CA00020ABAAAA2A1A68821A41
:103B900043F8042B6345F9D10122BBF1000F0DDD81
:103BA000BBF1010F00F03381BBF1020F06D1481EBB
:103BB00057F82030C3F3150347F82030022D7FF467
:103BC0004AAFB7EE000B30EE4AAB002A3FF443AFEA
:103BD0005846029100F0CEFE3AEE40ABB5EE40AB57
:103BE000F1EE10FA02993FF43CAF069CB0EE4A0B9E
:103BF0006042A8468B46019D00F0BCFE9FEDC16B64
:103C0000B4EEC60BF1EE10FAC0F247819FEDBF7B18
:103C100020EE077BBDEEC77B0BF10102B8EEC75B60
:103C2000A5EE460BBDEEC00B183410EE103A47F867
:103C30002B3017EE103A069447F822302AE0012381
:103C4000002083E7013088427FF47BAFA5E7B6EE22
:103C5000007BB4EEC7ABF1EE10FA80F2E5800025F0
:103C6000F9E601F1010E704675461FE7069BA3F1C8
:103C7000180157F82E300691A8467246019D4BB99F
:103C8000ACF104033B4453F8040D013A1839002801
:103C9000F9D006910698B7EE000B019200F06AFE8B
:103CA000019A002AC0F221819FED986B02F1010C6C
:103CB0006CA907EB8C034FEACC0E01EBCC0133ED82
:103CC000017ABB42B8EEC77B27EE007B20EE060BE5
:103CD00021ED027BF3D19FED8F4BAEF108036CA970
:103CE000CE18002444AF002D9FED8C7B10DBB0EE8E
:103CF000446B8C483146002303E09C4208DBB0EC67
:103D0000026BB1EC025B01339D42A5EE067BF4DA57
:103D100007EBC403944283ED007B4FEAC40104F136
:103D20000103A6F1080601D01C46DCE7A69B022B86
:103D30001DDC002B00F38B800FD19FED787BBE4400
:103D40003EED026B774537EE067BF9D143460BB16A
:103D5000B1EE477B079B83ED007B1BEE103A03F02F
:103D600007000DF5157DBDEC088BBDE8F08FA69B17
:103D7000032BF2D1002A00F0E38002F1005307EB9D
:103D8000C20030ED026BB0EE475B874237EE067B38
:103D900036EE476B80ED007B36EE056B80ED026BF7
:103DA000EFD1012A40F3CC80394491ED006BDA0069
:103DB00046A907EBC30333ED027BB0EE465B9942A5
:103DC00036EE076B37EE467B83ED006B37EE057BF7
:103DD00083ED027BEFD19FED517B02F108033B4461
:103DE00007F1100233ED026B9A4237EE067BF9D1F0
:103DF0004346002B59D1D7E90001D7E90223079C9C
:103E000084ED047BC4E90001C4E90223A5E7481E50
:103E100057F82030C3F3160347F82030CEE60021D0
:103E20006FF0170303916DE51BEE103A002903F1C3
:103E300001030BEE103AC8BF02253FF77AAEB7EE8A
:103E4000007B37EE4AAB022505E60022A5E69FED92
:103E5000337B07EBCC0C3CED026B674537EE067B02
:103E6000F9D1434697ED006B8BBB079B002A83ED8E
:103E7000007B36EE477B0CDD46A90123B1EC026BDB
:103E800001339A4237EE067BF8DA43460BB1B1EEC6
:103E9000477B079B83ED027B5FE7BDEEC00B5A4675
:103EA00010EE103A47F82B30F4E697ED005BB1EED8
:103EB000477B97ED026BB1EE455B079BB1EE466B1E
:103EC00083ED005B83ED026B83ED047B45E7079B8D
:103ED000B1EE475B002A83ED005B36EE477BCBDC1F
:103EE000D5E7049B4FEAC30C53E5A69B022B1BDCD2
:103EF000002B21DC7FF431AF9FED087B26E700BF6C
:103F0000AFF30080000000000000704100000000DE
:103F10000000703E00000040FB21F93F000000005F
:103F200000000000B8020020A69B032B7FF415AF11
:103F30009FED067B44AF5BE79FED047B44AF90E7CA
:103F40009FED027B54E700BFAFF30080000000004C
:103F50000000000038B5B0EE407B17EE903A8D4976
:103F600023F000428A422DED108B2DDCFDEEC06B5C
:103F700016EE901AF1BB10EE104A431C2343134374
:103F800000F0BC80012800F0968030EE016BBFEE9F
:103F9000005BBDEC108B85EE064B55EC164BB7EE77
:103FA000006B53EC142B0C460A4643EC102B45ECEB
:103FB000154BA5EE006B35EE477B31EE477BA7EE48
:103FC000006BA6EE040B38BD73498A4212DD9FEDEB
:103FD000515B002B9FED516BB8BFB1EE411B35EE2D
:103FE000415B9FED501BB8BFB1EE407B36EE477B87
:103FF00035EE077B9FED4DAB27EE075B25EE056B9E
:104000009FED4C8B9FED4D2BA6EE0A8B9FED4D4BFC
:10401000A8EE062B9FED4DCBA2EE064B9FED4DEB90
:10402000A4EE06CBB0EE414B9FED4C9BACEE06EB05
:104030009FED4C0B9FED4D3BA6EE090B9FED4DBB4D
:10404000A0EE063B9FED4DDBA3EE06BB9FED4DFBC7
:10405000ABEE06DB5049ADEE06FB27EE056BAFEE8F
:1040600005EBAEEE064BA4EE051B9FED485B8A42C6
:10407000A6EE051B37EE010B20DC01281BD0BFEE9E
:10408000006B86EE004B51EC100BB7EE005B53EC6F
:10409000142B0020024643EC102B41EC160B36EE9D
:1040A000473BB0EE457B31EE431BA6EE007BA1EE15
:1040B000007BA7EE040BBDEC108B38BD9B17BDEC4D
:1040C000108B20EE004B06EE900A03F00203C3F1C2
:1040D0000103B8EEE63B06EE903A30EE030BB8EE85
:1040E000E66B84EE005BB0EE004B35EE415B37EEE5
:1040F000457BA7EE443B26EE030B38BDFEF7BEFB27
:10410000B7EE006BB0EE407B86EE070BD3E700BF47
:10411000AFF30080075C143326A6813C182D44546D
:10412000FB21E93F0000000000000000735360DB4A
:10413000CB75F3BEA69237A0887E143F0165F2F2DC
:10414000D844433F280356C9226D6D3F37D60684B5
:10415000F464963F7AFE10111111C13FD47ABF74F6
:10416000702AFB3EE9A7F0320FB8123F68108D1A93
:10417000F726303F1583E0FEC8DB573F93846EE996
:10418000E326823FFE41B31BBAA1AB3F63555555B1
:104190005555D53FFFFF2F3E2794E53F00B52DED48
:1041A0000A8B83B08DED000B019AA64922F00043E3
:1041B0008B4212DD009903F1404303F580130B435A
:1041C0006BD19FED827B9FED830B002A30FE070BA6
:1041D00003B0BDEC0A8B5DF804FB9B498B4209DC04
:1041E0009A4A934264DC9FED7D0B03B0BDEC0A8BD1
:1041F0005DF804FB002AC0F29C80B6EE007BB7EEAF
:10420000009B9DED006B39EE468B28EE078BB0EEE0
:10421000480BFEF795FDB0EE483B9FED726B9FEDAE
:10422000732B9FED744BA8EE062B9FED746B9FEDE7
:10423000755BA2EE086BA6EE084B9FED746BA4EEC7
:10424000085B9FED744BA5EE086B26EE086B9FEDA7
:10425000735BA8EE045B9FED734B53EC102BA5EE44
:10426000084B00229FED715B43EC172BA4EE085B1B
:10427000A7EE473B30EE074BA5EE089B86EE095BA9
:1042800083EE046BA0EE056B37EE060B30EE000BF1
:1042900003B0BDEC0A8B5DF804FB9DED007B37EEAF
:1042A000477B87EE070B03B0BDEC0A8B5DF804FB80
:1042B0009FED4C8B9FED574B9DED007B9FED4B0B86
:1042C00027EE077B9FED4D3BA7EE080B9FED491BAB
:1042D000A0EE073B9FED516BA3EE071BA7EE046B0F
:1042E0009FED482B9FED495BA1EE072B9FED4D4BBA
:1042F000A2EE075B25EE075B9FED4C3BA6EE074B5E
:104300009FED360BA4EE073BB7EE004B9FED496BDC
:10431000A3EE074B85EE043B9DED007BA7EE436BC0
:1043200037EE467B30EE470B03B0BDEC0A8B5DF8F1
:1043300004FB9DED007BB7EE006BB6EE00AB9FED8E
:10434000299B37EE067B27EE0A7B9FED280B9FED1E
:104350002B2BA7EE090B9FED2F8BA0EE072BB0EEBA
:10436000470B9FED243B9FED275BA2EE073B9FEDA4
:1043700027CBA3EE075B9FED291BA5EE07CB2CEE09
:1043800007CB9FED284BA7EE081B9FED28BBA1EEA6
:10439000074BA4EE07BBABEE076BB0EE468BFEF708
:1043A000CFFC8CEE084BB0EE005B9FED246B9FEDD5
:1043B000077BA0EE046B36EE006BA6EE457BB0EEFD
:1043C000470B03B0BDEC0A8B5DF804FB182D445479
:1043D000FB2109400000000000000000182D44549B
:1043E000FB21F93F09F7FD0DE13D023F88B2017560
:1043F000E0EF493F5544880E55C1C93F3B8F68B532
:104400002882A4BF7D6FEB0312D6D4BF55555555F6
:104410005555C53F82922EB1C5B8B33F59018D1B8A
:104420006C06E6BFC88A599CE52A00404B2D8A1CC1
:10443000273A03C0075C143326A6913C075C14336B
:1044400026A691BCFFFFEF3FFFFFDF3F0000603C6F
:104450000000000010EE902AB24922F000438B4287
:104460002DED088B40F28880AF498B4277D8002A27
:10447000C0F2C280B6EE007B9FED926B20EE066B21
:104480009FED924B37EE067B9FED92BBFDEEC77B17
:10449000B8EEE76B17EE901A26EE0BBBB0EE407B42
:1044A000A6EE447B37EE4B0B37EE407B37EE4BBB33
:1044B0009FED8AABB6EE009BB7EE007B9FED891BAC
:1044C00020EE098BB0EE085B9FED882B20EE086B89
:1044D000A6EE0A1B9FED873BA1EE062B9FED874BB7
:1044E000A2EE063BA3EE064BB0EE473BA4EE063B26
:1044F000B1EE084BA8EE435B33EE453BA0EE454BD7
:1045000083EE045B25EE065B00293DD035EE4B5B68
:1045100095EE00BB4B1C3BEE46BB00F0988001299A
:1045200000F085804B1C392B57D8132900F3968057
:104530003BEE40BB4FF400100841C0F17F53002216
:1045400003F5401343EC172B37EE4B7B17EE900A25
:1045500053EC172B00EB015343EC102B18E073497D
:104560008B4226D910EE101AC2F313030B4300F04E
:104570008B8030EE000B0BE06D498B420BD86D4AFF
:10458000934249D9002193E790EE056B30EE460B3C
:10459000BDEC088B704768498B4200F28780002A87
:1045A0009FED4A7B12DB30EE477B9FED4ABB01213A
:1045B00078E79FED547BB4EEC70BF1EE10FA7FF76E
:1045C00056AFBDEC088B0020FDF7C0BA9FED4FBB86
:1045D00030EE077B4FF0FF3164E73BEE40BB37EE38
:1045E0004BBB1BEE900A53EC1B2B00EB015343EC2F
:1045F000102B30EE470BCBE79FED467B30EE077B71
:10460000B5EEC07BF1EE10FA4DD4BEEE007B9FED0F
:104610002D6B20EE066B33E79FED407BBDEC088BE6
:1046200030EE077B37EE477B30EE470B7047BDEE31
:10463000006BB4EEC60BF1EE10FA2BD530EE099BF1
:10464000B8EE000B3BEE49BB2BEE000BA0E730EEC3
:104650004BBBBEEE000BABEE090B99E7C1F57F70CB
:1046600003300305002243EC162B3BEE06BB30EE75
:104670004BBB3BEE07BB1BEE900A53EC1B2B00EB36
:10468000015343EC102B83E7002ABFEE007B20FE92
:10469000070B7DE730EE4BBBB0EE006BABEE067B5D
:1046A000B0EE470B74E7BFEE000B71E79FED056BB3
:1046B000B6EE007BBEEE005B002A20EE066B27FE06
:1046C000057BDDE6FE822B654715F73F0000E0FE27
:1046D000422EE63F763C7935EF39EA3D2DC3096E2F
:1046E000B7FD8ABE3952E686CACFD03EB7DBAA9E56
:1046F00019CE14BF8555FE19A0015A3FF4101111AF
:104700001111A1BFEF39FAFE422E8640763C793571
:10471000EF39EABD59F3F8C21F6EA5019C750088F8
:104720003CE4377E79684340412E8640FFFFEF7FAF
:10473000422ED63FFFFF8F3CB1A2F03F00B52DEDDA
:10474000028B83B08DED000B019BB3F5801F1DDA4A
:10475000009923F000420A4346D0002B4FDB9DED29
:10476000006B9FED2C7B26EE077B8DED007B019B84
:10477000344A93426FF035010DDD9DED007B37EE3D
:10478000070B03B0BDEC028B5DF804FB2D4A93428E
:104790004FF00001F1DC1815A0F2FF30084440F2A0
:1047A000FF3CC3F31301DDE90023ACEBD07C00EB4D
:1047B000D07007EE900A41EA0C5343EC102BB8EE90
:1047C000E78BFDF713FA9FED155B9FED166B20EE5F
:1047D000050B9FED167BA8EE060BA8EE070B03B0AA
:1047E000BDEC028B5DF804FB9FED126B9FED137B1C
:1047F00086EE070B03B0BDEC028B5DF804FB9FED6A
:104800000F7B9DED006B36EE466B86EE070BB8E72F
:10481000AFF3008000000000000050430EE52615B5
:104820007BCBDB3F362BF111F3FE593D00609F50EF
:104830001344D33F00000000000050C300000000FC
:1048400000000000FFFFEF7F0000000010B5B0EE99
:10485000407B17EE903A3F4A23F0004494422DEDFE
:10486000028B3CDCB6EE005BBEEE008B3A4A002BBE
:1048700025FE088B94420FDD384B9C425CDD384BA3
:104880009C4236DD01339C422ED09FED300B27EE4B
:10489000000BBDEC028B10BD324B9C4238DCB7EEF6
:1048A000005B9FED2A6B30EE066BB4EEC56BF1EE4C
:1048B00010FAEEDCFDF7E2FFFFF7CCFD20EE004B37
:1048C000B7EE006BB0EE005B30EE066B84EE067B5D
:1048D00090EE057B27EE080BBDEC028B10BDBDEC06
:1048E000028B30EE000B10BD1F4B10EE102A9A42C7
:1048F000CBD8B0EE470BFDF7C1FFB6EE007B20EE44
:10490000070BFDF723F828EE008B28EE000BC0E71D
:10491000FDF7B4FFFFF79EFD144B9C42CEDDB7EED2
:10492000006B30EE066B80EE067B37EE000B20EE60
:10493000080BBDEC028B10BDFDF7A0FFFDF706F8DC
:1049400020EE080BA5E700BFAFF300803374AC3C4A
:104950001F7BAC7FFFFFEF7FFFFF3540412E86407E
:10496000CD338640FFFF2F3E7DF8B98FFFFFEF3F2D
:104970000000000053EC102B10B4C3F30A54194686
:1049800074BB23F00041114327D09FED307B3B499E
:1049900020EE077B884253EC172B43DBC3F30A540A
:1049A0001946363C4CF2503C604522DC204440F233
:1049B000FE74A0421DDC002829DC10F1350F38DB25
:1049C00021F0FF41363021F4E0019FED227B41EAE6
:1049D000005343EC102B20EE070B5DF8044B70479F
:1049E00040F2FF7C6445DDD130EE000B5DF8044BF6
:1049F00070479FED1A7B9FED1B5BB0EE470B002BC2
:104A00005DF8044B27FE057B27EE000B704721F075
:104A1000FF4121F4E00141EA005343EC102B5DF823
:104A2000044B70479FED110B5DF8044B27EE000B14
:104A300070479FED0E7B9FED0F5BB0EE470B002B99
:104A400027FE057B27EE000BC7E700BF0000000034
:104A500000005043000000000000903C9C7500885E
:104A60003CE4377E9C7500883CE437FE59F3F8C27D
:104A70001F6EA50159F3F8C21F6EA581B03CFFFF60
:104A800080F0004002E000BF81F0004142001FBF03
:104A90005FEA410392EA030F7FEA226C7FEA236C0C
:104AA0006AD04FEA1262D2EB1363C1BFD218414001
:104AB00048404140B8BF5B42192B88BF704710F097
:104AC000004F40F4000020F07F4018BF404211F03A
:104AD000004F41F4000121F07F4118BF494292EAA2
:104AE000030F3FD0A2F1010241FA03FC10EB0C00CE
:104AF000C3F1200301FA03F100F0004302D549425B
:104B000060EB4000B0F5000F13D3B0F1807F06D307
:104B100040084FEA310102F10102FE2A51D2B1F1FF
:104B2000004F40EBC25008BF20F0010040EA0300F4
:104B30007047490040EB0000013A28BFB0F5000F74
:104B4000EDD2B0FA80FCACF1080CB2EB0C0200FA2A
:104B50000CF0AABF00EBC25052421843BCBFD04079
:104B60001843704792F0000F81F4000106BF80F4F3
:104B700000000132013BB5E74FEA41037FEA226CB6
:104B800018BF7FEA236C21D092EA030F04D092F081
:104B9000000F08BF0846704790EA010F1CBF0020B5
:104BA000704712F07F4F04D1400028BF40F0004012
:104BB000704712F100723CBF00F50000704700F032
:104BC000004343F0FE4040F4000070477FEA226259
:104BD00016BF08467FEA23630146420206BF5FEA2A
:104BE000412390EA010F40F4800070474FF000032A
:104BF00004E000BF10F0004348BF40425FEA000CF1
:104C000008BF704743F0964301464FF000001CE098
:104C100050EA010208BF70474FF000030AE000BFEE
:104C200050EA010208BF704711F0004302D540422C
:104C300061EB41015FEA010C02BF8446014600209E
:104C400043F0B64308BFA3F18053A3F50003BCFAB9
:104C50008CF2083AA3EBC25310DB01FA02FC634466
:104C600000FA02FCC2F12002BCF1004F20FA02F26D
:104C700043EB020008BF20F00100704702F1200260
:104C800001FA02FCC2F1200250EA4C0021FA02F2C1
:104C900043EB020008BF20EADC7070477BB972B9B1
:104CA0000029BEBF00204FF0004106E008BF0028E9
:104CB0001CBF6FF000414FF0FF3001F01BB9ADF1A8
:104CC000080C6DE904CE002909DB002B1ADB00F08B
:104CD00035F8DDF804E0DDE9022304B07047404216
:104CE00061EB4101002B1BDB00F028F8DDF804E04C
:104CF000DDE9022304B0404261EB4101524263EB23
:104D000043037047524263EB430300F017F8DDF8AA
:104D100004E0DDE9022304B0404261EB4101704749
:104D2000524263EB430300F009F8DDF804E0DDE9EB
:104D3000022304B0524263EB430370472DE9F0476E
:104D4000089E0D4604460F46002B4AD18A429446DF
:104D500065D9B2FA82F343B102FA03FCC3F120022F
:104D60009F4020FA02F217439C404FEA1C4E1FFA64
:104D70008CF5B7FBFEF1220C0EFB117742EA0742DD
:104D800001FB05F090420AD91CEB020201F1FF374A
:104D900080F01C81904240F2198102396244121A5B
:104DA000A4B2B2FBFEF00EFB102244EA024400FB68
:104DB00005F5A5420AD91CEB040400F1FF3280F08E
:104DC0000781A54240F204816444023840EA014070
:104DD000641B00211EB1DC400023C6E90043BDE88E
:104DE000F0878B4208D9002E00F0ED800021C6E943
:104DF00000050846BDE8F087B3FA83F1002949D1E0
:104E0000AB4202D3824200F2F880841A65EB0302BF
:104E100001201746002EE2D0C6E90047DFE702B9BD
:104E2000FFDEB2FA82F3002B40F090808A1A4FEA3C
:104E30001C471FFA8CFE0121B2FBF7F507FB15207A
:104E4000220C42EA00420EFB05F0904208D91CEB0E
:104E5000020205F1FF3802D2904200F2CB804546B3
:104E6000121AA4B2B2FBF7F007FB102244EA024484
:104E70000EFB00FEA64508D91CEB040400F1FF322E
:104E800002D2A64500F2BB801046A4EB0E0440EA15
:104E900005409FE7C1F120078B4022FA07FC4CEA4E
:104EA000030C05FA01F420FA07F3FD404FEA1C4910
:104EB0002343B5FBF9F81FFA8CFE09FB18551C0CAF
:104EC00044EA054408FB0EF5A54202FA01F200FA95
:104ED00001F00BD91CEB040408F1FF3A80F0888044
:104EE000A54240F28580A8F102086444641B9DB28B
:104EF000B4FBF9F309FB134445EA044403FB0EFE3B
:104F0000A64508D91CEB040403F1FF356CD2A64575
:104F10006AD9023B644443EA0843A3FB0295A4EB2D
:104F20000E04AC42C846AE4656D353D056B1B0EB91
:104F3000080264EB0E0404FA07F7CA40CC4017439A
:104F4000C6E9007418460021BDE8F087C3F12001CE
:104F500002FA03FC20FA01F225FA01F19D402A43EE
:104F60004FEA1C471FFA8CFEB1FBF7F007FB101548
:104F7000110C41EA054100FB0EF58D4204FA03F4E1
:104F800008D91CEB010100F1FF382FD28D422DD939
:104F900002386144491B92B2B1FBF7F507FB1511CA
:104FA00042EA014205FB0EF1914208D91CEB0202D4
:104FB00005F1FF3816D2914214D9023D6244521ACB
:104FC00045EA004138E73146304608E73946E6E62B
:104FD0001046FBE64845A9D2B9EB020865EB0C0E7A
:104FE000013BA3E74546EAE72B4694E74046D1E775
:104FF000D0467BE7023D624432E708460AE7644454
:10500000023842E703685A004CBF43F0004323F0E4
:1050100000431844704700BF2DE9F84329B34F1EE1
:10502000044615463E464FF0000808EB060101EB2A
:10503000D171491004EBC1094846FFF7E3FF03466D
:10504000C80008308F42204409D0AB4209D8FFF78E
:10505000D9FF0138A8420AD201F10108E5E7AB42C5
:1050600005D9884501D04E1EDFE74FF000094846BC
:10507000BDE8F883012807D0022807D0044B002898
:105080000CBF18460020704702487047024870471E
:1050900071370300793703008137030030B5224BA5
:1050A00083B004468D1E43B301A92846AFF30080A8
:1050B000F0B101992A46FFF7AFFF0146C0B1FFF7F3
:1050C000A1FF4B68A064012B2BD0002B01F1040041
:1050D00025DBFFF797FF002323650368E064002BBF
:1050E00012DBFFF78FFF03460020236103B030BDC2
:1050F00000230920236103B030BD0C4B0C49C91AB1
:10510000C91018460191D5E7C3F30360FFF7B2FF5A
:10511000031E0CBF09200020236103B030BD012312
:10512000DAE700230520E0E700000000C4CF030019
:10513000B0D203000368DA0710B5044606D49B0713
:1051400000F1480009D500F075FC2368590709D51E
:105150001A070ED5DB0613D510BD00F063FC2368DB
:105160005907F5D404F1D00000F06CFC23681A074D
:10517000F0D404F5A87000F06DFC2368DB06EBD4D6
:1051800004F5E870BDE8104000F0A8BC03460068D4
:1051900000B11844704700BF704700BF70B50446A7
:1051A0000E46316C2046FFF779FF054688B9326C10
:1051B0006261236932462146012098470828F0D0D1
:1051C000072806D12846316CFFF7E6FF301D00F0B6
:1051D0001DFCDBF7A5F900BF2DE9F0470D1DD0F848
:1051E0000C80D0F81890074614460FCDADF5727DAF
:1051F0000DF10C0CACE80F000FCDACE80F000FCD9B
:10520000ACE80F0095E80F0002AE4FF0000E8CE8FE
:105210000F00C6F800E020E0336C7B614FF4F072C1
:1052200031467AA8DAF7A8FA3B697AAA3946504695
:105230009847889B73642146CDE9006905463B4643
:105240003A460120C0470446E0B94FF4F0727AA90B
:105250003046DAF791FA082D1AD1316C3846FFF74B
:105260001DFF09345FFA84FA05460028D4D0B36BD9
:1052700073643A46CDE900693B464AF010010120CB
:10528000C04700B1092528460DF5727DBDE8F087BD
:10529000072DF7D12046316CFFF77EFF03A800F001
:1052A000B5FB00BFF0B5CB6B0B6401F1040C0E46EF
:1052B0000546BCE80F00F9B001AC0FC4BCE80F0014
:1052C0000FC4BCE80F000FC49CE80F004FF0FF377D
:1052D00084E80F00009706E02B696A462946984744
:1052E0000828044608D110992846FFF7D7FE002861
:1052F000F2D0092079B0F0BD6846FFF71BFF062CFD
:10530000F7D131462846FFF749FF00BFC160D96B8E
:105310008261196400221946FFF75EBF70B5C66846
:1053200043690B64AEB903690A4604460D4601465B
:1053300002209847072805D008280FD12946204683
:10534000FFF72CFF3046296CFFF726FF281D00F0E1
:105350005DFB0122FFF740FFDBF7E2F8DBF7E0F847
:10536000C26822B1CA6B0A640022FFF735BFFFF79B
:1053700099BF00BF704700BF836801460BB1012091
:1053800018477047012912D009D873B90F2A0CD8D1
:1053900000EB820218465368009A13607047033985
:1053A000012994BF0120022070470220704708465F
:1053B000704700BF00B585B00A46002303A90091DD
:1053C0001946FFF7DFFF039805B05DF804FB00BF47
:1053D000012912D009D873B90F2A0CD8009900EB13
:1053E000820209685160184670470339012994BF49
:1053F000012002207047022070470846704700BF16
:1054000010B584B0002303AC039200940A461946F9
:10541000FFF7DEFF04B010BD70B5D36B136402F16B
:10542000040C05460C46BCE80F00ADF50E7D0DF1F1
:105430005C0EAEE80F00BCE80F00AEE80F00BCE861
:105440000F00AEE80F009CE80F004FF0FF368EE82B
:105450000F00169610E0FFF7D3FF214616A8A847C5
:10546000034616AA6946082083B9049B9847052875
:1054700006460CD0092809D026996846FFF70EFE8B
:1054800003466A460C2116A8002BE4D0092616A86C
:10549000FFF750FE30460DF50E7D70BD2DE9F04F43
:1054A000CC6C89B01E4654F8043B06940D46174652
:1054B00000F00308002E79D01A0C8DF81D201B0473
:1054C000D2B2059304EB820402238DF81C302B6DBD
:1054D000B8F1020F08BFAC6B13F001030CD005A9A3
:1054E000384600F095FB18B9082009B0BDE8F08FE8
:1054F000092009B0BDE8F08FD4F800A0BAF1000F80
:10550000EDD0019300F008030293022E4AD0B4F8C4
:1055100000A0B4F802900434AB6C29F0010B0F2109
:1055200038469B44FFF746FF834539D82AF00102ED
:105530005A44824294BF002201224FEA490303F0F9
:1055400002030AF0010A43EA0A03012B4BD0022BA3
:1055500032D0002BCCD1B8F1000F02D0002A40F09D
:10556000CD800434D4F800A0BAF1000FCDD105A944
:10557000384600F04DFB0028BAD1019B002BB3D078
:105580000F213846FFF716FF0E2102463846FFF777
:1055900037FF38466A4A0F21FFF732FF0720A8E796
:1055A0000022CAE7D4F804900834B5E71B0205933B
:1055B0008DF81D60032388E7D4F8009029F0004B94
:1055C000B8F1000F46D12AB1029B002B5BD0BBF192
:1055D000000F73D0B9F1000F00DA04340BF1010BA6
:1055E00004EB8B04BEE7B8F1000F19D1B2B16168CA
:1055F0002268881C4FEAD2723FF47AAF05F1580353
:105600000131049300F08E80201DFFF7BFFD04AB35
:1056100001462846F5F7FAF8002859D10834A1E7E1
:105620000D213846D5F82090FFF7C4FE8145F5D10D
:10563000AB6A9C42F2D12046FFF7E4FC0F21024600
:105640003846FFF7DDFE38462A460021FFF7D8FE30
:1056500007204EE70D213846D5F820A0FFF7AAFE17
:105660008245B7D1AB6A9C42B4D104230022C5E97C
:105670000B23E318C5F828B06B632368002B59DBB4
:1056800001230193AAE7994605F15803CDF80C8050
:1056900004F1040AB0461E460EE050460496FFF799
:1056A00075FD0022014604AB284609F101090AF103
:1056B000040AF5F7ABF8D8B9D945EED10D21384633
:1056C000FFF778FE049B2862C5E90934062010E73D
:1056D00081460D213846FFF76DFEB9F1020F04BF78
:1056E0002B46049A286214BF049B43F82C2FEBE747
:1056F0004646D4F80090DDF80C806BE72046FFF7B3
:1057000081FC04340246AC6328461446F5F7D6F80B
:1057100000283FF4EDAE384622460F21FFF770FE19
:105720000720E6E60D2138460193FFF743FE019B73
:105730002862C9E70BF1010004EB80007CE700BFA1
:1057400029F702000023FFF7A9BE00BF0123FFF7DE
:10575000A5BE00BF0223FFF7A1BE00BF2DE9F043A5
:105760000646C3B091461C46042900F29B80DFE840
:1057700001F07B56992E0300002C40F09380102AF4
:1057800000F290800368DC0600F1F38020AF384619
:1057900000F0AEF9B46B394600234FF0010C0CFA5F
:1057A00003F212EA090F204603F1010303D050F877
:1057B000042B0A600446042B01F10401EFD13846A2
:1057C000B46300F08BF9002043B0BDE8F083032CF4
:1057D00068D194B204EB1243102B4FEA124961D8FE
:1057E00003681D0700F1CD8020AF384600F054F962
:1057F000B26B07EBC90154B10B46D01A01EBC401DF
:10580000E4001D5843F8045B8B42FAD12244384629
:10581000B26300F01FF9002043B0BDE8F083012C13
:105820004FEA12481FFA82F938D0052C3AD108EB1A
:105830000903202B36D8B8F10F0F76D9B9F1000F34
:1058400040F083800F2B0BD83368D80708D530463B
:1058500023F0010343F0020340F8483B00F0EEF868
:10586000002043B0BDE8F083E4B9876B23461FFAFC
:1058700082FC0120341D00FA03F212EA0C0F3946B3
:1058800004D051F8042B44F823200F460133102B89
:10589000F1D119F40050E3D1B76304E008EB090338
:1058A000102B03D9022043B0BDE8F083B8F10F0FED
:1058B000F8D83368DA0706D5304623F0030340F8FA
:1058C000483B00F0B3F820AF38464D4600F0AEF844
:1058D000B26B002D5ED04FF0000907EBC80102EB60
:1058E000C503043952F8040B41F8040F9A42F9D168
:1058F000B9F1000F54D06F464146102938BF10212E
:1059000007EBC101843903EBC90253F8045B41F88A
:10591000045F9A42F9D1012C3BD0B8F10F0FB2636A
:1059200058D9384600F08EF89AE7102B54D93268CF
:10593000D707A3F1100909D522F00103304643F03F
:10594000020340F8483B00F079F83268530739D435
:10595000B8F10F0F02D820A800F070F86F46384653
:10596000C8F1100500F072F8002DB26B28DD20AFF1
:10597000B3E723F01003036000F5E87000F0B8F817
:1059800004E723F00803036000F5A87000F084F832
:105990002AE720AF0432B263384600F043F85FE7ED
:1059A000012CF7D0B8F10F0FB2633FF659AF38466C
:1059B00000F040F8B9F1000F3FF452AF6F46B0E786
:1059C000134699E7304622F0040240F8D02B00F04D
:1059D0003DF8BDE720AFEAE73368D90708D523F0E3
:1059E0000103304643F0020340F8483B00F026F83C
:1059F00020AF38464D4600F021F8B26B002D7FF401
:105A00006AAF384600F016F82AE700BF00F134010B
:105A100091E838009C46A6464CF8045D90E8FF0FDC
:105A2000E54600BD90EC210B704700BF80EC210BD8
:105A3000704700BF90EC200B704700BF80EC200B3C
:105A4000704700BFD0EC200B704700BFC0EC200BAC
:105A5000704700BFF0EC0201F0EC0211F0EC022103
:105A6000F0EC0231F0EC0241F0EC0251F0EC02619A
:105A7000F0EC0271F0EC0281F0EC0291F0EC02A18A
:105A8000F0EC02B1F0EC02C1F0EC02D1F0EC02E17A
:105A9000F0EC02F1704700BFE0EC0201E0EC021113
:105AA000E0EC0221E0EC0231E0EC0241E0EC0251DA
:105AB000E0EC0261E0EC0271E0EC0281E0EC0291CA
:105AC000E0EC02A1E0EC02B1E0EC02C1E0EC02D1BA
:105AD000E0EC02E1E0EC02F1704700BFB0FC0181B4
:105AE000B0FC0191B0FC01A1B0FC01B1704700BF56
:105AF000A0FC0181A0FC0191A0FC01A1A0FC01B1CE
:105B0000704700BFEC4600B52DE900502DE9FF1F9E
:105B10004FF000032DE90C0001A9FFF7C3FBDDF8EE
:105B200040E012B0704700BFEC4600B52DE90050D0
:105B30002DE9FF1F4FF000032DE90C0001A9FFF72D
:105B4000EDFBDDF840E012B0704700BFEC4600B559
:105B50002DE900502DE9FF1F4FF000032DE90C0047
:105B600001A9FFF7FDFBDDF840E012B0704700BF70
:105B7000EC4600B52DE900502DE9FF1F4FF0000362
:105B80002DE90C0001ABFFF7C1FBDDF840E012B0DE
:105B9000704700BFEC4600B52DE900502DE9FF1F0E
:105BA0004FF000032DE90C0001AAFFF735FCDDF8EA
:105BB00040E012B0704700BF027A03467AB9427AD9
:105BC000A2B14168013A10B44272086803220C1D68
:105BD0001A7202025C60000E10BC1A607047006806
:105BE000013A1A7202021A60000E7047B020704724
:105BF00000B585B0002303AA009219460C22FFF7D6
:105C0000C1FB039805B05DF804FB00BFFFF7F0BFD0
:105C10002DE9F04385B007460E464FF0000803AD6E
:105C20003046FFF7C9FFB028044600F0CB800306DA
:105C300040D500F0F003802B56D0B02B7DD01CD87F
:105C4000902B00F09380A02B13D1C34303F00703E4
:105C50004FF47F621A41010702F47F624FF00003A4
:105C600048BF42F4804219463846FFF777FD0028C6
:105C7000D6D0092005B0BDE8F083C02B4BD1C62893
:105C800000F08980C72800F0A28000F0F803C02B44
:105C900000F0BC80C82800F0BF80C928E9D1304698
:105CA000FFF78AFF020300F00F0002F470220130B8
:105CB000024339E08300DBB203F1040900231946F3
:105CC00000950D223846FFF75DFB039B60064CBF35
:105CD000A3EB09034B440393002300950D221946BF
:105CE0003846FFF775FB9BE704023046FFF764FF79
:105CF0002043B0F5004FBCD004010023A2B21946E6
:105D00003846FFF72BFD0028B3D114F4004F18BF1D
:105D10004FF0010884E700F0F803D02BA9D100F080
:105D20000702013242F40022052301213846FFF721
:105D300015FD00283FF474AF9BE7B12837D0B22897
:105D400000F08780B32856D000F0FC03B42B90D02D
:105D500000F00702013242F40022012319463846BE
:105D6000FFF7FCFC00283FF45BAF82E700F00D0377
:105D70000D2B3FF47EAF002300F00F021946009573
:105D80003846FFF7FFFA002300950D2219463846E2
:105D9000FFF71EFB44E73046FFF70EFF020300F05B
:105DA0000F0002F47022013002430323D6E730468D
:105DB000FFF702FF024600283FF45BAF10F0F0034C
:105DC000CCD056E7B8F1000F32D0002052E7304671
:105DD000FFF7F2FE024600283FF44BAF10F0F00F41
:105DE0007FF447AF002304213846FFF7B7FC0028B3
:105DF0003FF416AF3DE73046FFF7DEFE020300F04A
:105E00000F0002F4702201300243A6E700F00F02F7
:105E1000013242F42022C8E73046FFF7CDFE00F001
:105E2000F00200F00F031032013343EA02327BE745
:105E300003AC43460E22414600943846FFF7A2FACF
:105E4000009443460F2241463846FFF7C1FA4046C8
:105E500010E700230D22194600953846FFF792FA05
:105E60003046FFF7A9FE0206039C4FF002090CD54D
:105E700000F07F0000FA09F0044430460394FFF775
:105E80009BFE030609F10709F2D400F07F0303FA31
:105E900009F304F5017423441DE700BF10B5C26C7B
:105EA000536884B04FF0030C08321C0208461B0EE6
:105EB00001A9019402928DF80CC08DF80D30FFF706
:105EC000A7FE04B010BD00BF08B5FFF79FFE806CB1
:105ED00008BD00BF08B5FFF799FEC06CC379023357
:105EE00000EB830008BD00BF08B5DAF719FB08B561
:105EF000FFF7FAFF704700BF000000002DE9F04FE8
:105F00002DED108B97B08A46002107921291002246
:105F10000021CDE904128046514611910F4611F837
:105F2000012B2D2A5ED801A050F822F0F940030081
:105F30001140030011400300114003001140030011
:105F40001140030011400300114003001140030001
:105F5000473F0300473F0300473F0300473F03001D
:105F6000473F0300114003001140030011400300AC
:105F700011400300114003001140030011400300D1
:105F800011400300114003001140030011400300C1
:105F900011400300114003001140030011400300B1
:105FA000114003001140030011400300473F03006C
:105FB0001140030011400300114003001140030091
:105FC0001140030011400300114003001140030081
:105FD0001140030011400300334703001140030048
:105FE0001F47030000210991302A7DD00023089328
:105FF0002F2A144640F2CD844FF0000938464E4611
:106000004D4612E00130082D1190C8BF09EB8909F7
:106010000478C6BF02EB4902A2F13009A3F13006B1
:106020002F2C05F1010522466FDD06EB8603392C86
:1060300002EB4303E6DD9F49012201F009FC002841
:1060400037D1119B1A46013311935478002D40F03B
:106050004385302C40F02485C3F1010298180133A8
:1060600011931C78302CF9D0A4F13103082B00F2E5
:106070000183119F431CA4F1300B0B930125BC46F7
:106080004FF0000E06EB86060BEB460600200CF1E7
:10609000010311939CF80140A4F13001092900F299
:1060A000BB8201308B46002940F04F84DDF844C0AC
:1060B000EDE70020652CAE460B90844601D0452CC0
:1060C00030D1002D6BD1089B034367D1079B9FED17
:1060D000778B13B1079BC3F800A0B0EE480B17B045
:1060E000BDEC108BBDE8F08F7A7802F0DF02582A01
:1060F00000F00C84013711973A78302AFAD0002A40
:1061000000F0B7800123089372E76A49012201F089
:106110009FFB002800F0C080AE464FF0000CCDF889
:106120002CC060464FF0000B002D7ED007EE906A29
:106130000B9BB8EE677BABEB0303BEF1000F08BF10
:10614000AE46102D0A932B46A8BF1023092D8DEDC6
:10615000047B0CDD584A02EBC30212ED125B06EE23
:10616000909AB8EE666BA7EE056B8DED046B0F2D64
:1061700000F3A8800A9A002A00F0E4830A9A40F308
:106180003C83162A40F398840A99C5F125028A4275
:1061900080F2A6840A9AEB1A134499E00025DDF8F0
:1061A00044A00AF1010311939AF801402B2C00F04E
:1061B0005E822D2C00F0F78100230A93A4F13003B6
:1061C000092B00F2EB81302C05D1119B0133119387
:1061D0001C78302CFAD0A4F13103082BA2D8119AE4
:1061E0000C92531C1193A4F1300B54782F2C07DC24
:1061F000DEE3013311934C782F2CA2F1300B06DD36
:106200000BEB8B02392C194604EB4202F1DD0C9AA0
:106210009B1A082B40F3CC8344F61F6B0A9B002B80
:1062200082D0CBF1000B002D80D1089B034320D1FD
:10623000BCF1000F7FF44AAF692C00F0CF8300F36C
:10624000F382492C00F0CA834E2C7FF43FAF1B49E8
:1062500011A801F0B9F900283FF438AF119B1B7861
:10626000282B00F0F2841648FDF75CF9B0EE408B65
:1062700001E09FED0E8B079A0AB1119B1360099BF9
:10628000002B3FF42AAFB1EE488BB0EE480B17B0AD
:10629000BDEC108BBDE8F08F119B0B905A1C119236
:1062A0005C78AE46F8E600BFAFF300800000000067
:1062B0000000000040A700202814002088A500202E
:1062C000805F00200A9AEB1A1344002B40F3B0823F
:1062D00013F00F010AD0C34A02EBC1029DED046B1B
:1062E00092ED007B27EE067B8DED047B33F00F02F1
:1062F00040F038820023089300962B4672463946B8
:10630000404604F04FFD8146002800F0E1820B9BDF
:10631000A3EB0B0B0A9B9FEDA9EB002B9FEDA9CBE9
:106320009FEDAADB9FEDABBBB4BF5A4600224FF0F6
:10633000000A23EAE3730B920C935446D9F8041035
:10634000404604F0ADFC0646002800F00E81D9F866
:1063500010209DED048B0232920009F10C010C30EB
:10636000D9F70AFAB0EE480B14AA13A9404605F073
:10637000D5F81290002800F0E4800121404604F096
:10638000B9FD0446002800F0F080139A002AC0F2FC
:10639000DE800B9B0C9F02EB030B089B149DD21A13
:1063A0002A44914B013A9A42C5F1360580F2988011
:1063B000991A1F29A5EB010500F3E380012202FAD7
:1063C00001F30D9300230E932F44089B5D44AB45CE
:1063D0005A461F44A8BF2A46BA42A8BF3A46002AD6
:1063E00003DDAD1ABF1AABEB020B0B9B002B00F3C6
:1063F0008880002D00F39C800A9B002B00F3B7805F
:10640000002F00F3A980BBF1000F08DD21465A469A
:10641000404604F0ABFE0446002800F0A680129926
:106420003246404604F03CFF8246002800F09D8042
:106430000023C568C360214604F010FF0028C0F2A5
:10644000C78300F061832146504605F0D1F8B0EED5
:10645000007BB4EEC70BF1EE10FA46D8002D00F029
:10646000CB80B7EE009B0598604B00226049DFF8B7
:1064700084C100EA0107674500F0D480089959B14A
:10648000B7F1D46F08D8B4EECB9BF1EE10FA40F21E
:10649000568103F1D661CB1BB0EE480B43EC1A2BAF
:1064A00004F0A8FFAAEE008B8DED048B18EE903A55
:1064B000089A22B94E4A1A40974200F0E480129995
:1064C000404604F013FC3146404604F00FFC2146E0
:1064D000404604F00BFC5146404604F007FC2DE713
:1064E00001230021CDE90D316EE7B6EE009B20EED1
:1064F000099B002D5FD1B1EE497B059853EC172B1A
:10650000B4E721461A46404604F0D0FD044660B385
:106510000146129A404604F01BFD30B30F901299C9
:10652000404604F0E3FB0F9A1292002D7FF764AF10
:1065300012992A46404604F019FE129000287FF472
:106540005BAF22239FED258BC8F80030BCE00C9B8D
:10655000DDF82CB09F1A20E731463A46404604F059
:1065600005FE064600287FF44EAF1298E9E7314653
:106570000C9A404604F09AFD064600287FF440AF8E
:10658000F3E7C2F17F4202F57F0202F57B4201216F
:10659000E23201FA02F3CDE90D1315E7CDF844A07C
:1065A0004FF0000BC0E501230A930AF10203119397
:1065B0009AF8024002E6B0EE497B9EE79535A0943A
:1065C000FFFFCF3F9535A094FFFFDF3F35E5AF35A7
:1065D0000000E03F0000C0FFFFFFDF4100000000BF
:1065E0000000F07F2814002002FCFFFF0000F03FB5
:1065F0000000F07F0000E07FDDE90412002900F0D8
:106600008580DDE90412012900F0D8811046B74BDE
:10661000B7EE009B002229E7652C4FF0010C3FF4F8
:10662000BEAD4CE543EC1A2BA0F1547305939DEDE0
:1066300004FBB0EE4F0B04F0DDFEAD49AAEE00FB0B
:106640001FEE903AAB4A194091428DED04FB72D98E
:10665000A94B18EE902A9A4203D118EE103A013352
:1066600083D0A54A4FF0FF33CDE9043227E700235A
:106670000A939AE7652C00F0D080452C00F0CD807D
:106680004FF0010CD1E551EC190B0D9308F034FCDF
:1066900008F004FC049B1D430D9B41EC170BC3F356
:1066A00013031D4339EE479B00F0A080B4EECC9B52
:1066B000F1EE10FA05D4B4EECD9BF1EE10FA7FF7AF
:1066C000FEAE9DED048B12980146404604F00EFB91
:1066D0003146404604F00AFB2146404604F006FBE2
:1066E0004946404604F002FB5146404604F0FEFA9B
:1066F000C1E501220992791C11917A78002A3FF4B0
:10670000E5AC0F4670E400220992F4E7C2F31303EC
:106710001046002B7FF47BAFB7EE007BB4EEC70BC7
:10672000F1EE10FA00F1D381B6EE009B20EE099B4A
:10673000B1EE497BE2E603F154730593B8E6BCEE93
:10674000C99B19EE103A012B38BF012309EE103A0C
:10675000B8EE499B002D40F03E81B1EE497B53ECF1
:10676000172B96E6B2F59A7F00F3B280102A4FEA13
:10677000221340F38682614C9DED047B002022466B
:10678000014613F0010F01F101014FEA630304D048
:1067900092ED006B012027EE067B012B02F108022F
:1067A000EFD108B18DED047B059BA3F154730593E4
:1067B00004EBC1049DED046B94ED007B4C4B27EE84
:1067C000067B17EE902A4E4913408B428DED047BD9
:1067D0007ED8A1F580118B4240F2D681464C4FF015
:1067E000FF33CDE904340023089385E5B4EECE9B56
:1067F000F1EE10FA7FF563AE63E71632FFF662AD95
:106800000B9BA3EB0B0B3F4B03EBCB0393ED007BFD
:106810009DED046B86EE078B2DE54FF0000ECDF855
:106820002CE04FF0010C4EE46E2C3FF410AD4DE423
:106830003FF460AD5B4213F00F010AD0314A02EB26
:10684000C1029DED046B92ED007B86EE077B8DED22
:10685000047B1B113FF44EAD1F2B33DC13F01002F1
:1068600018BF6A229DED047B0892274A0021D807B1
:1068700004D592ED006B012127EE067B5B1002F13F
:106880000802F4D109B18DED047B089B93B1DDE9D9
:106890000401C1F30A52C2F16B03002B0ADD1F2B66
:1068A00040F32F820020342B049040F340824FF0BD
:1068B0005C7305939DED047BB5EE407BF1EE10FA21
:1068C0007FF41AAD22239FED058BC8F80030D2E487
:1068D00022239FED048BC8F80030CCE400000000B8
:1068E00000000000000000000000F07F0000F0BF8A
:1068F0000000F07FFFFF9F7CFFFFEF7F0014002070
:106900000000A07C28140020782500200293099B19
:10691000019312AB0093A74A13AB11A9404600F0B4
:1069200089FB10F00F0504463FF4A3AC062D74D18B
:10693000079B9FED9A8B0137002B3FF4CEAB1F6076
:10694000FFF7CBBB9DED048B95E40B9BDDF844C0BA
:1069500003440B93012805F101031A4614D028447F
:10696000441E03E046009C420DD001332A46082A0B
:106970001D4606EB8600F5D9102BDCBF09EB890913
:106980004FEA4909EFE70232082D3CDC1546FFF7D4
:1069900079BB89490122384600F05AFF002800F0EF
:1069A00082804FF0000EF14676467546FFF7B5BB84
:1069B00044F61F639B45A8BF9B462FE4DDE90423F3
:1069C0001846002B7FF423AE22239FED748B129880
:1069D000C8F8003078E6B0EE497BC0E6774911A8E8
:1069E00000F0F2FD00283FF471AB119B7449013BAC
:1069F00011A8119300F0E8FD10B9119B0133119318
:106A00009FED688B37E4102ADCBF09EB890901EBA5
:106A1000490915460020FFF73ABB129A3AB13521D1
:106A200014A804F017FE1299404604F05FF9013DE6
:106A3000139B042D00F28F81DFE805F0032D2A1F40
:106A40000300149A049203F23342159B23F480133B
:106A500043EA02530593E50502D543F0004305934D
:106A6000584A1A409DED048B002A7FF404AC01F0D3
:106A70003DFC22230360FFF7FEBB4FF0FF336FF0B6
:106A80000046CDE90436E3057FF55CAF059BE4E7FE
:106A90004C4B0593F7E7149B0493159B0593DAE79A
:106AA0000020FFF7E1BA119B1A4601331193547885
:106AB00006468146FFF7CDBA434B03EBC20393ED85
:106AC000008B9DED047B28EE078BFFF7D4BBBEEE59
:106AD000007BB6EE009B11E5AE460B90FFF7DCBAEB
:106AE000394BC5F10F054A1B03EBC50503EBC20388
:106AF00095ED008B93ED007B9DED046B28EE068BEE
:106B000028EE078BFFF7B7BB002D00F09580DDE97D
:106B100004BC2E4BCCF313019942624600F0D280A4
:106B20000E9B002B00F0A580DDE9041213421746EE
:106B30001AD0B0EE480B002D00F0A68004F05AFCED
:106B4000089B7BB1C7F30A53C3F16B03002B09DD2C
:106B50001B0503F17F51002001F5401141EC170B9B
:106B600020EE070B38EE008B089B5BB19FED0F7B8F
:106B7000144B28EE078B18EE902A134013B92223EA
:106B8000C8F8003012989FE502F154730593002372
:106B90000893FFF7B1BB00BFAFF300800000000017
:106BA00000000000000000000000F07F0000000076
:106BB00000005039749E002040A70020CC90002097
:106BC000D09000200000F07F28140020FFFF0F006D
:106BD000DDE904120D43C7D1C2F313031746002B9E
:106BE000C2D122F000431B0D1B05B3F1D66FBBD9F8
:106BF000DAF814301BB9DAF81030012BB4DD514645
:106C00000122404604F0B2FA2146824604F026FBF7
:106C10000028A9DD089B002B7ED1504B3B40A3F5FB
:106C200080136FEA13536FEA035305934FF0FF335A
:106C300004939DED048B97E7DDE90412C2F313037F
:106C40000B4317467FF46CAFE4E7454911A814AA3B
:106C500000F0D6FC05287FF406AB159B43F0FF43FC
:106C600043F4E0030593149B04939DED048BFFF71D
:106C700002BBDDE904010D9B03423FF475AF0F46F3
:106C800057E7384C00218FE504F0B4FB089B002B3C
:106C900055D0C7F30A53C3F16B03002B09DD1B0565
:106CA00003F17F5101F54011284641EC170B20EE0E
:106CB000070B38EE408BB5EE408BF1EE10FA7FF407
:106CC00055AF81E6089B04991BB3244B1340B3F1E5
:106CD000D46F1ED81B0DC3F16B034FF0FF3000FAC9
:106CE00003F399427FF41CAF1F4B9A4230D01B4BE9
:106CF000134003F580130593002304939DED048B4B
:106D000032E74FF0FF3202FA03F3049A1A4004927A
:106D1000D0E54FF0FF33E4E7104B3B40B3F1D66FC3
:106D20003FF77DAFB3F15C7F3FF720AF4CE6C2F198
:106D30004B024FF0FF3393400B400593BAE538EE1A
:106D4000408BB5EE408BF1EE10FA7FF41BAF3BE6C3
:106D50000131CCD109E400237DE600BF0000F07FC3
:106D6000889E002000140020FFFFEF7F10B4054C28
:106D7000054B84460A4620685DF8044B6146FFF7E0
:106D8000BDB800BF68B40020E0AE002010B5234CB1
:106D9000234B84460A4620686146FFF7AFF8B4EEFD
:106DA000400BF1EE10FA27D6F7EEC07B9FED1D7A6F
:106DB000F0EEE76AF4EE476AF1EE10FA0EDDB0EE9F
:106DC000C05B9FED146BB4EE465BF1EE10FA05DC90
:106DD000236822221A60B0EE670A10BD17EE903ABF
:106DE00013F0FF4FF7D1104B10EE902A1340002BF9
:106DF000EED1B0EE670A10BD10EE903A002B0B48B2
:106E000004DA05F0D5FEF1EE407AE4E7BDE8104083
:106E100005F0CEBEFFFFFFFFFFFFEF7F68B400204D
:106E2000E0AE0020FFFF7F7F0000F07F805F00204A
:106E3000012B2DE9F84F40D0242B98463DD84C4DDE
:106E40008E4676461EF801BB15F80B4014F0080478
:106E5000F7D1BBF12D0F72D0BBF12B0F08BF9EF8FD
:106E600000B06FF0004908BF06F1020E002B42D0BF
:106E7000102B57D0B9FBF8F700252E4608FB179AC0
:106E800005E033D008FB06C601251EF801BBABF1B7
:106E9000300CBCF1090F06D9ABF1410CBCF1190F54
:106EA00012D8ABF1370C634517DDB5F1FF3FECD0DD
:106EB000B742E6D24FF0FF35E7E701F017FA1623A5
:106EC00003600020BDE8F88FABF1610CBCF1190F35
:106ED00003D8ABF1570C6345E7DC6B1C27D08CB9AA
:106EE0000AB1A5BB11603046BDE8F88FE245C9DAAA
:106EF0004FF0FF35C9E7BBF1300F05D04FF00A085E
:106F00004346B7E77642EBE79EF8003003F0DF0335
:106F1000582B21D14FF010089EF801B043460EF1D6
:106F2000020EA7E7BBF1300F1AD09846A2E7222342
:106F3000036072B10EF1FF314E461160D3E79EF847
:106F400000B04FF0004906F1020E01248EE7B14671
:106F5000F0E74E463046C7E74FF00808434689E75A
:106F60009EF8005005F0DF05582DD3D0984681E7F4
:106F70005D8F002010B4054C8446134620685DF8F0
:106F8000044B0A466146FFF753BF00BF68B40020B8
:106F90002DE9F0410469B4EB611F2FDD00F1140EFF
:106FA0004E1111F01F0C0EEB84050EEB86032BD057
:106FB0005EF8261004339D4221FA0CF1CCF1200832
:106FC00018D977461A6802FA08F20A4347F8042BE0
:106FD00053F8041B9D4221FA0CF1F3D8A31B9B002C
:106FE000053B9B0801330EEB83044EF82310C9B117
:106FF000043417E0416174460029F9D1002303618C
:1070000000234361BDE8F0819D4288BF00F110027A
:10701000F4D953F8041B42F8041F9D42F9D8A41B6D
:107020000EEB8404A4EB0E039B1074450361E7D0C0
:10703000BDE8F0812DE9F04F2DED028B0C688B46F9
:10704000A17885B0302908EE100A9246029340F0EC
:10705000CE816FF00100001BE21C8318144612F869
:10706000011B3029F9D0DFF8008318F80120002A2D
:1070700000F0E5802278002718F802203D462646D9
:107080002AB116F8012F18F80220002AF9D1B549C3
:1070900001930122304600F0DBFB019B8146002872
:1070A0004DD0002D4ED13278A94602F0DF02502A91
:1070B000354650D0CBF80060002F69D12B1B013B27
:1070C000072B394604DD5B10072B01F10101FADCC7
:1070D00018EE100A03F0E4FD8346002800F06682F3
:1070E00000F11406AC42019680F0D2810027CDF861
:1070F0000C909C49A1463C460CE0202F19D0384604
:1071000004372A7818F8022002F00F028240144354
:107110004D4547D015F8012D2E2AEED14D45ECD323
:107120000122284600F094FB8E490028F0D0202F41
:10713000E5D1002046F8044B04270446E1E7002D82
:1071400000F04281327802F0DF02AD1B502A4FEA94
:1071500085093546AED16A782B2A00F025812D2A83
:1071600000F0A5806E1C002018F802104A1E182A94
:1071700000F29B80727818F8022010390136002A3C
:107180005AD100B149428944CBF80060002F95D014
:10719000002B14BF00250625284605B0BDEC028B48
:1071A000BDE8F08FDDF80C90234646F8043B184606
:1071B000019BF61AB610CBF8106003F04BFE760177
:1071C000DAF80040301AA04275DCC0F2EF800027E8
:1071D000DAF808304B45C0F25181DAF804304B45FB
:1071E0004ADDA3EB09094C4500F38280DAF80C2054
:1071F000022A00F06581032A00F08181012A00F053
:107200006F8118EE100A594603F070FD5025109A50
:1072100000232846136005B0BDEC028BBDE8F08F5B
:1072200001EB810102EB4102A2F1100116F8012FDE
:1072300018F80220002AA4D0192AF1DDA1E7494953
:1072400001930122204600F003FB019B00286DD131
:10725000617818F80120651C002A69D030292C4675
:1072600005D114F8013F302BFBD018F80320B2FAF7
:1072700082F77F09012302E7012557B1DAF80C30C4
:10728000022B5DD0032B5FD0012B00F0848045F0F2
:107290001005109BC3F800B0029B2846C3F800906D
:1072A00005B0BDEC028BBDE8F08F2E4602E7012051
:1072B000AA78AE1C58E7061B3146584604F0F8F988
:1072C000074678B1721E53110199012751F8231016
:1072D00002F01F0307FA03F30B4203D0BA4200F394
:1072E000E280022731465846B144FFF751FE6FE76E
:1072F00009F1FF35002F40F0CE80002D40F0CD8009
:107300006B11019A05F01F0552F823200123AB40B1
:1073100013424946584618BF47F00207A4EB090438
:10732000FFF736FE0225DAF80490A6E72178254615
:1073300001F0DF01502900F0BF80CBF8005027E7B3
:10734000119BC3F101031193119B002B9FD0DBF81C
:107350001070DDF80480BA004346019208EB870004
:10736000002107E040A70020D88D0020984243F874
:10737000041C3FD91E4653F8042BB2F1FF3FF5D051
:107380000132022D326000F0BF8014F01F0440F083
:10739000E78021257DE7BA077FF579AF019B1B6860
:1073A0001F43FB07D3D472E7002081E7221A594616
:1073B00018EE100AA9EB020903F0D8FE00F114033D
:1073C00083460193002703E7727818F80200711CC6
:1073D000002800F0A0800D4611F8012F18F80200D7
:1073E0000028F8D1751B4FEA85090E465DE6023488
:1073F000002338E6DBF808309F4280F28E803B465F
:107400000BEB830201210133022DCBF810305161C7
:107410007AD09F42B9DA002B40F39B80DBF814202E
:1074200008EB83030BF1180083424FEA520240F24B
:10743000B1804446016842EAC17244F8042B50F816
:10744000042B83424FEA5202F4D8A3EB0B03193BFF
:107450009B08013348F8232008EB8303002A40F0FF
:107460009D80A3EB080292104345CBF8102073D007
:10747000DAF8083009F101094B458ADA18EE100AEA
:10748000594603F033FC109A00231360A32583E6CA
:10749000019E002389E6012732E72946584604F079
:1074A00007F907462CE7B11E584604F001F90028F9
:1074B0003FF417AF032715E74FF0000901274AE60D
:1074C000119A002A7FF49DAE02990B60019B012264
:1074D000CBF810201A60109B6225C3F800B05BE661
:1074E0004C457FF48EAE012CEED0611E584604F060
:1074F000DFF800283FF485AEDAF80430E4E7119AAB
:10750000002A3FF47EAEDFE7DAF80030013BA34209
:1075100034D02225BDE60E46C7E5DBF8041018EE90
:10752000100A013103F0BCFB0646C8B3DBF810308B
:1075300002339A000BF10C010C30D8F71DF95946B3
:1075400018EE100A03F0D2FB06F114083369B346B3
:1075500056E70023CBF810300023CBF8143087E730
:10756000019B4344C4F1200453F8040C03F072FC63
:10757000A042BFF60EAFDBF810304CE7631104F009
:107580001F0458F823200123A34013420CBF2225D7
:1075900021257EE6C8F8002043466AB1043360E73F
:1075A000074B08483246842102F0B6FF044B0548D9
:1075B0005A46E42102F0B0FFCBF81020CCE700BF20
:1075C000608D0020748D002010B4046809E014F868
:1075D000013FA3F1410CBCF1190F98BF2033934236
:1075E00009D111F8012B002AF1D1013404600120E6
:1075F0005DF8044B704700205DF8044B704700BFF6
:107600002DE9F04F096885B04B1111F01F01029070
:1076100002EB8303039140F08F801D1F0193029BB7
:1076200001991C68002341F8043C61780134002969
:1076300000F09880DFF87491A846AC469A461E4642
:107640000EE0202900F28C80564506DDC44501D2AB
:10765000072B5BDD624551D3082314F8011FA1B14C
:1076600019F801000028ECD00133082B06F10106BF
:107670003ADCDCF80010090100F00F000843CCF8F8
:10768000000014F8011F0029EAD1002E6AD0C44579
:1076900001D2072B74DD624552D2111F634653F8A5
:1076A000040B41F8040FAB42F9D9A5EB0C0323F00E
:1076B0000303691C04330CF1010C614538BF04233A
:1076C0001344002143F8041BAB42FBD9019B53F840
:1076D000043C2BB9AA4249D055F8043D002BF9D0FF
:1076E000052005B0BDE8F08F6245B6D200234CF806
:1076F000043C1946ACF1040C0123BDE70023ACF1B6
:1077000004084CF8043CB246C446A6E7C3F108019D
:10771000DCF800308900C1F1200E60469B464768C6
:1077200007FA0EF343EA0B0327FA01FB036040F864
:1077300004BF4045F3D38DE7191D01911D466EE747
:10774000039B002BC2D0039B0198C3F120014FF093
:10775000FF33CB4050F8041C0B4040F8043CB8E722
:10776000292909D0042005B0BDE8F08F01230520A8
:107770002B6005B0BDE8F08F029901340C6084E7FE
:10778000DCF80010C3F108039B00C3F12007644636
:107790000846666806FA07F1014326FA03F02160FD
:1077A00044F8040F4445F4D375E700BFD88D00209A
:1077B000F0B5254FA2F1020E164605460C460FCF36
:1077C0008BB0EC46ACE80F000FCFACE80F0097E8A9
:1077D00003004CF8040BBEF1220F8CF800102ED8D9
:1077E00004F1FF3E70464FF0000CB5FBF6F206FBCD
:1077F000125328336B44614613F828CC00F801CFAC
:107800002B469E4201F1010C1546EED9002304F8E7
:107810000C3089B1A44472461EF8010F1CF8015DBA
:107820008EF80050A4EB0E030232013B121B0B44F6
:107830009A428CF80000EEDB20460BB0F0BD00232E
:10784000184623700BB0F0BD348F0020FFF7B0BF97
:10785000002A3ED040EA01039B0730B584462FD171
:10786000032A2DD90B4608E0043A8446194625D050
:107870001EF0803F22D1032A22D90468194653F80A
:10788000045BA4F1013EAC4284462EEA040E00F1F2
:107890000400E9D09CF800000C78A0421BD1E64619
:1078A00068B11EF8010F11F8014FA2EB0E03A042C0
:1078B00003F1FF330FD11CEB0303F1D1002030BDE6
:1078C0009CF800000C78844205D1012AF6D0E646E7
:1078D000E6E710467047001B30BD00BF40EA0103D9
:1078E0009B0730B501D1032A0FD8844601F1FF3E32
:1078F00007E01EF8011F03F8011B541EC1B19C468E
:1079000022466346002AF4D130BD0B468446194610
:1079100053F8045BA5F1013424EA050414F0803F18
:10792000E4D1043A032A4CF8045B1946EFD8DDE7AA
:107930009444002CE8D003F8011B6345FBD130BD13
:10794000024B1844407800F0080070475C8F00201C
:1079500030B5174B1D680C4683B001460DB16B6BFB
:10796000FBB1636EDB0702D4A389980513D52246C9
:10797000284603F04DF9636EDA07054602D4A38961
:107980009B0502D5284603B030BDA06D02F092FEE3
:10799000284603B030BDA06D019102F089FE019927
:1079A000E5E70190284605F00DF80199D9E700BFF9
:1079B00068B4002030B587B00546084614460191EA
:1079C00005F088F801AA0123CDE90202059004938D
:1079D0000DB16B6B6BB3636E13F0010FB4F90C3028
:1079E0009AB201D198051DD5910406D4626E43F474
:1079F000005322F40052A381626603AA284621465E
:107A000000F094FA636EDA07054602D4A3899B0559
:107A100002D5284607B030BDA06D02F04BFE2846C7
:107A200007B030BDA06D02F043FEB4F90C309AB23D
:107A3000DAE7284604F0C6FFCDE700BF10B4044CD7
:107A400003460A4620685DF8044B1946FFF7B2BFAB
:107A500068B400200EB410B59DB06FF000411FABAC
:107A6000CDE906010491094953F8042B0290084C12
:107A70000868019302A9059400F040FC029B0022D3
:107A80001A701DB0BDE8104003B0704768B4002004
:107A90000802FFFF931E222B10B50C460CD80A2AB1
:107AA00003D0FFF785FE204610BD0028F9DA2D230C
:107AB00001F8013B4042F4E700230B70184610BD6B
:107AC00030B4047894B10D7884465DB10A462B46F3
:107AD00002E012F8013F2BB1A342FAD11CF8014F8A
:107AE000002CF2D1ACEB000030BC70472046FBE725
:107AF000034B1B5C03F00303012B08BF20307047CE
:107B00005D8F002001292DE9F0415BD94FF001087C
:107B1000C64600244FF0FF35434608E0A3EB0508B6
:107B20001C464FF0010E04EB0E038B4210D200EB0B
:107B30000E0CC75C1CF80560B742EFD332D04FF093
:107B400001082546C646444404EB0E038B42EED39F
:107B50000127C2F80080BE4600244FF0FF363B46A6
:107B600007E09F1B1C464FF0010E04EB0E038B42F7
:107B700010D200EB060C10F803801CF80EC0E04594
:107B8000EFD817D001272646BE463C4404EB0E032F
:107B90008B42EED30136681C864201D31760304613
:107BA000BDE8F081C6450ABF74440EF1010E4FF0E6
:107BB000010EB8E7BE450ABF74440EF1010E4FF046
:107BC000010ED2E701270026E8E700BF2DE9F04FBC
:107BD0009246ADF21C4D05AA81460F465046194605
:107BE0001D46FFF78FFF134683460DF2144243F8FC
:107BF000045F9342FBD1002D00F0DF806C1E06AEC7
:107C00000AF1FF320AEB0400009612F8011FAB1ACA
:107C1000013B5344824246F82130F6D105995A4639
:107C20005144504602F0CCFB00286FD10BF1FF33DA
:107C30000393CBF1010380460646019309EB060E40
:107C4000009A1EF8043052F82330DBB1B8F1000F6F
:107C500003D0059A9A4200D9AB1A1E444FF000088F
:107C60007B1B9E42EAD909EB070045F4006105F051
:107C700023FB07447B1B9E42E0D900200DF21C4DE4
:107C8000BDE8F08FC3455B4638BF4346A34210D2E0
:107C9000591EF21851444A4402E00133A34208D26B
:107CA00012F8010B11F801CF8445F6D0019A164461
:107CB000D3E7C345039B7ED906EB0B024A440AEB8C
:107CC0000B01029602E0434515D0034612F8010D60
:107CD00011F8016D864203F1010C03F1FF30F2D07F
:107CE000029E634608F1010898450AD8059B1E4488
:107CF000A5EB0308B4E7434608F101089845029E46
:107D0000F4D970460DF21C4DBDE8F08FA5EB0B03C6
:107D10005B4538BF5B46013305930BF1FF3301939D
:107D2000CBF101030026029345F4006809EB06013C
:107D3000009A0B5D52F823306BB11E447B1BB3429B
:107D4000F4D209EB0700414605F0B6FA07447B1B65
:107D5000B342EBD291E7A34514D2019B0BEB060291
:107D60000AEB030C4A445B4602E00133A34209D20A
:107D700012F8010B1CF801EF8645F6D0029A164462
:107D80001E44DBE7BBF1000F10D00BEB06004844AC
:107D90000AEB0B0201E0534508D012F801ED10F890
:107DA00001CDE6451346F6D0059BC6E708460DF221
:107DB0001C4DBDE8F08F5B4694E706AB4FF0FF34F7
:107DC00000932BE72DE9F0410D46097890B0044669
:107DD000002954D06A78002A00F08380AB78002B09
:107DE00051D0E8782E68002800F082802B79002B93
:107DF00057D0284604F06EFE064640F40071204637
:107E000005F05AFA86425BD8FE2E00F28680801B6F
:107E100027184022711C684602F09EFB7EB16A1E44
:107E20005FFA86FC901912F8013F03F03F034033DC
:107E30006B44A91A6144824203F8401CF3D1013C0F
:107E4000A35D03F03F0340336B4413F8403C1C44F4
:107E5000A74203D239E04444A74236D314F806C0FF
:107E60000CF03F0C0CF140030DEB030C20463246A6
:107E700029461CF8408C02F0A3FA0028EBD12046DA
:107E800010B0BDE8F081007842EA014200E00C4603
:107E900040EA0343611C98B19A426078F7D1013CF3
:107EA000EDE7227862B131BA01E099421ED042EA90
:107EB0000323204614F8012F002AF6D1994215D049
:107EC0000024204610B0BDE8F081BB5DB819002B3E
:107ED000F6D04FF4006105F0EFF90744BC42AED98B
:107EE000EEE710B0BDE8F04103F014BCC41EC6E7D5
:107EF000120442EA016242EA03232178024600E0CA
:107F00002C4641EA0200651C02020029D8D0B3EBDE
:107F1000002F6178F4D1023CB1E7014633462A468E
:107F2000204610B0BDE8F041FFF750BE9368002B2B
:107F300000F085802DE9F04FB1F90C300C4619079F
:107F4000804683B0174698B225D523691BB310F03D
:107F500002033D682DD04FF0000ADFF8C0B256464C
:107F6000B9465E453346524628BF5B464046002E22
:107F700052D0E169676AB847002856DDD9F8083061
:107F80001B1A8244361AC9F80830002BE9D10020A8
:107F900003B0BDE8F08F2146404602F009FD0028FD
:107FA00040F03881B4F90C303D6898B210F002030B
:107FB000D1D110F0010944D14E46009746B3820555
:107FC000D4F808B040F18580B3455A4600F2B48039
:107FD00010F4906F40F0C18020680192494602F091
:107FE0001FFAA368019AA3EB0B012368A160134455
:107FF000B24623600026009A9368A3EB0A03D1449B
:108000009360002BC3D0B4F90C0080B2002ED6D1FF
:10801000D5E900960835D1E7D5E900A60835A0E7EF
:108020002146404604F00EFC88B3B4F90C3043F00E
:1080300040034FF0FF30A38103B0BDE8F08F002074
:1080400070471E46BA469946184600951F4666B3C5
:10805000002832D04A46D4E904132068A568B24209
:1080600028BF3246884204D905EB030B5A4500F37A
:10807000A780934264DCE169656A3A464046A847B6
:10808000B0F1000BD1DDB9EB0B09C9D00120DAF852
:108090000830A3EB0B035F44A6EB0B06CAF80830CD
:1080A000002B3FF474AF002ED2D1009A56681346CD
:1080B00008320092002EF8D01F6832460A21384656
:1080C00004F0B0FC002800F09C800130A0EB070910
:1080D000C0E720682369984216D86269B24213D873
:1080E0006FF00043B34228BF3346E16993FBF2F3DC
:1080F000676A02FB03F340464A46B847B0F1000AFC
:1081000093DDA6EB0A0676E7B345DA4628BFB2460A
:108110005246494602F084F9A3682268A3EB0A0399
:108120005244A3602260002BEBD12146404604F06C
:1081300089FB0028E5D078E72068B34632464CE753
:108140003946019202F06CF9019AA3689B1AA36068
:10815000236813442360934695E723682169A3EBC2
:10816000010B636903EB430A0AEBDA7A0BF10103B3
:108170004FEA6A0A33445345524684BF9A465246F0
:1081800043052CD51146404601F06AFE00283BD03D
:108190005A4621690190D7F7EFFAA289019B22F490
:1081A000906242F08002A28103EB0B002361AAEBF4
:1081B0000B03C4F814A0A3602060B34632460CE75A
:1081C00039465A4602F02CF923685B442360214665
:1081D000404604F037FB00283FF455AF25E7404602
:1081E00004F028FD03460028DED12169404604F052
:1081F0005DFFB4F90C300C2223F08003C8F8002096
:1082000015E7721C914626E70C22B4F90C30C8F829
:1082100000200CE74FF0FF30BAE600BF00FCFF7F04
:108220002DE9F04186B002FB03F71D4601AB039335
:1082300001230C9C019190460297059704930646F2
:1082400010B1436B002B3DD0636E13F0010FB4F9F6
:108250000C309AB201D199052DD5920406D443F47D
:108260000053A381636E23F400536366304603AA70
:108270002146FFF75BFE636E78B1DA0706D5059BF2
:10828000FF1AB7FBF8F006B0BDE8F081A3899B05A3
:10829000F5D4A06D02F00EFAF1E7D80707D4A38950
:1082A000990504D4A06D02F005FA2846EBE72846AC
:1082B00006B0BDE8F081A06D02F0FAF9B4F90C3017
:1082C0009AB2CAE704F07EFBBEE700BF10B5064CC9
:1082D00082B084460093206813460A466146FFF741
:1082E0009FFF02B010BD00BF68B40020014B1868AA
:1082F000704700BF68B40020000000002DE9F04F77
:108300002DED088BD1B00C460BEE101A9046089359
:10831000834602F0D7F903681293184604F0DAFB9B
:1083200020AF109008220021384602F015F9A389E9
:108330001B0603D52369002B00F0558700239FED12
:10834000838B9FED849BCDE92533CDE91333CDE9B4
:10835000153327AA0E932492924611930493444610
:10836000A1467E4BD3F8E45002F0A6F94A460346F4
:108370001CA900975846A847002800F0B080C0F21A
:10838000A6801C9A252A034601D09944E9E7B9EB57
:108390000405064640F0A78000234FF0FF328DF819
:1083A00067309846069309F1010999F80030039265
:1083B0002B25202609F10109A3F120025A2A00F2F7
:1083C000CF80DFE812F0E802CD00CD00E302CD005F
:1083D000CD00CD006A00CD00CD0005028402CD00A5
:1083E0001002C902CD00BD025B005B005B005B00B8
:1083F0005B005B005B005B005B00CD00CD00CD004F
:10840000CD00CD00CD00CD005301CD0083011A0277
:10841000530153015301CD00CD00CD00CD00150215
:10842000CD00CD009602CD00CD00CD00AB01CD003A
:10843000AA02CD00CD00E306CD00CD00CD00CD00D9
:10844000CD00CD00CD00CD005301CD008301DE0174
:108450005301530153017702DE017F00CD008902F1
:10846000CD005F02E0062F027F00CD00AB017C0053
:10847000B806CD00CD00BD06CD007C00A3F13002D2
:10848000002119F8013B01EB810102EB4101A3F14D
:108490003002092AF5D906918EE7584602F012F902
:1084A00043681593184604F015FB1690584602F0E1
:1084B00009F983681393169B002B40F02D8699F8D9
:1084C000003077E799F8003048F0200872E708227A
:1084D0000021384602F040F80123994441E7B9EB06
:1084E0000405064611D0269B2B442693259B013379
:1084F000072BCAE9004525931CDC0AF1080A049BF6
:108500002B440493002E7FF447AF269B002B41F0B1
:108510000B821BEE103AB3F90C3013F0400F049BA2
:1085200018BF4FF0FF330493049851B0BDEC088B93
:10853000BDE8F08F1BEE101A24AA584604F0AAFFDB
:108540000028E6D10DF19C0AD9E700BF0000000029
:1085500000000000FFFFFFFFFFFFEF7FE0AE002005
:108560000B93002BD1D00021CDE90C118DF8DC301C
:1085700001238DF8671002930791059303910F91E2
:1085800037AC18F00203099302D0029B0233029326
:1085900018F084030A9305D1069B029A9D1A002DB8
:1085A00000F36983269A89B125990DF1670001319D
:1085B0000132CAF8000007294FF0010026922591E8
:1085C000CAF8040000F3A2830AF1080A099B83B1E8
:1085D000259B1AA901330232CAF80010072B4FF06D
:1085E000020126922593CAF8041000F3A3830AF12E
:1085F000080A0A9B802B00F06C82039B05995D1A88
:10860000002D00F3A58218F4807F40F00D82059BB9
:10861000CAF804301A44259BCAF800400133072BDE
:108620002692259300F31B830AF1080A18F0040F21
:1086300005D0069B02995C1A002C00F38883049BEA
:10864000069902988142ACBF5B181B180493002A5C
:1086500040F0B08200232593079B1BB10799584631
:1086600004F024FD0DF19C0A4C4679E60B93089B1F
:10867000073323F00703B3EC028BB0EEC87BB4EEF4
:10868000497BF1EE10FA089340F3E984B5EEC08B14
:10869000F1EE10FA01F159809DF86710AB4CAC4B2C
:1086A00028F080080B9A472AC8BF1C460023CDE952
:1086B0000C33032207930292059203930F93002930
:1086C0003FF45FAF029B013302935AE7432B0B93B6
:1086D00003D018F0100F00F05D85089D08220021DE
:1086E00022A837AC01F038FF22AB55F8042B214605
:1086F000584601F089FF03460133059001F0EE82F0
:10870000059B089523EAE37302930021CDE90C1140
:108710008DF86710079103910F9132E70B93089B37
:108720001A4600238DF86730134653F8044B08931C
:10873000002C00F048850B9B532B00F0EC8618F0C2
:1087400010030C9340F0E786039B5D1C01F0E5806D
:108750000C991A46204604F065F90790002801F0AC
:108760002883079B1A1B05920C9B039322EAE27253
:108770000F930D93079373239DF8671002920B9349
:108780009DE718F0200F0B93089B3DD0073323F093
:1087900007031A4611465B6851F8082B08911946E1
:1087A000002BC0F20C84039B013300F09E8228F062
:1087B000800052EA0103029040F09982039B002B53
:1087C00040F09A82804600230393059350AC06E163
:1087D000089B53F8042B0692002A80F21984069A0B
:1087E00008935242069299F8003048F00408E1E5F7
:1087F00099F8003048F00808DCE548F0100818F057
:10880000200F0B93089BC1D118F0100F40F00B8480
:1088100018F0400F00F0038433F9042B0893D117AC
:108820000B46BDE7089B48F00202029253F8042B66
:10883000089347F63003ADF868307820454B119324
:10884000002102230B900020039C8DF86700601C20
:1088500000F0AD80029820F0800852EA010040F05C
:10886000A480002C40F0AE86002BACD1029B13F00C
:108870000103059300F0D18330238DF83F310DF2D1
:108880003F14ACE018F0200F40F0D48318F0100F24
:1088900040F09F8618F0400F40F0978718F4007F53
:1088A00000F09786089B049953F8042B08931170E5
:1088B0004C4655E599F80030682B03BF99F8013014
:1088C00048F4007809F1010948F0400872E599F888
:1088D00000308DF867506DE599F800306C2B03BFC0
:1088E00099F8013048F0200809F1010948F0100812
:1088F00060E50B9348F0100818F0200100F0518358
:10890000089B073323F00703596853F8082B089393
:1089100028F480630293002395E70B9348F010033B
:108920000293029B13F0200100F02983089B073378
:1089300023F00703596853F8082B0893012382E7B3
:1089400099F8003048F0800834E500BFD890002046
:10895000DC900020E8900020494611F8013B2A2BCA
:1089600001F04982A3F13002092A894698BF00210B
:1089700001F2448119F8013B01EB810102EB410155
:10898000A3F13002092AF5D9039115E599F80030D1
:1089900048F001080EE59DF86730002B7FF48FAD9D
:1089A00099F800308DF8676004E5CDF80880012B58
:1089B00000F09D81022B50AC20D1119802F00F03E2
:1089C0001209C35C04F8013D42EA0172090952EA46
:1089D0000103F3D150AB1B1BDDF808800593059A0A
:1089E00003989DF8671082424FF00003B8BF02461B
:1089F000CDE90C33079302920F9360E602F0070370
:108A0000D20842EA4172C908303352EA01052046D1
:108A100004F8013DF2D1029AD10700F14D8250AB2A
:108A20001B1B90460593DAE70B9B652B40F3D48024
:108A3000B5EE408BF1EE10FA40F0C181259BBA49AA
:108A4000CAF80010013301320121072B2692259329
:108A5000CAF8041000F351850AF1080A1B9B0E990D
:108A60008B4280F2D082109B12991A44CAE90013FB
:108A7000259B26920133072B259300F397830AF158
:108A8000080A0E9B5C1E002C7FF7D0AD102C259B96
:108A900040F36E851BEE106A102505E00AF1080A06
:108AA000103C102C40F364850133A0491032072B91
:108AB000CAE90015CDE92532F0DD24AA3146584631
:108AC00004F0E8FC00287ED1DDE925320DF19C0A96
:108AD000E6E7069B02995D1A002D7FF78EAD102DFB
:108AE000259B21DD099410261BEE104A04E0103D61
:108AF000102D0AF1080A16DD01338C491032072BBC
:108B0000CAE90016CDE92532F1DD24AA21465846EE
:108B10000DF19C0A04F0BEFC002854D1103D102D2C
:108B2000DDE92532E8DC099C8049CAF804500133AC
:108B30002A44072BCDE92532CAF8001000F3268518
:108B4000039B05995D1A002D0AF1080A7FF75BADBA
:108B5000102D259B1FDD514610261BEE10AA04E0A8
:108B6000103D102D01F1080114DD01336F48103262
:108B7000072BC1E90006CDE92532F1DD24AA5146D3
:108B8000584604F087FCF0B9103D102DDDE9253280
:108B900027A9EADC8A4601336449CAF804502A440A
:108BA000072BCDE92532CAF8001000F3DA810AF16B
:108BB000080A28E51BEE101A24AA584604F06AFC9D
:108BC00000283FF447AD079B002B3FF4A2AC079968
:108BD000584604F06BFA9CE40E9B012B40F37A811B
:108BE000259BCAF80040013301320121072B269250
:108BF0002593CAF8041000F3F8810AF1080A1099C5
:108C0000129801330A44072BCAE90001CDE9253245
:108C100000F3DD810AF1080AB5EE408BF1EE10FA9F
:108C200000F077810E990133013901340A44072B92
:108C3000CAF800402593CAF80410269200F35B811D
:108C40000AF1080A1499CAF8041001330A44072BE0
:108C50001EA9CDE92532CAF800107FF7E5AC1BEE5E
:108C6000101A24AA584604F015FC0028ABD1269A05
:108C70000DF19C0ADAE4102DDDE925122C4E24DDDD
:108C8000179410231BEE104A084604E0103D102DE7
:108C90000AF1080A17DD013010320728CAE900631B
:108CA000CDE92502F2DD24AA214658460DF19C0AA1
:108CB00004F0F0FB002886D1103D102DDDE92502DF
:108CC0004FF01003E7DC179C014601312A440729C5
:108CD000CDE92512CAF80060CAF8045000F3BD833C
:108CE0009DF867100AF1080A5DE4CDF808800A2AA9
:108CF00071F1000380F0458330320123DDF80880F4
:108D00008DF83F2105930DF23F1468E61BEE101A13
:108D100024AA584604F0BEFB00287FF454AF269ADC
:108D20000DF19C0A52E400BF585400206CAA0020A8
:108D3000189100201BEE101A24AA584604F0AAFB32
:108D400000287FF440AF269A0DF19C0A51E4102CC4
:108D5000259BBE4E1FDD1BEE108A102504E0103C43
:108D6000102C0AF1080A16DD01331032072BCAE96C
:108D70000065CDE92532F2DD24AA414658460DF1C1
:108D80009C0A04F087FB00287FF41DAF103C102CD8
:108D9000DDE92532E8DC01332244072BCAE900640F
:108DA000CDE925327FF74BAC1BEE101A24AA5846AA
:108DB00004F070FB00287FF406AF269A3FE41B996D
:108DC000002940F35A830C9E0E9B9E42A8BF1E466C
:108DD000002E0BDD259B01333244072BCAE90046E8
:108DE0002692259300F389860AF1080A0C9D002E2D
:108DF000A8BFAD1B002D00F303820C9B18F4806FFD
:108E00002344059340F01F821B9B0E998B4203DB8A
:108E100018F0010F00F0CF84109912980A44CAE9A3
:108E200000012599269201310729259100F3A58695
:108E30000AF1080A0E996518CC1A059BED1AA5428D
:108E4000A8BF2546002D0DDDCAF80030259BCAF8C5
:108E5000045001332A44072B2692259300F3BB8646
:108E60000AF1080A002DA8BF641B002C7FF7DEABB7
:108E7000102C259B40F37C831BEE106A102505E027
:108E80000AF1080A103C102C40F372830133704938
:108E90001032072BCAE90015CDE92532F0DD24AAEE
:108EA0003146584604F0F6FA00287FF48CAEDDE92E
:108EB00025320DF19C0AE5E7302B3FF48BAD3023D2
:108EC000023804F8013C50AB1B1ADDF8088005930A
:108ED000044684E518F0010F7FF482AE259BCAF8A2
:108EE0000040013301320121072B26922593CAF855
:108EF00004107FF7A5AE1BEE101A24AA584604F002
:108F0000C9FA00287FF45FAEDDE925320DF19C0A35
:108F100098E60E994C1E002C7FF794AE102C40F36F
:108F200061831BEE106A102505E00AF1080A103C67
:108F3000102C40F35783013345491032072BCAE9FF
:108F40000015CDE92532F0DD24AA3146584604F05B
:108F5000A1FA00287FF437AEDDE925320DF19C0A35
:108F6000E5E71BEE101A24AA584604F093FA0028ED
:108F70007FF429AE269A0DF19C0AFFF744BB029BB1
:108F800013F0100340F0C180029A12F0400200F08A
:108F90007A83089850F8042B0890194692B201235E
:108FA00051E418F0100355D118F0400200F05D8331
:108FB000089850F8042B0890194692B2A8E452423F
:108FC00061EB4101CDF808802D2001233CE41BEE2C
:108FD000101A24AA584604F05DFA00287FF4F3AD75
:108FE000DDE925320DF19C0A16E61BEE101A24AAC3
:108FF000584604F04FFA00287FF4E5ADDDE925324C
:109000000DF19C0AFBE518F0010F3FF40FAB2AE5C8
:10901000089399F80030FFF7CDB950ACDFE418F4AD
:10902000007F40F0DB8353F8042B0893D1170B46E5
:10903000FFF7B6BB089B049853F8041B0893C217AC
:10904000C1E900024C46FFF78BB900BF1891002020
:109050006CAA0020089B53F8042B089358E4B4EE44
:10906000488BF1EE10FA80F194860B9B612B00F097
:109070005285412B00F0C085039B01330B9B23F0ED
:10908000200500F08084472D04D1039B002B08BFEE
:109090000123039318EE903A002B48F48072464661
:1090A000C0F21886B0EE48AB0023904609930793B0
:1090B0000B9B413B252B00F29883DFE813F06F04F4
:1090C00096039603960368046C049603960396032E
:1090D00096039603960396039603960396039603C8
:1090E00096039603960396039603960396039603B8
:1090F00096039603960396039603960396039603A8
:1091000096039603960368046C04089B53F8042B9B
:1091100008930123FFF797BB139B002B3FF4CFA9C4
:10912000139B1B78002B3FF4CAA999F8003048F430
:109130008068FFF73FB90B93CDF80880FFF7F1BBCC
:109140000B939A4B119318F0200100F00581089BB6
:10915000073323F00703596853F8082B089318F0D6
:10916000010F0AD052EA010307D00B9B8DF869303A
:10917000302348F002088DF8683028F480630293A9
:109180000223FFF760BB0B93FFF7B6BB0B93884B33
:109190001193D8E7089B012153F8042B02918DF815
:1091A000DC200893059137ACFFF7AFBA1BEE101A1D
:1091B00024AA584604F06EF900287FF404AD269ADC
:1091C0000DF19C0A5DE4039B0794062B224628BF01
:1091D000062303942146CDE90C22764C0293059395
:1091E0000F92FFF76CBA4021584600F039FE20601C
:1091F0002061002800F00F8640236361FFF79EB8CE
:10920000102D259B40F35D82514610261BEE10AABF
:1092100004E00831103D102D40F3528201336648BE
:109220001032072BC1E90006CDE92532F1DD24AA71
:109230005146584604F02EF900287FF4C4ACDDE90D
:10924000253227A9E6E70E9BCDF82490E318039377
:109250000D9BCDF82880139E059DDDF85890DDF814
:109260003C800B941BEE101A5046002B34D0B8F102
:10927000000F35D10D9B013B013E0D93159BC0E9BD
:109280000039259B01334A44072B269225936CDC39
:109290000830039B96F800C05B1B6345A8BF63467C
:1092A000002B9A460CDD259C01341A44072CC0E99A
:1092B00000532692259400F3778196F800C0083079
:1092C000BAF1000FACBFACEB0A046446002C0ADC18
:1092D00065440D9B002BCAD1B8F1000F00F0AC83A0
:1092E00008F1FF38CAE7102CDDF894C024DD05959D
:1092F0004FF0100A63460D4604E0103C102C00F1BC
:10930000080016DD01332C491032072BC0E9001A82
:10931000CDE92532F1DD24AA2946584604F0BAF8F1
:1093200000287FF450AC103C102CDDE9253227A832
:10933000E8DC2946059D9C460CF10103224444606B
:10934000072B1D4C0460CDE9253200F3C68396F847
:1093500000C008306544BCE718F0100300F0C2807C
:10936000089B53F8042B0893F9E624AA5846059164
:1093700004F090F800287FF426AC269A059927A8D7
:1093800087E70298CDF81CA050AC00F4806000255F
:109390000AEE10BA094BDDF84CA0CDF81490A346A4
:1093A0004FF00508AC46044610E000BFE8900020EE
:1093B000FC900020109100206CAA0020CDCCCCCCD9
:1093C0000A2A71F1000136D34A463146501840F15D
:1093D0000000A3FB005626F0030505EB9605401B95
:1093E000151A4FF0CC3661F1000E06FB05F6A5FB11
:1093F000039503FB0E6609F0010E2E44AEFB085EDA
:109400002D184FEA590930350BF8015C49EAC67945
:109410000CF1010C0BF1FF3B7608002CD0D09AF830
:1094200000008445CCD1BCF1FF0FC9D00A2A71F1EC
:10943000000180F08F815C4650AB1B1BDDF814905F
:10944000CDF84CA01AEE10BADDF81CA0DDF80880AB
:10945000CDF838C00593FFF7C2BA1BEE101A24AA44
:10946000584604F017F800287FF4ADAB9DF867105C
:10947000269A0DF19C0AFFF796B8259BBE48CAF8BC
:109480000000013301320120072B26922593CAF8F0
:10949000040000F377810AF1080A002940F0AF8048
:1094A0000E9908F001030B433FF4C0A8109B1299DA
:1094B0001A44CAE90013259B26920133072B2593F2
:1094C00000F352820AF1080A0E99CAF800400133EB
:1094D0000A44072BCDE92532CAF804107FF7A4A867
:1094E000FFF7BDBB18F0400200F0DD80089850F88F
:1094F000042B0890194692B231E61BEE101A24AAEA
:10950000584603F0C7FF00287FF45DAB269A0DF1A3
:109510009C0AFFF7A3BA22AE0822002130461D9410
:1095200001F01AF8039B5A1C00F0DB800025CDF8EF
:109530000890CDF81C809946A8460CE037A95846FB
:1095400001F062F8431C404400F0C883484508DC41
:1095500000F0188480461D9A525933460435002A7B
:10956000ECD1CDF81480DDF80890DDF81C80C5E062
:1095700001338249CAF804402244072BCAF800107C
:10958000CDE925327FF750A8FFF769BB1BEE101A13
:1095900024AA584603F07EFF00287FF414AB269AD5
:1095A0000DF19C0AFFF729B824AA5846059103F04B
:1095B00071FF00287FF407AB96F800C0269A059942
:1095C00027A87DE6012BCDF808807FF4F3A9FFF7EB
:1095D00093BB089B049953F8042B4C4611600893E5
:1095E000FEF7BEBE01336549CAF804402244072B8A
:1095F000CDE92532CAF800107FF722AB7BE4109B3F
:1096000012981A44CAE90003259B26920133072BBE
:10961000259300F3A9810AF1080A0029BFF654AF87
:109620004D42103180F20F831BEE101A102605E018
:109630000AF1080A103D102D40F3058301334F480D
:109640001032072BCAE90006CDE92532F0DD24AA45
:109650005846039103F01EFF00287FF4B4AADDE909
:10966000253203990DF19C0AE4E7089B18F4007178
:109670001ABF114653F8042B53F8042B089318BF54
:10968000D2B2FFF745B9029B13F40071089B1ABFD1
:10969000114653F8042B53F8042B089318BFD2B289
:1096A0000123FFF7D0B8089B18F400711ABF1146C8
:1096B00053F8042B53F8042B089318BFD2B24EE58D
:1096C0008A4601332D49CAF804502A44072BCDE9B4
:1096D0002532CAF8001000F339810AF1080AFFF7B1
:1096E0008CBB0023194600961DAA584602F0EAF8E2
:1096F00003460133059000F0F1821D94059B002B79
:109700004ED0632B00F318810023079337AC082257
:109710000021304600F020FF059D00962B461DAA33
:109720002146584602F0CEF8854240F07C83059AE7
:109730000023A35422EAE272CDE90C339DF86710AE
:10974000039302920F93FEF7BABF2D218DF8671095
:10975000FEF7A4BF169B1599ABEB030B1A465846B0
:10976000FEF7BCF89AF80120054B0AB10AF1010A8C
:109770004FF0000C28E600BF585400206CAA0020CF
:10978000CDCCCCCC1BEE101A24AA584603F082FE96
:1097900000287FF418AA1B99269A0DF19C0A7CE6F2
:1097A000059B9DF867100F93CDE90233CDE90C338B
:1097B0000793FEF784BF0E99059865182D1ACC1AE9
:1097C000A542A8BF2546FFF74DBB089B049953F857
:1097D000042B089311804C46FEF7C2BD13F9042BED
:1097E0000893D1170B46FEF7DBBF039A022122AB89
:1097F00001931DAB009358461BABB0EE4A0B02928F
:1098000002F000F9472D029A044600F06181462DCE
:10981000104405D12378302B00F06F821B9A10443E
:10982000B5EE40ABF1EE10FA40F0468103461B1B4B
:109830000E93472D00F01081462D00F0B5811B9B43
:109840000C930C9B412D03F1FF331B9300F0E5813A
:109850009DF82C200021002BB8BF0C9B8DF87820A0
:10986000BABFC3F101032D222B22092B8DF87920D9
:1098700040F3DA810DF18F05DFF81CC42A4610464B
:109880008CFB0321DA17C2EBA10202EB8201A3EBEE
:109890004101303100F8011C19466329134600F1DB
:1098A000FF32ECDC3033D9B2831E9D4202F8011C3A
:1098B00040F28B8213460DF17A0201E013F8011B8E
:1098C00002F8011B9D42F9D10DF191030DF17A02CD
:1098D0001B1A13441EAA9B1A14930E9B149A012B55
:1098E0001A44059240F30382059B109A1344059392
:1098F00026F48063059A43F480780023CDE90C3385
:1099000022EAE2720F930292099B002B40F0B18091
:109910009DF867100393FEF7D2BE204603F0DAF8F5
:1099200002460590FEF720BF1BEE101A24AA5846E7
:1099300003F0B0FDFEF7EDBD591C584600F090FA5B
:109940000446002800F0CA810790E0E61BEE101ADA
:1099500024AA584603F09EFD00287FF434A9269AD5
:109960000DF19C0AFFF749BA1BEE101A24AA5846BB
:1099700003F090FD00287FF426A9DDE925321B992C
:109980000DF19C0A49E606230393FFF783BB039B73
:1099900002215A1C2BE7039A032128E71BA8B0EEEB
:1099A0004A0B03F00BF9B4EE007B20EE070BB5EE8B
:1099B000400BF1EE10FA01D101231B93B348039B36
:1099C000B3EE005B013B224604E0B5EE400BF1EE46
:1099D00010FA13D020EE050BFDEEC07BB3F1FF3F74
:1099E00017EE901A415CB8EEE76B944630EE460BEA
:1099F00002F8011B194603F1FF33E6D1B6EE006B06
:109A0000B4EEC60BF1EE10FA00F34881B4EE460B4B
:109A1000F1EE10FA04D117EE903ADB0700F13E8127
:109A2000002906DB4B1C1344302102F8011B934232
:109A3000FBD1131B0E93FCE60B9C0E9BDDF82490D0
:109A4000DDF828801396E3189D42294628BF194661
:109A500082460591FFF7D8B91B9B0C93DA1C02DBF9
:109A6000039A93420CDD0B9B023B0B9323F02005E2
:109A7000E7E62D2100238DF867100393FEF722BE41
:109A80000C9B0E9A9342C0F2BD80F0070C9B40F1F4
:109A90003281109A13440593710503D50C9B002B5A
:109AA00000F33581059B23EAE373029367230B934D
:109AB00000230F930D9327E7229B8342BFF4B7AE99
:109AC00030215A1C22921970229B9842F9D8AEE696
:109AD000F30700F1A780229BA9E624AA5846059126
:109AE00003F0D8FC00287FF46EA896F800C0269AF0
:109AF000059927A86544FFF7ECBB1BEE101A24AAB2
:109B0000584603F0C7FC00287FF45DA8269A0DF1A3
:109B10009C0AFFF76BB978238DF8693030238DF8F4
:109B20006830039B632B48F0020600F3A6800023F5
:109B3000079337AC18EE903A002B48F481782BDB72
:109B4000B0EE48AB0B9B23F02005002309930B9B41
:109B5000612B7FF4ADAAB0EE4A0B1BA803F02EF8E0
:109B6000B4EE007B20EE070BB5EE400BF1EE10FAE1
:109B700001D101231B93464821E71BEE101A24AAAA
:109B8000584603F087FC00287FF41DA81B9B269AEB
:109B90000DF19C0AFFF74EB90B9B23F020052D23F6
:109BA0000993B1EE48ABD2E71B9A0C92002A06F05B
:109BB000010340F30D8103990B4340F0CF800C9BD0
:109BC000059366230B93720500F1A380059B23EA9E
:109BD000E37302936CE71BEE101A24AA584603F0B5
:109BE00059FC00287EF4EFAF1B9C0E9B269A1C1B91
:109BF0000DF19C0AFFF736B958238DE70022039236
:109C0000FEF7DABB0E9B109A9A180C9B0592002B5C
:109C100040F3AB8067230B93D5E70B9A0F32D2B298
:109C2000012118E6A018FBE5002940F0A8803022A9
:109C30008DF87A200DF17B02303302F8013B1EAB28
:109C4000D31A149349E601331249CAF804502A443E
:109C5000072BCDE92532CAF800107FF733AC1BEE95
:109C6000101A24AA584603F015FC00287EF4ABAF66
:109C7000DDE925320DF19C0A26E4591C584600F016
:109C8000EFF8044650B3079054E700BFFC90002063
:109C9000E89000206CAA002067666666CDF888C050
:109CA00012F8011C90F80FC0614513460AD14FF01D
:109CB000300E03F801EC229B591E229113F8011C6F
:109CC0008C45F6D0392916BF0131817AC9B203F823
:109CD000011CAEE600239046079360E71BEE102AB6
:109CE000B2F90C3043F040039381FEF716BCF50740
:109CF0007FF5FEADF8E50593CEE6B5EE40ABF1EEAF
:109D000010FA3FF48BADC2F101021B9287E5672385
:109D10000B9313990B78FF2B79D000250C9A2846CA
:109D200003E001300131FF2B08D0934206DAD21A4A
:109D30004B78002BF5D10B780135F4E70C92139199
:109D40000D900F950F9A0D9B16991344059A01FBE0
:109D50000323059323EAE3730293D5E5109BD318FD
:109D60001944662305910B932DE7C3F101031A44AF
:109D700022EAE2730293672305920B9398E60DF1B2
:109D80007A0259E7039BDDF80890DDF81C80059303
:109D9000B4E418EE903A002BB4BF2D219DF8671063
:109DA000254C264BB8BF8DF8671028F08008FEF7C9
:109DB00079BC039B0293059373239DF8671003906E
:109DC0000F900D900B93FEF77ABC0223149384E559
:109DD000039A134305D10123662202930B92059344
:109DE00066E6109B01331A4422EAE273029366236B
:109DF00005920B935CE6089A99F80130894652F86F
:109E0000041B089241EAE1710391FEF7D3BA0023E3
:109E10000F930D9396E70C23CBF800304FF0FF33F0
:109E20000493FEF781BB1BEE102A938943F0400395
:109E30009381FEF7C8BE00BFE0900020E4900020B0
:109E4000024B0146186800F00BB800BF68B4002050
:109E5000024B0146186803F029B900BF68B400201E
:109E60002DE9F04F01F10B06162E83B0044624D8DD
:109E7000102900F2BA8000F007FF102618220220F5
:109E8000B54F3A44A2F1080153688B4200F0BA8002
:109E90005A68D96822F003021A449D68E9608D600F
:109EA000516841F001012046516003F1080500F0BE
:109EB000F1FE284603B0BDE8F08F36F0070600F14A
:109EC0009480B14200F2918000F0DEFEB6F5FC7F96
:109ED000C0F09A81730A00F08F80042B00F26F812A
:109EE000B30903F1390003F1380CC3009A4F3B4426
:109EF000A3F108055B689D4206D10CE0002980F2C1
:109F00002781DB689D4206D05A6822F00302911B2C
:109F10000F29F3DD60463D69DFF850C265457CD00E
:109F20006A6822F00302931B0F2B00F37B81002B46
:109F3000C7E904CC80F26C81B2F5007F80F01A8111
:109F4000D308796801334FEA521E012202FA0EF259
:109F50000A4357F833E0C5F808E007EBC3010839B6
:109F6000E9607A6047F83350CEF80C508310012135
:109F70009940914257D8114206D120F00300490080
:109F8000114200F10400FAD007EBC0094D468646A5
:109F9000D5F80C80454508D11DE1002B80F22481C5
:109FA000D8F80C80454500F01681D8F8042022F03E
:109FB0000302931B0F2BF0DD2046D8E9025408EB77
:109FC000060146F00106C8F80460EC60A56043F0A5
:109FD0000104C7E90411C1E902CC4C6048F8023021
:109FE00000F058FE08F1080502E00C23236000256C
:109FF000284603B0BDE8F08F4FF4007340204FF0C7
:10A000003F0C73E7D3689A4208BF02307FF440AF39
:10A010003D69DFF858C1654582D17A688310012116
:10A0200099409142A7D9BD686B6823F003094E455A
:10A0300003D8A9EB06030F2B7ADCDFF834B1474BCA
:10A04000DBF800201B680132334405EB090A00F0FD
:10A05000338103F580530F3323F47F6828F00F0812
:10A060004146204603F0CAF9411C024600F0F38045
:10A07000824500F2EE803A4B196841441960084667
:10A0800000F04E81DBF80010019301311BBFA2EB01
:10A090000A010918CBF80020196012F0070B00F034
:10A0A0001781CBF108010A44CBF580519044083167
:10A0B000A1EB0801C1F30B0A51462046009203F0C0
:10A0C0009DF9421CDDE9002300F04F81801A00EB6E
:10A0D0000A081968BA6048F001005144BD42506056
:10A0E000196000F02981B9F10F0F40F227816868EB
:10A0F000A9F10C0C2CF0070C00F0010040EA0C0058
:10A1000068604FF0050E05EB0C00BCF10F0FC0E9C5
:10A1100001EE00F2328150681546124B1A688A42ED
:10A1200038BF1960104B1A688A4238BF196094E032
:10A13000AA1943F0010346F001066E602046BA609A
:10A14000536000F0A7FD0835284603B0BDE8F08F46
:10A15000D9681A44A1E600BF4CB000200CE00020F2
:10A16000DCDF002004E0002008E0002054B00020E4
:10A1700054B40020B2F5206F4FEA522363D3142B5E
:10A1800000F2B78003F15C01C9005B3307EB010EFD
:10A190007958AEF1080E8E4500F091804B6823F09F
:10A1A0000303934202D989688E45F7D1D1F80CE0B8
:10A1B0007A68C5E9021ECEF80850CD60D6E6142BA9
:10A1C00059D9542B00F29D80330B03F16F0003F13A
:10A1D0006E0CC3008AE60EF1010E1EF0030F05F1AE
:10A1E00008057FF4D5AE51E0424445465368D8F89F
:10A1F0000C1043F00103536055F8083F2046D96026
:10A200008B6000F047FDF3E6F00806F1080237E640
:10A210002A442046536843F001035360083500F098
:10A2200039FDE5E6A919204646F0010643F0010490
:10A230006E60C7E90411C1E902CC4C60AB5000F07C
:10A2400029FD0835D4E6930903F13901C9003833F3
:10A250009CE7BD425FD0BD68686820F003084645B2
:10A26000A8EB060302D80F2B3FF762AF204600F0A1
:10A2700011FD0025BCE603F15C0003F15B0CC3009B
:10A2800034E659F808394B4540F0968010F0030F3A
:10A2900000F1FF30F5D17B6823EA01037B604900C0
:10A2A00099423FF6C0AE19B9BDE649000EF1040E61
:10A2B0001942FAD0704667E603F11008D0E69A100A
:10A2C0004FF001087B6808FA02F21A437A6070E7DF
:10A2D00002EB08014942C1F30B0A514620460092A5
:10A2E00003F08CF8431CDDE900237FF4EFAEDA467F
:10A2F000EFE6542B25D8130B03F16F01C9006E3321
:10A3000044E7B3F5AA7F25D8F30B03F1780003F1F6
:10A31000770CC300EAE5294B186840441860B1E6A1
:10A32000CAF30B0CBCF1000F7FF4ACAEBD68C8449F
:10A3300048F001006860F0E61546EEE60123536040
:10A3400094E7B3F5AA7F23D8D30B03F17801C900B2
:10A3500077331BE740F25452934223D8B30C03F1F6
:10A360007D0003F17C0CC300C0E5ABF1080BD844C1
:10A37000A8EB02084FF0000AABE605F10801204601
:10A38000009302F093FEBD68009B68681968C4E6FC
:10A3900040F254518B420BD8930C03F17D01C9005C
:10A3A0007C33F3E64FF47E737F204FF07E0C9DE507
:10A3B0004FF47E717E23E9E67B6870E7DCDF0020E6
:10A3C000032A70B514D940EA01039B0722D1044641
:10A3D0000B46194620460E680568B54204F1040490
:10A3E00003F1040316D1043A032A20461946F0D893
:10A3F000541E9AB1421E013901E0C3180CD012F864
:10A4000001EF11F801CFE645A4EB0203F5D0AEEB66
:10A410000C0070BD541EEDE7184670BD104670BDAF
:10A4200088420DD98B1883420AD900EB020CBAB1CD
:10A43000624613F801CD02F801CD9942F9D1704777
:10A440000F2A0ED8034602F1FF3C4AB10CF1010C71
:10A45000013B8C4411F8012B03F8012F6145F9D120
:10A46000704740EA01039B0750D1A2F1100370B579
:10A4700001F1200C23F00F0501F1100E00F1100482
:10A48000AC441B095EF8105C44F8105C5EF80C5C90
:10A4900044F80C5C5EF8085C44F8085C5EF8045C08
:10A4A00044F8045C0EF1100EE64504F11004E9D105
:10A4B000013312F00C0F01EB031102F00F0400EB5B
:10A4C000031327D0043C24F003064FEA940C1E44E7
:10A4D0001C1F8E465EF8045B44F8045FB442F9D159
:10A4E0000CF1010402F0030203EB840301EB84018D
:10A4F00002F1FF3C4AB10CF1010C013B8C4411F814
:10A50000012B03F8012F6145F9D170BD02F1FF3C29
:10A5100003469BE72246EBE700B50B4C2568144643
:10A52000EE681A4685B003460D464CB107490095C2
:10A53000CDE901143046064902F0F8FED5F7F0FFE8
:10A5400004490C46F3E700BF68B40020208D0020CA
:10A55000308D0020805F0020830730B548D0541E26
:10A56000002A3FD0CAB2034601E0013C3AD303F8C7
:10A57000012B9D07F9D1032C2DD9CDB245EA052534
:10A580000F2C45EA054536D9A4F1100222F00F0C34
:10A5900003F1200EE6444FEA121C03F1100242E9D7
:10A5A000045542E9025510327245F8D10CF101020E
:10A5B00014F00C0F03EB021204F00F0C13D0ACF1EB
:10A5C000040323F003030433134442F8045B93426F
:10A5D000FBD10CF003042CB1C9B21C4403F8011BDD
:10A5E0009C42FBD130BD64461346002CF4D1F9E700
:10A5F00003461446BFE71A46A446E0E713460A4658
:10A600000146022004F060B870B5054684B05BB125
:10A610001C4669B10E4B2846D3F8E0602346B0478C
:10A62000431C0FD004B070BD00F582740029F1D135
:10A63000074A2346D2F8E06028460A4601A9B047F7
:10A64000431CEFD100228A2322602B6004B070BD2E
:10A65000E0AE0020B7EEC00A002304F08FB800BFC0
:10A6600070B50D4E0D4D761BB61006D0002455F872
:10A67000043B01349847A642F9D1094E094D761B97
:10A6800004F080FCB61006D0002455F8043B0134D9
:10A690009847A642F9D170BD101D0060101D0060E2
:10A6A0004C1D0060101D0060704700BF704700BF68
:10A6B000704700BF704700BF014B93F828017047F7
:10A6C000E0AE002000487047D0AF0020000000003E
:10A6D00000000000A2EB0300704700BF02780B7877
:10A6E000012A28BF9A42F5D16DE9044540EA0104E8
:10A6F000CDE902676FF0000C4FEA447212B380EAB2
:10A70000010414F0070F6AD100F0070420F00700DD
:10A7100004F0030521F007014FEAC505F0E8042322
:10A7200014F0040FF1E804670CFA05F462EA04027D
:10A7300066EA04060AD063EA0403624667EA04078D
:10A74000664603E0F0E80423F1E8046782FA4CF57A
:10A7500082EA0604A4FA8CF46CBB83FA4CF583EA13
:10A760000705A5FA8CF595B950E9022351E902676E
:10A7700082FA4CF582EA0604A4FA8CF483FA4CF5CA
:10A7800083EA0705A5FA8CF52543DBD09CB92DBAE1
:10A79000B5FA85F424F0070427FA04F1DDE902672D
:10A7A00023FA04F303F0FF0001F0FF01FDE8044584
:10A7B000A0EB0100704724BAB4FA84F424F0070433
:10A7C00026FA04F1DDE9026722FA04F202F0FF0042
:10A7D00001F0FF01FDE80445A0EB0100704714F013
:10A7E000030F3CD110F0030428D150F8082B51F886
:10A7F000083B82FA4CF582EA0305A5FA8CF55DB9AF
:10A8000050F8042C51F8043C82FA4CF582EA030516
:10A81000A5FA8CF5002DE8D02DBAB5FA85F424F010
:10A82000070423FA04F122FA04F202F0FF0001F017
:10A83000FF01FDE80445A0EB010070474FEAC404A6
:10A8400020F0030050F8082B21F0030151F8083BD9
:10A850000CFA04F462EA040263EA0403C9E710F0A4
:10A8600003041AD0A1EB040120F00300E40750F820
:10A87000042B06D00FD28B785FFAA2F4E41A06D12B
:10A880002BB1CB785FFAB2F4E41A00D11BB92046A1
:10A890005DF8104B704701F1040150F8042BCC0710
:10A8A00021F0030151F8043B48D824D222F07F4420
:10A8B00082FA4CF594EA1325A5FA8CF50AD165B90C
:10A8C00051F8043B84EA0204B4EB036F0ED150F854
:10A8D000042BEBE74FEA132355E035F07F454DD1CC
:10A8E0000878FDE80445C0F1000070474FEA1262A5
:10A8F00003F0FF0347E002EA1C4482FA4CF594EAB5
:10A900001345A5FA8CF50AD165B951F8043B84EAE0
:10A910000204B4EB034F0CD150F8042BEBE74FEAE1
:10A92000134330E015EA1C4528D10B884FEA124248
:10A9300029E04FEA124203EA1C4324E002F0FF043C
:10A9400082FA4CF594EA1365A5FA8CF50AD165B93B
:10A9500051F8043B84EA0204B4EB032F09D150F808
:10A96000042BEBE74FEA13630DE015F0FF0F05D161
:10A970000B684FEA122223F07F4304E04FF00000FF
:10A98000FDE80445704712BA1BBA82FA4CF482EA19
:10A990000304A4FA8CF5B5FA85F402FA04F203FA7A
:10A9A00004F34FEA1260FDE80445A0EB1360704722
:10A9B00038B5314B1B6805460C4613B15A6B002A5B
:10A9C0004ED0B4F90C3018079AB21CD5216929B3BE
:10A9D00012F0010007D00020A06060694042A06131
:10A9E00039B1002038BD950758BF6069A0600029C3
:10A9F000F7D1120658BF0846F4D543F04003A381AF
:10AA00004FF0FF3038BDD1062ED5520714D421693E
:10AA100043F00803A3819AB20029D9D102F420702F
:10AA2000B0F5007FD4D02146284600F027F8B4F9CD
:10AA30000C3021699AB2CBE7216B51B104F140028D
:10AA4000914204D0284602F031FBB4F90C300022C8
:10AA5000226321690022C4E9001223F02403D7E70E
:10AA6000184601F0AFFFACE7092243F040032A602B
:10AA70004FF0FF30A38138BD68B400202DE9F041CC
:10AA80008B890C46990796B008D504F1430301223F
:10AA9000C4E90432236016B0BDE8F081B4F90E10A9
:10AAA0000029064625DB6A4602F018FC00281FDB59
:10AAB000019D05F47045A5F50055B5FA85F54FF4EF
:10AAC00080686D094FF4006741463046FFF7C8F9CA
:10AAD000E0B1B4F90C30C4F8148043F08003206076
:10AAE0002061A38135BB3B43A38116B0BDE8F08153
:10AAF000A38913F0800519D04FF040080025414686
:10AB000030462F46FFF7ACF90028E2D1B4F90C30FB
:10AB10009A05C0D423F0030304F1430243F0020377
:10AB20000121C4E90421A3812260B4E74FF48068C5
:10AB30002F46C9E7B4F90E10304602F0E5FB10B914
:10AB4000B4F90C30CFE7A38923F0030343F00103EA
:10AB50001BB2C8E780EA0102844612F0030F4FD10E
:10AB600011F0030F32D14DF8044D11F0040F51F8DC
:10AB7000043B0BD0A3F101329A4312F0803F04BF93
:10AB80004CF8043B51F8043B16D100BF51F8044B7C
:10AB9000A3F101329A4312F0803FA4F101320BD1AC
:10ABA0004CF8043BA24312F0803F04BF51F8043B31
:10ABB0004CF8044BEAD023460CF8013B13F0FF0F8E
:10ABC0004FEA3323F8D15DF8044B704711F0010FC1
:10ABD00006D011F8012B0CF8012B002A08BF704792
:10ABE00011F0020FBFD031F8022B12F0FF0F16BF89
:10ABF0002CF8022B8CF8002012F47F4FB3D1704751
:10AC000011F8012B0CF8012B002AF9D1704700BF75
:10AC100070B50E461446054610B1436B002B2FD07D
:10AC2000636ED80702D4A389990520D5A368013B98
:10AC3000002BA36019DAA26993420FDBF0B20A2855
:10AC40000CD023685A1C226005461E70636EDA071A
:10AC500002D4A3899B050ED5284670BD28462246FE
:10AC6000314603F0D9FC0546F0E7F0B2E9E7A06D04
:10AC7000FFF71EFDDAE7A06DFFF71CFD284670BD4B
:10AC800001F0A0FECCE700BF0148FFF711BD00BFF7
:10AC9000D4DF00200148FFF70DBD00BFD4DF002046
:10ACA000436C70B505460C464BB153F8240080B197
:10ACB000026843F824200023C0E9033370BD212239
:10ACC000042100F09DFD034668640028EDD10020BA
:10ACD00070BD012101FA04F6721D9200284600F0B1
:10ACE0008FFD0028F3D0C0E90146E4E731B1436CA1
:10ACF0004A6853F82200086043F82210704700BFEA
:10AD00002DE9F0410E6980460F461D4601F1140EF3
:10AD10000020DEF800108CB202FB0453090C4FEA4D
:10AD2000134C02FB01CC01309CB204EB0C44864274
:10AD30004EF8044B4FEA1C45EBDC3DB1BB68B34217
:10AD400007DD07EB860301365D613E613846BDE8ED
:10AD5000F081796840460131FFF7A2FF0446B0B1A7
:10AD60003A69023207F10C0192000C30D4F704FD6D
:10AD7000D8F844307A6853F82210396043F82270CA
:10AD8000274607EB860301365D613E61DEE7034B34
:10AD900003482246BA21FFF7BFFB00BF608D0020A9
:10ADA000D88E00202DE9F8431746274A1E4608335F
:10ADB0000C46092E82FB03124FEAE3730546C3EBF0
:10ADC000620339DD4FF0010C00214FEA4C0C634562
:10ADD00001F10101F9DC2846FFF762FF014668B383
:10ADE000089B4361092F4FF00103036112DC0A3411
:10ADF0000927BE420BDDF21BA61814F8013B0A22FC
:10AE0000303B2846FFF77CFFA6420146F5D10846B5
:10AE1000BDE8F88304F10909C8463C4418F8013B31
:10AE20000A22303B2846FFF76BFFA0450146F5D1CB
:10AE3000A7F108044C44DCE70021CCE70A46034BA9
:10AE40000348D321FFF768FB398EE338608D00207B
:10AE5000D88E0020030C1B04D3B90004102310F07B
:10AE60007F4F04BF0002083310F0704F04BF000191
:10AE7000043310F0404F04BF80000233002805DB8C
:10AE800010F0804F03F1010308BF202318467047DC
:10AE90000023E4E7036813F0070208D0D9071FD4A2
:10AEA0009A0722D55B08036001221046704799B2C9
:10AEB00009B91B0C1022D9B209B908321B0A1907AB
:10AEC00004BF1B090432990704BF9B080232D9074B
:10AED00003D45B0802F1010205D0036010467047FD
:10AEE0000022104670472022DFE79B080222036001
:10AEF0001046704738B5436C04460D464BB1586850
:10AF0000B0B102685A6000220123C0E90435C26072
:10AF100038BD2122042100F073FC03466064002840
:10AF2000EDD1094B0948002240F24511FFF7F4FA30
:10AF30001C220121204600F063FC0028F1D00122F0
:10AF40000223C0E90123DEE7608D0020D88E0020B7
:10AF50002DE9F04F0E691569AE4285B0884614465A
:10AF600005DB2A46234635460C4616469846A36816
:10AF70006168AF19BB42B8BF0131FFF791FE019084
:10AF8000002800F08780019B03F1140909EB870A70
:10AF9000D14505D24B46002243F8042B9A45FBD8F5
:10AFA00008F1140808EB860B04F11403D8451A467F
:10AFB00003EB85055FD22B1B153B23F00303043302
:10AFC0001534A54238BF0423CDE902A7AC461F467D
:10AFD000924605E0090C29D1C34509F1040948D975
:10AFE00058F8041B8DB2002DF4D056464C46002371
:10AFF00056F8041B22681FFA81FE90B2090C05FB6B
:10B000000E00120C034405FB012202EB13429BB21B
:10B0100043EA0243B44544F8043B4FEA1243E7D8FD
:10B0200049F8073058F8041C090CD5D0D9F800307D
:10B0300050461A464C4600260588120C01FB052294
:10B0400016449BB243EA064344F8043B50F8045BC1
:10B0500022682D0C93B201FB053303EB16438445A4
:10B060004FEA1346E8D8C34549F8073009F1040907
:10B07000B6D8DDE902A7002F02DC05E0013F03D0CE
:10B080005AF8043D002BF9D0019B18461F6105B00A
:10B09000BDE8F08F034B0448019A4FF4B171FFF7FC
:10B0A0003BFA00BF608D0020D88E002012F0030311
:10B0B0002DE9F0411446064632D10D46A41020D0A9
:10B0C000D6F84080B8F1000F33D0E3074FF0000707
:10B0D00007D4641015D0D8F80000A8B18046E30763
:10B0E000F7D5424629463046FFF732FFB5B16968C9
:10B0F000736C641053F821202A6043F821500546F0
:10B10000E9D12846BDE8F081424641463046FFF786
:10B110001FFFC8F8000007608046E0E70546D8E753
:10B12000013B0F4A52F823200023FFF7E9FD0546B3
:10B13000C4E701213046FFF7B3FD804640B101234B
:10B1400040F27122C0E90432002330640360BCE79E
:10B15000044B0548424640F24511FFF7DDF900BFB8
:10B16000D0A00020608D0020D88E00202DE9F0476F
:10B170000D4614462F69AB68496807EB62177E1CC1
:10B180009E4280464FEA621904DD5B009E4201F157
:10B190000101FADC4046FFF783FD8446002852D0C7
:10B1A000B9F1000F00F114020EDD09F105014FEABB
:10B1B000810E134600EB8101002043F8040B8B4203
:10B1C000FBD1AEF114031A44296905F1140314F0FC
:10B1D0001F0E03EB81012ED0CEF1200910464FF057
:10B1E000000A1C6804FA0EF444EA0A0440F8044B0E
:10B1F00053F8044B994224FA09FAF2D84B1B153B39
:10B2000023F00303043305F11500814238BF042302
:10B21000BAF1000F18BF374642F803A0D8F84430FF
:10B220006A68CCF8107053F822102960604643F821
:10B230002250BDE8F087043A53F8040B42F8040F9B
:10B240009942F9D8EAE7034B034862464FF4EF719D
:10B25000FFF762F9608D0020D88E00200B698446CC
:10B260000069C01A16D10CF1140C14310CEB8302D6
:10B2700010B401EB830301E0944508D252F8044D69
:10B2800053F8041D8C42F7D005D24FF0FF305DF823
:10B29000044B7047704701205DF8044B704700BFB6
:10B2A0002DE9F84F0F691369FF1A002F0E469046DB
:10B2B0007FD101F11405143202EB830205EB830305
:10B2C00001E09D4278D253F8041D52F8044DA1428A
:10B2D000F7D069D37168FFF7E3FC8146002877D087
:10B2E0003569D8F81020C76008F1140E06F1140073
:10B2F00009F1140A06F110010EEB820200EB85073A
:10B3000056464FF0000C5EF8044B51F804BFA3B250
:10B310001CFA8BFCACEB03034FEA144CCCEB1B4C3C
:10B320000CEB234C9BB243EA0C43724546F8043BBA
:10B330004FEA2C4CE7D8A2EB0801153908F11508A3
:10B34000424521F0030404F1040438BF04242044DE
:10B3500021F0030238BF002287425244544418D9D6
:10B360002646014651F8043B1CFA83FC4FEA2C4266
:10B3700002EB13421FFA8CFC4CEA02438F4246F860
:10B38000043B4FEA224CEDD8013F3F1A27F0030758
:10B39000E21923B952F8043D013D002BFAD0C9F857
:10B3A00010504846BDE8F88F334601274646984678
:10B3B00090E7F9DB00278DE70021FFF771FC81465C
:10B3C00068B101220023C9E904234846BDE8F88F8B
:10B3D000064B07484A4640F24521FFF79DF8034BCC
:10B3E00003484A4640F23721FFF796F8608D002067
:10B3F000D88E002082B08DED000B164B019A1340C1
:10B40000A3F15073002B06DD00221946104641ECD3
:10B41000100B02B070475B42B3F1A07F4FEA23529A
:10B4200009DA4FF40023134100221946104641EC7B
:10B43000100B02B07047A2F114031E2BDABF4FF0BD
:10B440000042DA40012200231946104641EC100B5D
:10B4500002B070470000F07FF8B5046900F11406EF
:10B4600006EB8404271F54F8045C2846FFF7F2FC1F
:10B47000C0F120030A280B601BDDBE420BD20B3843
:10B4800054F8081C2ED145F07F5343F440130A466C
:10B4900043EC102BF8BDB0F10B01F4D005FA01F12B
:10B4A00041F07F53002143F440130A4643EC102B34
:10B4B000F8BDC0F10B0C25FA0CF1BE4241F07F53F0
:10B4C00038BF54F8081C00F1150034BF21FA0CF104
:10B4D000002105FA00F0014343F440130A4643EC0F
:10B4E000102BF8BDC0F1200C854021FA0CF345EA81
:10B4F0000307A4F10805AE4201FA00F13CBF54F87D
:10B500000C0C20FA0CF047F07F5338BF014343F492
:10B5100040130A4643EC102BF8BD00BF2DE9F04361
:10B52000884683B0012157EC106B1546FFF7B8FB36
:10B530000446002851D0C7F30A59C7F31303B9F1E1
:10B54000000F01D043F48013002E019318D101A8FD
:10B55000FFF7A0FC019A6261012200F12003226141
:10B56000B9F1000F25D0A9F2334909EB03022046B7
:10B57000C3F13503C8F800202B6003B0BDE8F083A9
:10B5800068460096FFF786FC034610B3DDE900022B
:10B59000C3F1200102FA01F10143DA406161019235
:10B5A000002AA26114BF022201222261B9F1000F18
:10B5B000D9D1A3F23243C8F8003004EB82031869F2
:10B5C000FFF748FCC0EB421320462B6003B0BDE8F8
:10B5D000F083009A6261019AE2E7034B0348224636
:10B5E00040F20F31FEF798FF608D0020D88E0020CA
:10B5F000F0B583B00E4669460746FFF72DFF01A957
:10B60000304655EC104BB0EE407BFFF725FF336919
:10B610003A69D21ADDE900315B1A03EB4213002BC1
:10B6200009DD17EE902A02EB035545EC174B87EE28
:10B63000000B03B0F0BD10EE902A51EC100BC3EBE1
:10B64000033302EB035141EC100B87EE000B03B008
:10B65000F0BD00BF0139491101F1010C116902F17E
:10B66000140303EB81018B4200EB8C0C17D210B555
:10B67000A0F1040E53F8044B4EF8044F9942F9D848
:10B680008A1AA2F1150323F00303043318448445F6
:10B6900004D9002340F8043B8445FBD810BD844501
:10B6A00005D9002340F8043B8445FBD87047704718
:10B6B00003694A11934200F1140009DA00EB830395
:10B6C00002E053F8042DC2B98342FAD80020704733
:10B6D00010DD11F01F010DD010B450F8224000EB26
:10B6E000820324FA01F28A4094420CD001205DF8D2
:10B6F000044B704700EB8203E6E70120704753F8E4
:10B70000042D002AF2D18342F9D800205DF8044BC1
:10B71000704700BF11F0FF01034644D0820732D1C9
:10B7200010B5046841EA012E4EEA0E4E8EEA04027C
:10B73000A2F1013323EA0203A4F1013222EA040256
:10B74000134313F0803F0FD150F8044F84EA0E0CDE
:10B75000A4F10133ACF1013223EA040322EA0C0222
:10B76000134313F0803FEFD0037823B936E010F88D
:10B77000013F002B32D09942F9D110BD8A4211D03D
:10B780009A071846CCD0184613F8012B002AF5D199
:10B79000104670479907184607D0184601330278BB
:10B7A000002AF7D170478207F7D10268A2F101336E
:10B7B00023EA020313F0803F08D150F8042FA2F1CE
:10B7C000013323EA020313F0803FF6D00378002B05
:10B7D000E8D010F8013F002BFBD17047184610BD90
:10B7E0000A220021FBF7C6BB10B4044C03460A46EC
:10B7F00020685DF8044B194600F002B868B40020D8
:10B8000038B5A1FB02148CBBFEF72AFB0546E0B15C
:10B8100050F8042C22F00302043A242A17D8132AE1
:10B820001AD91B2AC0E900441DD9242A14BF00F1EB
:10B83000100200F118024FF00003C0E9024404BFF7
:10B8400004614461C2E900339360284638BD214653
:10B85000FEF782FE284638BD02460023C2E90033C7
:10B860009360284638BD00F10802F6E7FCF73EFD7C
:10B870000C2300250360E8E730B404789CB10D7810
:10B8800084465DB10A462B4602E012F8013F2BB117
:10B89000A342FAD1ACEB000030BC70471CF8014F5A
:10B8A000002CEED1F6E72046F6E700BF10B4044CBA
:10B8B00003460A4620685DF8044B194601F0BAB900
:10B8C00068B4002010B582B0049CCDE900344FF07C
:10B8D000FF3303F08DF802B010BD00BF2DE9F04F2B
:10B8E00003690C69A34283B0C0F28780013C01F177
:10B8F0001405A30000F11408009355F8243058F8FB
:10B900002420013381469A4208EB840005EB84072A
:10B910000190B2FBF3F63BD34FF0000CAE4640462D
:10B92000E24663465EF804BB02681FFA8BFC06FB26
:10B930000C334FEA134C4FEA1B4B06FB0BCC9BB26C
:10B94000AAEB03031FFA8CFA13FA82F3CAEB124232
:10B9500002EB23429BB243EA0243774540F8043BA3
:10B960004FEA224A4FEA1C43DCD2009B58F80330CE
:10B9700073B9019B043B984504D307E0984504F153
:10B98000FF3403D253F80429002AF7D0C9F8104035
:10B990004846FFF763FC00282BDB013641460023B5
:10B9A00055F8040BD1F800C082B29A1A030C12FAAF
:10B9B0008CF2C3EB1C4303EB224392B242EA0342F4
:10B9C000AF4241F8042B4FEA2343E9D258F8242030
:10B9D00008EB84036AB9043B984504D307E0984513
:10B9E00004F1FF3403D253F80429002AF7D0C9F830
:10B9F0001040304603B0BDE8F08F002003B0BDE832
:10BA0000F08F00BF2DE9F04F2DED028B8FB08DED43
:10BA1000020B0191816B1A9D059357EC106B044644
:10BA2000934641B1C26B4A60012393408B60FFF79C
:10BA30005DF90023A363B7F10008B4BF012300231D
:10BA40002B60BE4BBCBF28F00048CDF80C8033EA19
:10BA5000080300F09F809DED028BB5EE408BF1EE68
:10BA600010FA11D1059A012313601B9B002B00F0E3
:10BA70003F82B34B1B9A1360013B009300980FB0B9
:10BA8000BDEC028BBDE8F08F0CAA0DA92046B0EEEC
:10BA9000480BFFF743FD5FEA1853054640F09280DC
:10BAA000DDE90C130B4403F23242202A40F3FA8200
:10BAB000C2F1400208FA02F803F21242D64048EA04
:10BAC000060207EE102AB8EE477B581E17EE906A62
:10BAD00053EC172B4FF0010AA6F1F8739FED913B41
:10BAE0009FED927B9FED935B06EE900A43EC122B49
:10BAF000B8EEE64BB7EE086B32EE466BA6EE037B74
:10BB0000A4EE057BFDEEC76BB5EEC07BF1EE10FA3F
:10BB100016EE907A08D5B8EEE66BB4EE476BF1EE10
:10BB200010FA18BF07F1FF37162F00F24581854B39
:10BB300003EBC70393ED007BB4EEC78BF1EE10FA75
:10BB400057D5091A0023B1F1010807F1FF370A930D
:10BB500000F1398100230693002F52DA069B0497E7
:10BB6000DB1B06937B420893019B092B4FF00007D8
:10BB70004ED8052B40F39D82043B01930026019B88
:10BB80009A1E032A00F22581DFE812F0AA03A70318
:10BB90009D037E03059AC8F3130842F20F7358EA17
:10BBA000060813601ED11B9B002B00F09185664B8D
:10BBB000009308331B9A009813600FB0BDEC028B02
:10BBC000BDE8F08F18EE906AC6F31306A3F2FF30BB
:10BBD00053EC182B46F07F530C994FF0000A43F4B6
:10BBE00040137BE71B9B002B40F03B83574B00939C
:10BBF00044E7091A0023B1F101080A9300F1E38038
:10BC0000069300230893019B0497092BB844B0D9ED
:10BC100000230126019307964FF0FF399B46002130
:10BC2000E163CDF82C902046FFF73AF80090002809
:10BC300000F04085009BA363B9F10E0F00F2DC8099
:10BC4000002E00F0D980049B002B40F3DE833D4A98
:10BC500003F00F0102EBC10292ED007B1A11DB052C
:10BC600040F182833A4991ED086B02F00F02032004
:10BC700088EE065B5AB13649D60704D591ED006BC4
:10BC8000013027EE067B521001F10801F4D185EE58
:10BC9000076B0A9B3BB1B7EE007BB4EEC76BF1EECE
:10BCA00010FA00F1AE8407EE900AB8EEE75BB1EE51
:10BCB0000C7BA5EE067B17EE902A51EC170BA2F138
:10BCC0005071B9F1000F00F08883049E4A46079B2B
:10BCD000002B00F04784B6EE003B1A4BFDEEC64B3E
:10BCE00003EBC20CB8EEE47B36EE477B1CED026B37
:10BCF00083EE065B41EC160B14EE900A35EE465BC4
:10BD00000099B4EEC75B3030F1EE10FA01F8010B88
:10BD100000F3AC84B7EE002BB2EE044B4FF0000CF6
:10BD200031E000BF61436F63A787D23FB3C8608B28
:10BD3000288AC63FFB799F501344D33F0000F07F11
:10BD40005954002028140020609000206C9000209E
:10BD5000001400200CF1010C94454DDA27EE047B11
:10BD600025EE045BFDEEC76B16EE903AB8EEE63BAF
:10BD7000303337EE437BB4EEC57BF1EE10FA01F8B9
:10BD8000013B00F1738432EE476BB4EEC56BF1EE0C
:10BD900010FADFD5009A049602E08A4200F050843F
:10BDA000894611F8013D392BF7D00133DBB20B7016
:10BDB000049B0133049355E1091A0123B1F10108F1
:10BDC0000A937FF5C7AEC1F1010306934FF0000857
:10BDD000C2E60026E66331462046FEF761FF00908A
:10BDE000002800F06784009BA3634FF0FF330B93A0
:10BDF00099460123B34607930D9A002A55DB04990F
:10BE00000E2952DCB74BBBF1000F03EBC10393EDDE
:10BE1000006B15DAB9F1000F12DC40F0F282B1EEDE
:10BE2000047B26EE077BB4EEC78BF1EE10FACA4610
:10BE30004E4600F26D82DDF800806FEA0B0B70E277
:10BE400088EE067BBDEEC77B009917EE103AB9F17C
:10BE5000010F03F13003B8EEC75B01F8013BA5EE1B
:10BE6000468B00F03483B2EE044B012311E088EEE0
:10BE7000067BBDEEC77B013317EE102A4B4502F15E
:10BE80003002B8EEC75B01F8012BA5EE468B00F03F
:10BE90001E8328EE048BB5EE408BF1EE10FAE6D14E
:10BEA000049B013304938946DCE0079B43B3019B69
:10BEB000012B40F37682089B09F1FF3A534580F24B
:10BEC0003F82089BCDF820A0AAEB030217444FF055
:10BED000000AB9F1000FC0F22583069B09934B4479
:10BEE000C844069301212046FFF704F806460CE0FB
:10BEF0007D4B009300980FB0BDEC028BBDE8F08F36
:10BF0000069BDDF820A0079E0993099B6BB1B8F151
:10BF1000000F0ADD434506991A46A8BF4246891A12
:10BF20009B1A06910993A8EB0208089B63B1079B33
:10BF3000002B00F0A782BAF1000F00F30482089BE7
:10BF4000B3EB0A0240F0FF8201212046FEF7D2FF48
:10BF5000002F824600F3AF80019B012B40F38781C5
:10BF6000002308930120002F40F0B180404410F0DE
:10BF70001F0000F07A81C0F12002042A00F38880BB
:10BF800040F0F681069B002B05DD29461A46204627
:10BF9000FFF7ECF80546B8F1000F05DD51464246C3
:10BFA0002046FFF7E3F882460A9B002B40F03F81D2
:10BFB000B9F1000F40F32581079B002B40F0A380CF
:10BFC000049B01330493DDF80080012707E0294634
:10BFD00000230A222046FEF793FE0137054651460C
:10BFE0002846FFF77BFCB94500F1300008F8010B4B
:10BFF000EDDCB9F1000F009ACCBFCB464FF0010B3E
:10C000000346934400272946012220460193FFF767
:10C01000ADF851460546FFF721F9002840F3AF81FE
:10C020001BF8013C009A0BF1FF3B04E05A4500F07D
:10C03000B1811BF8013D392B0BF10109F6D0013319
:10C040008BF8003051462046FEF750FE56B12FB116
:10C05000B74203D039462046FEF748FE3146204617
:10C06000FEF744FE29462046FEF740FE002389F8ED
:10C070000030DDE904231A601B9B002B3FF4FEAC6B
:10C080000098C3F800900FB0BDEC028BBDE8F08FB4
:10C09000C0F11C00069B03440693099B03440993CB
:10C0A00080446FE7C2F1200206FA02F207EE102A7E
:10C0B00009E5012663E501463A462046FEF7F6FF0C
:10C0C000019B012B824640F3C58100230893DAF8D7
:10C0D00010200AEB82021069FEF7BCFEC0F12000BE
:10C0E00044E700BF281400205854002031460023A4
:10C0F0000A222046FEF704FE0B9B002B064640F367
:10C10000CE8204979946099B002B05DD31461A46DD
:10C110002046FFF72BF80646089B002B40F0EB81EA
:10C12000B046029B009F03F001027B1E4B44089324
:10C13000019B0A921343099351462846FFF7CEFB11
:10C14000314683462846FFF789F8424651468146E4
:10C150002046FFF7A5F8C26801460BF13003002A1C
:10C1600042D1CDE906032846FFF778F806990290F8
:10C170002046FEF7BBFD029A079B1AB909990029D0
:10C1800000F07E82B9F1000FC0F28381019949EA83
:10C1900001090A9951EA090900F07B81002A00F39C
:10C1A000C681089A3B7007F101099742CB4600F01F
:10C1B000C481294600230A222046FEF7A1FD4645F8
:10C1C000054631464FF000034FF00A02204612D0D8
:10C1D000FEF796FD4146064600230A222046FEF75A
:10C1E0008FFD4F468046A7E720460293FEF77EFD6F
:10C1F000029B0122C6E7FEF783FD4F4606468046B6
:10C200009AE7019B022B71DC079B002B7FF47BAF2D
:10C21000049B5146013328460493FFF75FFBDDF88A
:10C2200000B000F130030BF8013B0027EBE651466C
:10C230002846FFF713F80028BFF6BAAE29460023B8
:10C240000A222046FEF75CFD049B5F1E079B054605
:10C25000002B7FF44BAF0B9B002B40F318829946C9
:10C26000B1E6BC4B00930333A4E41C2012E7DDE9E4
:10C27000020100287FF474AEC1F31302002A00F01B
:10C28000F480029B08936DE601230793049B5B44B3
:10C2900003F10109B9F1010FCC460B93B8BF4FF080
:10C2A000010C0021BCF1170FE1637FF7BCAC01204A
:10C2B0000422520002F114036345014600F101001B
:10C2C000F7D9E163AFE401230793BBF1000F52DD1F
:10C2D000CDF82CB0D946DC46E3E700230793D5E739
:10C2E00000230793F1E7DDF82C900497B9F1000FD4
:10C2F0007FF4A1AD51464B4605222046FEF700FDD6
:10C30000014682462846FEF7A9FF00287FF793AD35
:10C31000049B03F1010B009B3122984603F8012B8B
:10C32000009351462046FEF7E1FC0BF10103DDF8D6
:10C3300000900493CDF80080002E7FF48FAE91E63C
:10C34000A3EB0A0AC5E5314652462046FEF7AEFE8B
:10C350002A46014606462046FEF7FAFD29460546CE
:10C360002046FEF7C3FCEAE50220B0EE485B81E41C
:10C37000C0F13C008EE64FF0010BD9464FE403D1EB
:10C38000019BDB073FF54CAED9461BF8013D302B36
:10C39000FAD057E6049B009A0133049331231370BB
:10C3A00050E6BAF1000F00F0238102F23342069BFF
:10C3B00009931344DDF820A00693904492E507EE1C
:10C3C000900AB1EE0C5BB8EEE77BA6EE075B15EECC
:10C3D000902A51EC150BA2F1507141EC150BB1EE06
:10C3E000047B36EE477BB4EEC57BF1EE10FA00F32A
:10C3F0003781B1EE455BB4EEC57BF1EE10FA7FF507
:10C40000FBAC4FF0000A564615E500F0F580049BA2
:10C4100051495A4202F00F0001EBC00191ED006B4F
:10C42000121128EE066B00F04281B0EE467B4B49BC
:10C4300000260220D30705D591ED005B01300126CF
:10C4400027EE057B521001F10801F3D1002E06FE04
:10C45000076B1EE4029B002B7FF437AEDDE902017F
:10C46000C1F31302002A40F037813D4A0A40002AF6
:10C4700000F0FA80069B01330693012308F10108BE
:10C4800008936FE52946089A2046FEF70FFE0546F9
:10C490005AE5002A12DD2946012220460193FEF7C3
:10C4A00065FE51460546FEF7D9FE0028019B40F384
:10C4B000E180392B00F0CA800BF13103B94609F84D
:10C4C000013B049B0133374604934646BAE538EEF8
:10C4D000088BB4EEC68BF1EE10FA0ADCB4EE468B94
:10C4E000F1EE10FA7FF4DCAC17EE103AD8077FF5C6
:10C4F000D7AC009A54E471682046FEF7D1FB07469A
:10C50000002800F0DE80336902339A0006F10C0146
:10C510000C30D3F731F9394601222046FEF726FECA
:10C520008046FEE5069BA3EB09030993DAE4392B69
:10C5300000F08C80B9460133C1E7049A01323746D6
:10C54000049246465FE529462046FEF7AFFD0546C4
:10C55000FAE400BF6C900020281400200014002092
:10C560000000F07F5E4BFDEEC65B03EBC20C1CEDE2
:10C57000023BB8EEE57B36EE477B41EC160B15EE41
:10C58000901A23EE063B00983031012A00F8011B77
:10C5900000F08380B2EE044B009B991827EE047BD9
:10C5A000FDEEC76B16EE903A303300F8013B814246
:10C5B000B8EEE65B37EE457BF0D1B6EE006B33EEBE
:10C5C000065BB4EEC75BF1EE10FA3FF5E3AB36EE77
:10C5D000436BB4EEC76BF1EE10FA7FF70DAC8946F2
:10C5E000013919F8013C302BF9D0731C049339E55B
:10C5F0000C9AC2F13602DAE60220B0EE486BFFF781
:10C6000048BBB9F1000F3FF4DAAE0B9A002A7FF76E
:10C61000F3ABB2EE044B26EE046B013007EE900A4A
:10C62000049BB8EEE75BB1EE0C7BA6EE057B17EE44
:10C6300090CA51EC170B5E1EACF15071FFF747BB6F
:10C64000049B013304933123FFF7B1BB049BBB462A
:10C6500001330493392337460BF8013B4646E1E4A6
:10C660004FF0000A564653E608927BE4731C04938D
:10C670008946F7E47FF422AFDA077FF51FAF18E7AA
:10C68000392BE3D0B9F1000F3FF716AF16E7019B46
:10C69000022B3FF728AE0497BAE501468DE7019BD0
:10C6A000022B3FF720AEDDF82C9004972BE50220FB
:10C6B000FFF7EFBA0B4B0C48002240F2AF11FDF729
:10C6C0002BFF084B08483A4640F2EF21FDF724FFC4
:10C6D000064B0093FFF7D2B9029B0893F7E400BF23
:10C6E00028140020608D00207090002060900020B1
:10C6F00038B5074D0022044608462A60D3F7FEFEEF
:10C70000431C00D038BD2B68002BFBD0236038BD04
:10C7100020E30020B1F90C202DE9F0410C4611076F
:10C72000804647D4636842F40062002BA2815EDD3C
:10C73000A56A002D58D00023D8F80060C8F8003052
:10C7400093B212F4805256D10123E1694046A847C2
:10C75000431C67D0A389A56A5F0705D56368C01A23
:10C76000236B0BB1E36BC01AE1690246002340461C
:10C77000A847411C41D1D8F80030002B3DD01D2BDB
:10C7800001D0162B56D1A3892269226023F40063BD
:10C7900000216160A381216BC8F8006021B304F11E
:10C7A0004003994202D0404600F080FC0020206304
:10C7B000BDE8F0812669BEB193B2256826609A076C
:10C7C0000CBF63690023AD1BA3600BE02B46324610
:10C7D000E169676A4046B847B0F1000CA5EB0C056B
:10C7E000664417DD002DF1DC0020BDE8F081E36B2D
:10C7F000002B9DDCF8E7206DAEE7B4F90C30226920
:10C80000226023F40063A3810022DB046260C2D5AE
:10C810002065C0E7A38943F040034FF0FF30A381B8
:10C82000BDE8F081D8F80030002B93D01D2B06D046
:10C83000162B04D0A38943F04003A381D5E7C8F8A1
:10C840000060D1E738B50C46054608B1436B03B329
:10C85000B4F90C0088B1636EDB0701D481050FD5F4
:10C8600028462146FFF756FF636EDA07054602D4D5
:10C87000A3899B0508D5284638BD0546284638BDFE
:10C88000A06DFDF715FFEBE7A06DFDF713FF284640
:10C8900038BD00F097F8DBE7024A0349034800F08F
:10C8A000BFBD00BF5CB400204DC8030090AA0020AB
:10C8B0000C4B4168994210B5044601D001F0B0FF1D
:10C8C000A168094B994202D0204601F0A9FFE16816
:10C8D000064B994204D02046BDE8104001F0A0BFAD
:10C8E00010BD00BF10E0002078E00020E0E0002054
:10C8F0002DE9F8432A4C2B4B2B48DFF8C090DFF88A
:10C90000C0802A4F1860002504230822294604F11C
:10C910005C00274E6566C4E90253C4E90055C4E9CA
:10C920000455A561FDF718FE224B636708222946CE
:10C9300004F1C400C4E90749C4E90987C4E91A55E8
:10C94000C4E91E55C4F8CC502567C4F88050E6628F
:10C95000FDF702FE184BC4F8DC30294604F16803E9
:10C96000082204F59670C4F88430C4E92298C4E91A
:10C970002476C4E93455C4E93855C4F83451C4F8B0
:10C98000D850C4F8E850FDF7E7FD04F1D003C4E93E
:10C990003C98C4E93E76C4F8EC30BDE8F88300BFAB
:10C9A00010E0002048E10020C5A80300E5B3030023
:10C9B00005B40300090001001200020081B3030066
:10C9C000A5B3030010B504460A48FDF771FE636B7A
:10C9D00023B9094B094A1B68626323B1BDE81040C3
:10C9E0000448FDF767BEFFF783FFBDE8104001482C
:10C9F000FDF760BED8DF002048E10020DDA803007D
:10CA00000148FDF755BE00BFD8DF00200148FDF703
:10CA100051BE00BFD8DF0020000000000000000071
:10CA20000000000001F0FF01102A2BDB10F0070FBF
:10CA300008D010F8013B013A8B422DD010F0070FBF
:10CA400042B3F6D1F0B441EA012141EA014122F0BA
:10CA500007047FF000070023F0E80256083C85EA4F
:10CA6000010586EA010685FA47F5A3FA87F586FAF5
:10CA700047F6A5FA87F68EB9EED1F0BC01F0FF01BA
:10CA800002F0070232B110F8013B013A83EA0103D8
:10CA900013B1F8D10020704701387047002D06BF50
:10CAA00035460338073815F0010F07D1013015F46A
:10CAB000807F02BF013015F4C03F0130F0BC013867
:10CAC000704700BF000000000000000000000000F0
:10CAD0000000000090F800F06DE9024520F0070129
:10CAE0006FF0000C10F0070491F820F040F049803E
:10CAF0004FF000046FF00700D1E9002391F840F0F7
:10CB000000F1080082FA4CF2A4FA8CF283FA4CF39A
:10CB1000A2FA8CF34BBBD1E9022382FA4CF200F16A
:10CB20000800A4FA8CF283FA4CF3A2FA8CF3E3B96E
:10CB3000D1E9042382FA4CF200F10800A4FA8CF245
:10CB400083FA4CF3A2FA8CF37BB9D1E9062301F105
:10CB5000200182FA4CF200F10800A4FA8CF283FA68
:10CB60004CF3A2FA8CF3002BC6D0002A04BF043089
:10CB70001A4612BAB2FA82F2FDE8024500EBD20080
:10CB80007047D1E9002304F00305C4F100004FEA27
:10CB9000C50514F0040F91F840F00CFA05F562EAAF
:10CBA00005021CBF63EA050362464FF00004A9E7D3
:10CBB0009FED010A704700BF0000C07F30B482B013
:10CBC0008DED000B019A194C22F000430021A34285
:10CBD000016021DC009C1C431ED0154C144054B94C
:10CBE0009FED107B20EE077B8DED007B019A6FF0AF
:10CBF000350122F0004322F0FF42DDE9004522F436
:10CC0000E00242F07F551B1545F40015A3F2FE33F8
:10CC1000CDE900450B4403609DED000B02B030BC34
:10CC2000704700BF0000000000005043FFFFEF7F8F
:10CC30000000F07F2DE9F84F1746002900F098809A
:10CC40000C4607F10B058046FEF71EF8162D54F82A
:10CC5000041C5BD810252A46AF425CD821F003069D
:10CC60009642A4F1080962DABC4BD3F808C009EB7C
:10CC70000600844500F09780D0F804C02CF0010332
:10CC800003445B68DB0768D42CF0030C06EB0C0351
:10CC9000934247DACB0710D454F8083CA9EB030AB7
:10CCA000DAF8043023F003018C44B444944580F254
:10CCB00011817318934280F2E88039464046FDF7AF
:10CCC000CFF80746E0B154F8043C23F001034B448D
:10CCD000A0F10802934200F0D280321F242A00F211
:10CCE000F580132A00F2AC800346224611681960D1
:10CCF0005168596092689A602146404600F0D6F922
:10CD00004046FDF7C7FF3846BDE8F88F25F0070518
:10CD1000002D2A46A0DA0C23C8F800300027384638
:10CD2000BDE8F88F1E46D0E90223D3609A60731BDA
:10CD30000F2B22D8D9F8043003F0010333434E44BB
:10CD4000C9F80430736843F0010373604046274616
:10CD5000FDF7A0FF3846BDE8F88FC907ADD454F8F9
:10CD6000083CA9EB030ADAF8041021F00301A0E75C
:10CD7000BDE8F84F1146FDF773B8D9F8042009EB68
:10CD8000050102F001024E4443F001032A43C9F8B1
:10CD900004204B60736843F0010308317360404620
:10CDA00000F084F9D2E7DCF8040020F0030B06EB76
:10CDB0000B0C05F1100084454DDAC9073FF57DAF36
:10CDC00054F8081CA9EB010ADAF8041021F0030159
:10CDD0008B44B34458453FF76CAF5746DAF80C1014
:10CDE00057F8080F321F242AC160886000F2DB80E8
:10CDF000132A40F2D6802168CAF808106168CAF880
:10CE00000C101B2A00F2DF8008340AF1100221689E
:10CE1000116061685160A16891600AEB0501ABEB9C
:10CE2000050242F0010299604A60DAF8043003F02A
:10CE300001032B434046CAF80430FDF72BFF6EE791
:10CE400023680360636843601B2A68D804F1080202
:10CE500000F108034AE709EB05029A60ACEB050311
:10CE600043F00103536054F8043C03F001032B43E7
:10CE7000404644F8043CFDF70DFF27464FE750F8C5
:10CE8000043C23F003031E4451E75746DAF80C1024
:10CE900057F8080F321F242AC16088604CD8132A23
:10CEA00048D92168CAF808106168CAF80C101B2A12
:10CEB00056D808340AF110021E46236813606368CE
:10CEC0005360A3689360D1463C4630E72146FDF7A6
:10CED000A7FA11E7D0E902135746CB60996057F8DB
:10CEE000081FDAF80C30CB60321F242A99602DD845
:10CEF000132A29D92368CAF808306368CAF80C30A5
:10CF00001B2A42D808340AF1100322681A606268AA
:10CF10005A60A2689A606646D1463C4607E7A36815
:10CF20008360E368C360242A26D004F1100200F174
:10CF30001003DBE63A46BFE7214638461E46D14697
:10CF4000FDF76EFA3C46F2E63B46DEE72146384600
:10CF50006646D146FDF764FA3C46E8E64CB0002050
:10CF6000A168CAF81010E168CAF81410242A20D069
:10CF700010340AF118029FE7236903616169416176
:10CF800004F1180200F11803B0E6A368CAF81030E3
:10CF9000E368CAF81430242A21D010340AF11803A7
:10CFA000B3E73A4633E721463846FDF739FA164BE0
:10CFB00033E72269CAF818206269CAF81C201834BD
:10CFC0000AF1200278E7A168CAF81010E168CAF8EF
:10CFD0001410242A0DD010340AF1180217E723691F
:10CFE000CAF818306369CAF81C3018340AF12003F3
:10CFF0008BE72269CAF818206269CAF81C20183425
:10D000000AF1200203E700BF4CB00020F8B5244F1E
:10D010000C460646FDF738FEBB685D68C4F57E61C8
:10D020000F3125F003054B1923F47F6323F00F0321
:10D03000A3F58054B4F5805F07DB0021304600F093
:10D04000DDF9BB682B44984204D03046FDF722FE40
:10D050000020F8BD6142304600F0D0F901300DD01B
:10D06000104ABB682D1B45F001055D601368304612
:10D070001B1B1360FDF70EFE0120F8BD002130469A
:10D0800000F0BCF9BA68831A0F2BDEDD43F0010310
:10D090005360054B03491B68C01A0860D5E700BF01
:10D0A0004CB00020DCDF002054B40020002961D007
:10D0B000F8B50C460646FDF7E7FD54F8042C7B4F07
:10D0C000A4F1080522F0010105EB010CB868DCF8B9
:10D0D0000430604523F0030300F08B80D207CCF8C6
:10D0E000043032D454F8082CAD1A1144AA6807F160
:10D0F000080082426AD00CEB0304D4F804E0EC6828
:10D10000D4601EF0010FA26000F0978041F001038F
:10D110006B60CCF80010B1F5007F35D27868CB0891
:10D120000122490901338A40024357F833107A60DB
:10D1300007EBC302083AC5E9021247F83350CD6045
:10D140003046BDE8F840FDF7A5BD0CEB0302526880
:10D15000D00710D4194407F10800DCF808308342E6
:10D1600073D0DCF80C20DA60936041F001036B604F
:10D170006950D0E7704741F00103B1F5007F44F8F2
:10D18000043CCCF80010C9D3B1F5206F4FEA51230D
:10D1900048D28B0903F1390003F13802C300F818B3
:10D1A000FB580838984259D05A6822F003028A4244
:10D1B00002D99B689842F7D1D868C5E902308560EA
:10D1C000DD603046BDE8F840FDF764BD0CEB0302BE
:10D1D0005268D20763D40B44DCE90212CA60916042
:10D1E00043F001026A603046EB50BDE8F840FDF7BD
:10D1F00051BD0B44D10707D454F8082CAD1A134481
:10D20000D5E90212CA60916043F001026A60284ABF
:10D21000BD6012689A4293D8264B30461968FFF7D2
:10D22000F5FE8DE7142B0AD9542B1FD80B0B03F1F5
:10D230006F0003F16E02C300B1E719448DE703F1FB
:10D240005C0003F15B02C300A9E741F00103C7E9F9
:10D250000455C5E902006B60695071E77968921066
:10D26000012404FA02F20A437A60A6E7B3F5AA7F22
:10D2700006D8CB0B03F1780003F17702C3008EE7E9
:10D2800040F25452934206D88B0C03F17D0003F117
:10D290007C02C30083E74FF47E737E227FE741F078
:10D2A00001036B60CCF800104AE700BF4CB00020CF
:10D2B00058B400200CE0002071B1034600EB010CD3
:10D2C00001E0634506D01A46013311780029F8D1F0
:10D2D000101A7047181A70470846704770B50C4608
:10D2E000084D03460026204611461C462E60D3F703
:10D2F00009F9431C00D070BD2B68002BFBD02360C4
:10D3000070BD00BF20E3002038B5074D0022044661
:10D3100008462A60D3F7FCF8431C00D038BD2B68C0
:10D32000002BFBD0236038BD20E300200EB410B5E5
:10D3300083B005AB064C53F8042B019301462068DB
:10D3400000F064F903B0BDE8104003B0704700BFBF
:10D3500068B4002010B50C46B1F90E1001F070FB56
:10D36000002803DB236D0344236510BDA38923F448
:10D370008053A38110BD00BF2DE9F0410C46B1F9E7
:10D380000C101F46CB05054616460BD421F48051E0
:10D39000A1813B46B4F90E1032462846BDE8F04163
:10D3A00000F062B8B4F90E100223002201F032FB43
:10D3B000B4F90C10EAE700BF10B50C46B1F90E1035
:10D3C00001F028FBA389421C0EBF23F4805343F4D1
:10D3D00080532065A38110BDB1F90E10FFF788B905
:10D3E00049B1FF2A02D80A70012070478A230360DE
:10D3F0004FF0FF3070470846704700BF38B5074D03
:10D400000022044608462A60D3F75CF8431C00D08B
:10D4100038BD2B68002BFBD0236038BD20E30020F3
:10D420002DE9F84380460F4616464FF00009D6E92D
:10D430000154013D11D4A389012B05F1FF3508D911
:10D44000B4F90E300133214603D04046B84749EACB
:10D4500000096B1C04F16804EDD13668002EE6D19A
:10D460004846BDE8F88300BF38B50C46084D8446F1
:10D47000114620461A4600232B606446D2F7A0FCD2
:10D48000431C00D038BD2B68002BFBD0236038BD77
:10D4900020E300202DE9F04F9368176883B092468F
:10D4A000002B70D081468A6808680C46083743E034
:10D4B000A38913F4906F2ED0D4E90416A0EB0108D1
:10D4C00006EB460606EBD67608F1010076102844F6
:10D4D000B042324684BF064632465B0537D5114618
:10D4E0004846FCF7BDFC019000283AD0424621692D
:10D4F000D2F742F9A289019B22F4906242F08002A5
:10D50000A281A6EB080203EB08006661A26023611A
:10D5100020602E46A84642465946FCF781FFDAF8BD
:10D520000830A2682068921B40445B1BA260206008
:10D53000CAF808303BB3083757E902B5002DFAD0D6
:10D54000AA4216469046B3D92E46A846E3E7484677
:10D55000FFF770FB03460028D3D121694846FFF747
:10D56000A5FDA3890C2243F04003C9F800204FF029
:10D57000FF30A38100220023CAF80820CAF8043033
:10D5800003B0BDE8F08F00200023CAF8043003B0D8
:10D59000BDE8F08F2DE9F84F4B6E9C0490462DD5D9
:10D5A0009368126843B38B46064602F1080959E9AD
:10D5B000025A5FEA9A0715D0043D002401E0A74211
:10D5C0000ED055F8041F5A46304601F0A5FA431C08
:10D5D00004F10104F3D10023C8E90133BDE8F88F59
:10D5E000D8F808302AF0030AA3EB0A03C8F8083079
:10D5F00009F10809002BDAD10020ECE7FAF796FCD4
:10D600000023C8E90133BDE8F88F00BF2DE9F04FD2
:10D610002DED028BC5B00DF1500A834608EE101AAD
:10D6200016460021082250461C460793FCF794FF3B
:10D63000BBF1000F04D0DBF83430002B00F0A086E3
:10D6400018EE102A536EDB0740F11385B2F90C1067
:10D650008AB295040BD418EE103A41F40051998126
:10D660005B6E8AB218EE101A23F400534B66100753
:10D6700040F1058118EE103A1B69002B00F0FF8085
:10D6800002F01A030A2B00F00A810023CDE91933B6
:10D69000CDE90D331BAA0C93189291460B93059379
:10D6A000B0464446A84BD3F8E450FDF705F82246AF
:10D6B000034612A9CDF800A05846A847002800F05C
:10D6C0004581C0F23981129A252A034601D01C44B3
:10D6D000E8E7B4EB0806054640F03C81002361789A
:10D6E0008DF8433004F1010806934FF0FF371E46D2
:10D6F0002B2408F10108A1F120035A2B00F27881B4
:10D70000DFE813F0B50276017601B002760176010A
:10D7100076016A00760176017D028D02760188022B
:10D720009702760192025B005B005B005B005B008E
:10D730005B005B005B005B007601760176017601A1
:10D74000760176017601760176015C02840076012D
:10D750007601760176017601760176017601760111
:10D760007601E80076017601760133027601DA026D
:10D77000760176018B0576017601760176017601D8
:10D78000760176017601760176015C0286007601EB
:10D7900076017601CD0286007F007601C002760117
:10D7A000FD02EA00ED027F00760133027C0069058C
:10D7B000760176016B0576017C00A1F13003002231
:10D7C00018F8011B02EB820203EB4202A1F13003C5
:10D7D000092BF5D906928EE75846FCF773FF43688C
:10D7E0000D931846FFF776F90E9005465846FCF75C
:10D7F00069FF83680B93002D40F0D68498F80010E1
:10D8000077E798F8001046F0200672E746F0100619
:10D81000B40640F18E81079B073323F007031A46B5
:10D82000596852F8083B07920A460029C0F27084F2
:10D83000791C00F0A28526F08001039153EA0201D1
:10D8400000F03F840A2B72F1000180F041853033F3
:10D850008DF80F31039E012304930DF20F14049BE6
:10D86000BB42B8BF3B460393002308939DF8433067
:10D87000002B00F0CB80039B01330393C6E018EE2E
:10D88000101A584618EE105AFDF792F8002840F08A
:10D890005286AA8902F01A030A2B7FF4F6AE18EE1C
:10D8A000101AB1F90E30002BFFF6EFAE4B6EDB070E
:10D8B00002D4970540F1128618EE101A234632461C
:10D8C000584600F069FE0590059845B0BDEC028B06
:10D8D000BDE8F08F46F0100616F0200200F0368109
:10D8E000079B073323F0070319465A6851F8083B92
:10D8F000079126F480610391002100208DF84300F8
:10D90000781C00F01082039820F0800653EA020091
:10D9100040F00882002F40F03885002940F0D58380
:10D92000039B13F00103049300F0118430238DF85E
:10D930000F310DF20F1492E7082200215046FCF738
:10D940000BFE01231C44ADE6E0AE0020B4EB08065C
:10D9500005461BD0199B1A9A01333244072BC9E99B
:10D9600000861A9219931CDD002A00F0A68318EE97
:10D97000101A18AA5846FFF70DFE20BB0DF16C09CE
:10D98000059B33440593002D7FF4A8AE1A9B002B12
:10D9900040F0C18518EE103A0022B3F90C3019920C
:10D9A00015E009F10809EBE718EE101A18AA584615
:10D9B000FFF7F0FD002800F0A680089B1BB1089936
:10D9C0005846FFF773FB18EE103AB3F90C3018EE17
:10D9D000102A526E12F0010F9AB200F0A080500689
:10D9E00000F1B285059845B0BDEC028BBDE8F08F23
:10D9F0000029CBD000238DF843300123CDE9033338
:10DA00008DF8AC102BAC002308931F4616F00203D0
:10DA1000099302D0039B0233039316F084030A9305
:10DA200005D1069B039A9D1A002D00F37B82DDE948
:10DA30001903411C9DF8432082B101220133C9F82A
:10DA4000042007290DF14302CDE91913C9F800207C
:10DA500000F34A82084609F108090131099AE2B146
:10DA600011AA0233C9F8002007294FF00202CDE9BC
:10DA70001913C9F8042040F35082002B00F04383AF
:10DA800018EE101A18AA5846FFF784FD002894D102
:10DA9000DDE919030DF16C09411C0A9A802A00F096
:10DAA0008481049ABD1A002D00F3D781049AC9F825
:10DAB000004013440729CDE91913C9F8042040F3A5
:10DAC0006E81002B00F0758218EE101A18AA5846C5
:10DAD000FFF760FD00287FF470AF1A9B0DF16C0911
:10DAE000750705D5069A0399541A002C00F36B822A
:10DAF000DDE9052103988142ACBF52181218059246
:10DB0000002B7FF451AF089900231993002900F0EE
:10DB100049815846FFF7CAFA0DF16C09C1E59C0529
:10DB20003FF55DAF18EE104AA06DFCF7C3FDA2896A
:10DB300055E7F006079A00F11F83710640F119833B
:10DB400032F9043B0792DA1711466EE616F010031D
:10DB5000079940F0098316F0400000F001831A464F
:10DB600051F8043B07919BB2C3E6079B1A4600237A
:10DB70008DF84330134653F8044B0393002C00F008
:10DB80001284532900F0658316F0100540F061837C
:10DB90007B1C00F0B3843A4629462046FEF742FF3C
:10DBA0000890002800F09F84031B039A049323EA43
:10DBB000E3732F4607920393089557E6432902D053
:10DBC000F50640F12D83079D0822002116A82BACF5
:10DBD000FCF7C2FC16AB55F8042B21465846FCF75F
:10DBE00013FD03460133049000F0B384049B0795B2
:10DBF00023EAE373039300238DF8433003E7079B85
:10DC000053F8042B0692002A80F29C82069A524214
:10DC1000CDE9062398F8001046F0040669E598F867
:10DC200000108DF8434064E598F8001046F0800637
:10DC30005FE5424612F8011B2A2900F09684A1F103
:10DC40003003092B90464FF000073FF654AD18F80B
:10DC5000011B07EB870703EB4707A1F13003092BF3
:10DC6000F5D948E598F8001046F0010641E59DF821
:10DC70004330002B7FF4C2AD202398F800108DF8BC
:10DC8000433036E598F800106C2903BF98F801106E
:10DC900046F0200608F1010846F0100629E598F83C
:10DCA0000010682903BF98F8011046F4007608F1C7
:10DCB000010846F040061CE546F010030393039B61
:10DCC00013F0200200F00682079B073323F00703BE
:10DCD00019465A6851F8083B079101210DE6079A49
:10DCE00046F00203039352F8043B079247F63002D2
:10DCF000ADF84420B84A0C9202210022FDE5B70697
:10DD000000F14882F50600F14683740600F1D583E0
:10DD1000B00540F14083079B059953F8042B079306
:10DD20001170BEE4039601293FF48CAD022944AC86
:10DD300011D10C9803F00F011B09415C04F8011D7F
:10DD400043EA0273120953EA0201F3D1039E44AB82
:10DD50001B1B049383E503F00701DB0843EA4273CE
:10DD6000D208303153EA0205204604F8011DF2D1F1
:10DD7000039EF307EBD53029E8D03023023804F8AE
:10DD8000013C44AB1B1A039E0493044667E5049BC5
:10DD90001B9401221C931A9319920DF16C0909F13D
:10DDA00008099DE60DF16C097BE4069A039D551B5D
:10DDB000002D7FF776AE102D40F3BB83099418EE4B
:10DDC000104A07E000F1020C09F108091046103D65
:10DDD000102D1EDD8149C9F80010421C103310219E
:10DDE000072ACDE91923C9F80410EBDD18AA002B86
:10DDF00074D0214658460DF16C09FFF7CBFB002883
:10DE00007FF4DBADDDE91903103D102D00F1010CAD
:10DE1000E0DC099C714AC9F804502B44BCF1070F9F
:10DE2000CDE919C3C9F8002040F39481002B00F01C
:10DE30001F8318EE101A18AA5846FFF7ABFB0028EC
:10DE40007FF4BBAD049ADDE91903BD1A002D00F182
:10DE500001010DF16C097FF729AE102D29DD099420
:10DE6000102718EE104A07E000F1020C09F108092A
:10DE70001046103D102D1ADD421C58491033072A58
:10DE8000C9E90017CDE91923EEDD18AA03B321462D
:10DE900058460DF16C09FFF77DFB00287FF48DAD2E
:10DEA000DDE91903103D102D00F1010CE4DC099CA3
:10DEB00061464A4AC9F804502B440729CDE9191391
:10DEC000C9F8002000F3E78009F108090131EDE508
:10DED0004FF0010C18460DF16C09CAE74FF0010C28
:10DEE00018460DF16C0972E7002B00F0048118EE62
:10DEF000101A18AA5846FFF74DFB00287FF45DADB5
:10DF0000DDE919030DF16C09411CA7E5022311AAF3
:10DF10001C931B9201210DF16C09084609F10809B7
:10DF2000411CBAE5102D40F3E582DDE919130F9489
:10DF3000084618EE104A07E000F1020C09F1080942
:10DF40001046103D102D1DDD2549C9F80010421C5A
:10DF500010331021072ACDE91923C9F80410EBDD8D
:10DF600018AA03B3214658460DF16C09FFF712FBBE
:10DF700000287FF422ADDDE91903103D102D00F1DA
:10DF8000010CE1DC0F9C6046154AC9F804502B4493
:10DF90000728CDE91903C9F8002000F3C18009F171
:10DFA0000809411C46E518464FF0010C0DF16C09BB
:10DFB000C7E77607199353D5069A0399541A002C8C
:10DFC0004EDD0DF16C09102C40F3B082199918EE5A
:10DFD000106A10250DE000BFE89000207CAA002008
:10DFE00028910020881C09F108091146103C102CCA
:10DFF0001ADD4A1CB3481033072AC9E90005CDE9E8
:10E000001923EFDD18AA33B331465846FFF7C2FA99
:10E0100000287FF4D2ACDDE91913103C102C01F17B
:10E0200001000DF16C09E4DCA64AC9F80440234460
:10E030000728CDE91903C9F800207FF759AD7BB156
:10E0400018EE101A18AA5846FFF7A4FA00287FF411
:10E05000B4AC1A9B4CE5012019460DF16C09C5E7DB
:10E06000DDE9053203998A42ACBF9B185B18059322
:10E0700049E5B2F90C108F0518EE103A8AB23FF557
:10E08000E8AA18EE105A986DFCF712FBB5F90C10BF
:10E090008AB2FFF7DEBA002B3FF479AE18EE101A01
:10E0A00018AA5846FFF776FA00287FF486AC19992B
:10E0B0001A9B01310DF16C09F8E419920DF16C090C
:10E0C0005EE4002F7FF4C3AB039E0027049744ACAB
:10E0D000FFF7C5BB039B13F0100354D1039A12F052
:10E0E000400000F06B8107991A4651F8043B0791F4
:10E0F0009BB2012101E4099A002A64D1184601214A
:10E100000DF16C09C9E4012118460DF16C09C4E454
:10E110005B4262EB420203962D200121FFF7EEBB2A
:10E12000002B00F0888018EE101A18AA5846FFF746
:10E1300031FA00287FF441ACDDE919030DF16C09D7
:10E14000411C77E498F800100793FFF7D2BA44AC6B
:10E15000FFF785BB09F108090CF101016046A0E455
:10E1600016F4007240F0978151F8043B0791FFF7D5
:10E17000C0BBB30500F1888152F8043B0792DA175F
:10E180001146FFF752BB079951F8043B0791012153
:10E19000FFF7B3BB079B059853F8041B0793C217FF
:10E1A000C1E90002FFF77DBA0B9B002B3FF426ABC1
:10E1B0000B9B1B78002B3FF421AB98F8001046F422
:10E1C0008066FFF796BA022311AA1C931B920120C6
:10E1D0000DF16C09A2E6039671E53B4B0C9316F02A
:10E1E000200259D0079B073323F0070318465A68CB
:10E1F00050F8083B0790F40709D553EA020006D00F
:10E200008DF84510302146F002068DF8441026F4B2
:10E21000806103910221FFF770BB2C4B0C93DEE76A
:10E22000079B012153F8042B03918DF8AC20079331
:10E2300004912BACDFE49DF84320002A40F03281AA
:10E24000099A002A7FF462AE184601210DF16C098B
:10E2500027E40021082216A81394FCF77DF9791C05
:10E2600000F0BC80002507942C460CE02BA95846F2
:10E27000FCF7CAF9421C204400F06B81B84208DC6C
:10E2800000F070810446139A525916AB0435002AE7
:10E29000ECD10494079CAFE016F0100307980CD162
:10E2A00016F0400405D01A4650F8043B07909BB284
:10E2B000A1E716F4007240F0E18050F8043B0790AB
:10E2C00099E700BF28910020E8900020FC900020F2
:10E2D0000399049744AC9E4608EE90BA01F4806618
:10E2E0004FF0000C234606E0BEF10A0F72F1000267
:10E2F00039D3A6462A46A6491EEB020040F100008B
:10E300000F46A1FB001424F0030101EB9401401A15
:10E31000BEEB00014FF0CC3562F1000405FB01F5C6
:10E3200007FB0455A1FB07410D44052704F001013B
:10E33000A1FB071B09186408303103F8011C44EAEB
:10E34000C5740CF1010C013B6D08002ECCD00B996B
:10E3500009786145C8D1BCF1FF0FC5D0BEF10A0FE5
:10E3600072F100026CD21C4644AB1B1B049F039E3F
:10E37000049318EE90BAFFF772BA0396FFF762BAE9
:10E380005846FEF71FFBFFF75BB9012903967FF4A0
:10E39000CDACFFF75CBA079B059953F8042B1160CD
:10E3A0000793FFF77EB9062F3B46039A794C0792F5
:10E3B00028BF062304930393FFF725BB039B07990C
:10E3C00013F4007214BF51F8043B51F8043B079159
:10E3D0001CBF0246DBB20121FFF78FBA16AB0093D8
:10E3E0000023194613AA5846FDF76CFA0346013379
:10E3F000049000F0AE801394049B002B30D0632B6C
:10E4000063DC002308932BAC0822002116A8FCF73C
:10E41000A3F8049D16AB009313AA2B462146584639
:10E42000FDF750FA854240F0AB80039B049A0793B6
:10E430000023A3541F4622EAE2730393FFF716BAA0
:10E440000E9A0D999B1A18460893F9F747FA0B99FB
:10E45000089B4A780AB101310B914FF0000C48E754
:10E46000039B0793049B03931F460893FFF7FEB992
:10E47000012118460DF16C09FFF713BB50F8043B5E
:10E4800007902246DBB2B6E612F9043B0792DA1790
:10E490001146FFF7CAB951F8043B07910246DBB2B7
:10E4A000FFF727BA01231C9301210DF143031B93AE
:10E4B0000DF16C090B46FFF7CDBA079B059953F890
:10E4C000042B07931180FFF7ECB8591C5846FBF753
:10E4D000C7FC044600283CD0089095E7886DFCF7FF
:10E4E000E9F8FFF7E9B9039B0793CDE90377089FA4
:10E4F000FFF7BCB919981A9B013045E5039B0793B8
:10E500002046FEF7E7FA20EAE0732F4604900393D3
:10E510000895FFF7ABB918EE101A18AA5846FFF77E
:10E5200039F800283FF436AAFFF74DBA19980130A0
:10E530007AE58C466EE46B6ED90705D4AB899A05F3
:10E5400002D4A86DFCF7B6F84FF0FF330593FFF740
:10E5500049BA18EE102AB2F90C3043F04003938107
:10E56000FFF735BA079C049746E7079B98F8011018
:10E5700053F8047B0793904647EAE777FFF7B9B86B
:10E5800018EE102A938943F040039381FFF715BAE0
:10E59000CDCCCCCC1091002070B50C468989ADF55E
:10E5A0008E6D21F00201ADF81410616E1B91E189AE
:10E5B000ADF81610E1690991616A0B911CA90291ED
:10E5C00006914FF4806106460491079118A8002136
:10E5D000CDE900320891FCF767F8DDE9003202A9C5
:10E5E0003046FFF713F8051E07DB02A93046FEF799
:10E5F00029F9002818BF4FF0FF35BDF814305B062D
:10E6000003D5A38943F04003A3811898FCF74EF883
:10E6100028460DF58E6D70BDF8B50D4614460646BC
:10E6200010B1436B002B4CD0B4F90C20A369A3604C
:10E63000170790B21BD52369CBB1EDB281042F46E9
:10E6400022D522686169D31A994229DD0133A16874
:10E650000139A160511C2160157062699A4227D06E
:10E66000A389DB0701D50A2D22D03846F8BD214603
:10E670003046FCF79DF908BBB4F90C20236990B231
:10E68000EDB281042F46DCD442F40052A281626EC6
:10E69000616922F4005262662268D31A9942D5DC7D
:10E6A00021463046FEF7CEF840B922680123CEE776
:10E6B00021463046FEF7C6F80028D6D04FF0FF3787
:10E6C000D3E7FEF77FF9AFE72DE9F047DFF87CA04D
:10E6D0000646DAF8000098460F469146FBF7E8FF39
:10E6E000184B1C6824B365681F2D24DC5EB96B1CB5
:10E6F0000235DAF80000636044F82570FBF7DAFFB2
:10E700000020BDE8F08704EB85010123C1F8889063
:10E71000D4F88821AB401A43022EC4F88821C1F8EE
:10E720000881E4D1D4F88C211A43C4F88C21DEE7A7
:10E73000054C1C60D7E7DAF80000FBF7BBFF4FF091
:10E74000FF30DEE73CDE002040DE0020D4AE0020BB
:10E7500082B049B15AB16BB113780B601278101EB8
:10E7600018BF012002B0704701A9002AF3D110465A
:10E7700002B070476FF00100F4E700BF2DE9F043ED
:10E780000E46264987B00F68044690461D4653B38F
:10E7900005AA3346019203212246CDF8008038466F
:10E7A000FDF730F9059B326898428446C2F10002B9
:10E7B000294609D2101A1CF8013B01F8013B059BC0
:10E7C000634500EB0C02F6D8944224DDA21A0A44F9
:10E7D000302301F8013B9142FBD1002313702846FE
:10E7E00007B0BDE8F083BA6C00F123039A4201DD63
:10E7F000FD6CCDE700F12409F96C4A4638468DEDF1
:10E80000020BFEF717FA05460028E8D0C7E9129078
:10E810009DED020BBCE70A46DFE700BF68B40020AD
:10E8200070B500294BD006460C4610B1436B002B47
:10E8300048D0636ED80734D5B4F90C30002B3ED0E5
:10E8400021463046FDF766FFE36A054633B1E169CC
:10E85000304698470028B8BF4FF0FF35A3891A0605
:10E860003CD4216B41B104F14003994202D03046BF
:10E87000FEF71CFC00232363616C21B13046FEF7D8
:10E8800015FC00236364FEF7BBF8636E0022DB0710
:10E89000A2811FD5A06DFBF709FFFEF7B7F8284648
:10E8A00070BDA3899905CBD4A06DFBF701FFB4F926
:10E8B0000C30002BC4D1656E15F0010505D0002584
:10E8C000284670BDFEF77EF8B3E7A06DFBF7F2FEB9
:10E8D000284670BDA06DFBF7EDFEDBE721693046F1
:10E8E000FEF7E4FBBDE700BF2DE9F04F8BB0DDE99B
:10E8F000158A149F0391814605921E46B8F1000FB8
:10E900005CD0039B002B5ED0059B1D68002F6AD056
:10E91000741E4EB3039B0493043D002601950BE047
:10E92000039B2BBB019B1A68002A3AD0BC455CD2E2
:10E93000013C631C664617D0D8F800300293019B57
:10E94000DAF8E05053F8042F019307A943464846EC
:10E95000D8F804B0A847421C3AD000EB060CBC45DE
:10E96000DED9029BC8E9003B30460BB0BDE8F08F12
:10E9700000280EDD049B019D18445A1E07A900F1D2
:10E98000FF3E11F8013B02F8013F7245F9D10195B4
:10E990000490059B1A6804321A60019B1A68002AC9
:10E9A000C4D1039B0BB1059B1A600CF1FF3600220A
:10E9B0003046C8F800200BB0BDE8F08F039B00F58F
:10E9C0008678002BA0D1059B4FF0FF371D689FE78D
:10E9D00006468A2100223046C9F80010C8F80020F7
:10E9E0000BB0BDE8F08F3E46BEE76646BCE700BF11
:10E9F00010B584B0054C0698009007980190044823
:10EA000000680294FFF770FF04B010BDE0AE002074
:10EA100068B4002038B50C46084D8446114620469F
:10EA20001A4600232B606446D1F774FD431C00D0C6
:10EA300038BD2B68002BFBD0236038BD20E30020BD
:10EA400038B50C46084D8446114620461A46002328
:10EA50002B606446D1F750FD431C00D038BD2B68B5
:10EA6000002BFBD0236038BD20E300202DE9F047C8
:10EA700082B0824688461446FBF71EFE012803D169
:10EA800008F1FF33FE2B36D90DF10409424604F19B
:10EA90005C0349465046FBF7B7FD421C064632D0A0
:10EAA00020B39DF804C0002509E023685A1C2260A9
:10EAB00083F800C00135B54218D219F801CFA36818
:10EAC000013B002BA360F0DAA769BB4261462246F6
:10EAD000504602DBBCF10A0FE7D1FFF79DFD431C56
:10EAE000E8D10646304602B0BDE8F08746463046DB
:10EAF00002B0BDE8F0875FFA88FC8DF804C00646D6
:10EB00000DF10409CFE7A389304643F04003A38108
:10EB100002B0BDE8F08700BF30B5536E13F0010FAF
:10EB2000B2F90C30144683B005469AB201D198056B
:10EB30001CD5900406D4626E43F4005342F4005294
:10EB4000A381626622462846FFF790FF636EDA07CC
:10EB5000054602D4A3899B0502D5284603B030BDE3
:10EB6000A06DFBF7A7FD284603B030BDA06D019155
:10EB7000FBF79EFDB4F90C3001999AB2D9E700BFBA
:10EB800081F0004102E000BF83F0004330B54FEA5E
:10EB900041044FEA430594EA050F08BF90EA020FCB
:10EBA0001FBF54EA000C55EA020C7FEA645C7FEA5E
:10EBB000655C00F0E2804FEA5454D4EB5555B8BF81
:10EBC0006D420CDD2C4480EA020281EA030382EAF2
:10EBD000000083EA010180EA020281EA0303362D84
:10EBE00088BF30BD11F0004F4FEA01314FF4801C57
:10EBF0004CEA113102D0404261EB410113F0004F69
:10EC00004FEA03334CEA133302D0524263EB43031F
:10EC100094EA050F00F0A780A4F10104D5F1200EBD
:10EC20000DDB02FA0EFC22FA05F2801841F1000118
:10EC300003FA0EF2801843FA05F359410EE0A5F1EC
:10EC400020050EF1200E012A03FA0EFC28BF4CF01D
:10EC5000020C43FA05F3C01851EBE37101F00045D3
:10EC600007D54FF0000EDCF1000C7EEB00006EEBE0
:10EC70000101B1F5801F1BD3B1F5001F0CD349086A
:10EC80005FEA30004FEA3C0C04F101044FEA4452C1
:10EC900012F5800F80F09A80BCF1004F08BF5FEA48
:10ECA000500C50F1000041EB045141EA050130BD28
:10ECB0005FEA4C0C404141EB0101013C28BFB1F53A
:10ECC000801FE9D291F0000F04BF01460020B1FA85
:10ECD00081F308BF2033A3F10B03B3F120020CDA58
:10ECE0000C3208DD02F1140CC2F10C0201FA0CF036
:10ECF00021FA02F10CE002F11402D8BFC2F1200C9B
:10ED000001FA02F120FA0CFCDCBF41EA0C01904050
:10ED1000E41AA2BF01EB0451294330BD6FEA040499
:10ED20001F3C1CDA0C340EDC04F11404C4F1200284
:10ED300020FA04F001FA02F340EA030021FA04F396
:10ED400045EA030130BDC4F10C04C4F1200220FAED
:10ED500002F001FA04F340EA0300294630BD21FA2B
:10ED600004F0294630BD94F0000F83F4801306BFF1
:10ED700081F480110134013D4EE77FEA645C18BFE5
:10ED80007FEA655C29D094EA050F08BF90EA020F7C
:10ED900005D054EA000C04BF1946104630BD91EA74
:10EDA000030F1EBF0021002030BD5FEA545C05D177
:10EDB0004000494128BF41F0004130BD14F58004B6
:10EDC0003CBF01F5801130BD01F0004545F0FE412A
:10EDD00041F470014FF0000030BD7FEA645C1ABF5F
:10EDE000194610467FEA655C1CBF0B46024650EA96
:10EDF000013406BF52EA033591EA030F41F40021C2
:10EE000030BD00BF90F0000F04BF0021704730B547
:10EE10004FF4806404F132044FF000054FF000011C
:10EE200050E700BF90F0000F04BF0021704730B5DD
:10EE30004FF4806404F1320410F0004548BF4042B2
:10EE40004FF000013EE700BF42004FEAE2014FEA07
:10EE500031014FEA02701FBF12F07F4393F07F4FE2
:10EE600081F06051704732F07F4208BF704793F0E5
:10EE70007F4F04BF41F40021704730B54FF46074F8
:10EE800001F0004521F000411CE700BF50EA0102FB
:10EE900008BF704730B54FF000050AE050EA0102A4
:10EEA00008BF704730B511F0004502D5404261EB14
:10EEB00041014FF4806404F132045FEA915C3FF455
:10EEC000D8AE4FF003025FEADC0C18BF03325FEAF2
:10EED000DC0C18BF033202EBDC02C2F1200300FAA3
:10EEE00003FC20FA02F001FA03FE40EA0E0021FAC8
:10EEF00002F11444BDE600BF08B502460B4643ECE0
:10EF0000172BB5EEC07BF1EE10FA03D4BDE8084034
:10EF100000F00CB8B1EE477B51EC170B00F006F88F
:10EF2000404261EB410108BD000000009FED0B6B0A
:10EF300041EC170B9FED0B5B27EE066BBCEEC66B2F
:10EF4000B8EE464BA4EE457BFCEEC77B16EE101ADE
:10EF500017EE900A704700BFAFF30080000000007A
:10EF60000000F03D000000000000F0415FF800F0FC
:10EF7000511C00605FF800F0A51600605FF800F01B
:10EF8000E91A00605FF800F0B91C006000000000A2
:04EF9000000000007D
:04EF9400F8B500BF0D
:10EF980008B10181B0B000840000000008B101810F
:10EFA800B0B0008400000000A9BBFE7FB0A801003B
:10EFB800FFFF010810041E001A0E000095BBFE7F1B
:10EFC800B0A80100FFFF010810041E001A0E00007F
:10EFD80008B10181B0B000840000000075BBFE7F5D
:10EFE800B0AF1200FF101901101E84070000C407FB
:10EFF800048E0901B00804000001000000000000B0
:10F0080051BBFE7F8408B101B0B0B000FF100D0104
:10F0180004020608010100000000000008B1018197
:10F02800B0B000840000000008B10181B0B00084D5
:10F03800000000001DBBFE7FB0AA0100FF102901DF
:10F0480018323000006C04A40103762E0000C001C1
:10F0580018E80100E2010E00000200017D00000036
:10F068000000000008B7FC1FE9BAFE7FB0AB020041
:10F07800FFFF01081C4A66006C040000D5BAFE7F39
:10F08800B0AF0400FF1019010F320A3C018401429D
:10F09800CC0100D4010400000100000000000000C1
:10F0A800B1BAFE7FA908B100FFFF010008B10181D4
:10F0B800B0B000840000000008B10181B0B0008445
:10F0C80000000000C0B4FE7F01000000C4B4FE7F51
:10F0D800C0FEFF7FDCB4FE7FC4FEFF7FF4B4FE7F7A
:10F0E800C8FEFF7F1CB5FE7FD4FEFF7F44B5FE7FC0
:10F0F8000100000010B7FE7FB0AB0280B8B7FE7FFA
:10F1080001000000B4B8FE7FB0B0AA806CB9FE7FE1
:10F11800C0FEFF7FACB9FE7FAB08B18034BAFE7F7A
:10F12800BCFEFF7FC0BEFE7FD8FEFF7FC8BEFE7F4D
:10F1380001000000D4BEFE7FE4FEFF7FD4BEFE7F48
:10F14800E8FEFF7FE0BEFE7F01000000F8BEFE7F04
:10F15800008402803CBFFE7F010000008CBFFE7F60
:10F16800B0A80180BCBFFE7FB0B0A88024C0FE7FDD
:10F178000100000004C1FE7FB0B0AC8028C1FE7F52
:10F188000100000054C1FE7FACFEFF7F58C2FE7F25
:10F198000100000064C3FE7FD0FEFF7FDCC3FE7F5A
:10F1A800B0B0A88060C4FE7F010000005CC4FE7F90
:10F1B800B0AA038088C4FE7F010000003825FF7FC5
:10F1C800BCFEFF7F1426FF7FD8FEFF7F8826FF7FC7
:10F1D80001000000C05EFF7FB0A90280505FFF7F82
:10F1E800B0B0A880A05FFF7F01000000A85FFF7F8C
:10F1F800B0B0AA80DC5FFF7FAE71B280A060FF7FF5
:10F20800AB3F38800061FF7F010000000861FF7F8D
:10F21800B0B0AA804461FF7F01000000F461FF7F65
:10F22800AA0DB2807062FF7FB0AF08801065FF7FC3
:10F23800010000002065FF7FAD3F0280C867FF7FA7
:10F2480001000000A469FF7F00840480B869FF7F83
:10F2580001000000B469FF7FB0AD0480386CFF7F07
:10F26800B0A803805C6CFF7F44FEFF7F606CFF7F6B
:0CF2780048FEFF7F6C6CFF7F010000006F
:10F28400000000000000000000000000000000007A
:10F29400000000000000000000000000000000006A
:10F2A400000000000000000000000000000000005A
:10F2B400000000000000000000000000000000004A
:10F2C400000000000000000000000000000000003A
:10F2D400000000000000000000000000000000002A
:10F2E400000000000000000000000000000000001A
:10F2F400000000000000000000000000000000000A
:10F3040000000000000000000000000000000000F9
:10F3140000000000000000000000000000000000E9
:10F3240000000000000000000000000000000000D9
:10F3340000000000000000000000000000000000C9
:10F3440000000000000000000000000000000000B9
:10F3540000000000000000000000000000000000A9
:10F364000000000000000000000000000000000099
:10F374000000000000000000000000000000000089
:10F384000000000000000000000000000000000079
:10F394000000000000000000000000000000000069
:10F3A4000000000000000000000000000000000059
:10F3B4000000000000000000000000000000000049
:10F3C4000000000000000000000000000000000039
:10F3D4000000000000000000000000000000000029
:10F3E4000000000000000000000000000000000019
:10F3F4000000000000000000000000000000000009
:10F4040000000000000000000000000000000000F8
:10F4140000000000000000000000000000000000E8
:10F4240000000000000000000000000000000000D8
:10F4340000000000000000000000000000000000C8
:10F4440000000000000000000000000000000000B8
:10F4540000000000000000000000000000000000A8
:10F464000000000000000000000000000000000098
:10F474000000000000000000000000000000000088
:10F484000000000000000000000000000000000078
:10F494000000000000000000000000000000000068
:10F4A4000000000000000000000000000000000058
:10F4B4000000000000000000000000000000000048
:10F4C4000000000000000000000000000000000038
:10F4D4000000000000000000000000000000000028
:10F4E4000000000000000000000000000000000018
:10F4F4000000000000000000000000000000000008
:10F50400182D4454FB21E9BFD221337F7CD902401A
:10F51400D221337F7CD902C00000000000000080AB
:10F52400182D4454FB210940182D4454FB2109C0D3
:10F5340000000040FB21F93F000000002D44743E10
:10F54400000000809846F83C0000006051CC783BF5
:10F5540000000080831BF0390000004020257A3829
:10F56400000000802282E336000000001DF36935AC
:10F574000000000000000000000000000000008007
:10F58400FE822B65471567400000000000003843E9
:10F594000000FAFE422E76BF3A3B9EBC9AF70CBDA1
:10F5A400BDFDFFFFFFFFDF3F3C5455555555C53F9B
:10F5B400912B17CF5555A53F17D0A4671111813F43
:10F5C400000000000000C842EF39FAFE422EE63F78
:10F5D40024C482FFBDBFCE3FB5F40CD7086BAC3F4B
:10F5E400CC5046D2ABB2833F843A4E9BE0D7553FD2
:10F5F4000000000000000000000000000000F03FD8
:10F604006EBF881A4F3B9B3C3533FBA93DF6EF3F59
:10F614005DDCD89C136071BC6180773E9AECEF3F4F
:10F62400D16687107A5E90BC857F6EE815E3EF3F64
:10F6340013F6673552D28C3C748515D3B0D9EF3F9D
:10F64400FA8EF92380CE8BBCDEF6DD296BD0EF3F3A
:10F6540061C8E6614EF7603CC89B751845C7EF3F2B
:10F6640099D3335BE4A3903C83F3C6CA3EBEEF3F19
:10F674006D7B835DA69A973C0F89F96C58B5EF3F73
:10F68400FCEFFD921AB58E3CF747722B92ACEF3F1C
:10F69400D19C2F703DBE3E3CA2D1D332ECA3EF3FB0
:10F6A4000B6E908934036ABC1BD3FEAF669BEF3F9D
:10F6B4000EBD2F2A525695BC515B12D00193EF3FD9
:10F6C40055EA4E8CEF8050BCCC316CC0BD8AEF3F04
:10F6D40016F4D5B923C991BCE02DA9AE9A82EF3FA7
:10F6E400AF555CE9E3D3803C518EA5C8987AEF3FCF
:10F6F4004893A5EA151B80BC7B517D3CB872EF3F53
:10F704003D32DE55F01F8FBCEA8D8C38F96AEF3F2D
:10F71400BF53133F8C898B3C75CB6FEB5B63EF3F1F
:10F7240026EB11769CD996BCD45C0484E05BEF3F55
:10F73400602F3A3EF7EC9A3CAAB968318754EF3F00
:10F744009D3886CB82E78FBC1DD9FC22504DEF3FFC
:10F754008DC3A644416F8A3CD68C62883B46EF3FFA
:10F764007D04E4B0057A803C96DC7D91493FEF3F0F
:10F7740094A8A8E3FD8E963C3862756E7A38EF3F04
:10F784007D4874F2185E873C3FA6B24FCE31EF3FFE
:10F79400F2E71F982B47803CDD7CE265452BEF3F69
:10F7A4005E08713F7BB896BC8163F5E1DF24EF3FCF
:10F7B40031AB096DE1F7823CE1DE1FF59D1EEF3FA1
:10F7C400FABF6F1A9B213DBC90D9DAD07F18EF3F66
:10F7D400B40A0C7282378B3C0B03E4A68512EF3F0C
:10F7E4008FCBCE8992146E3C562F3EA9AF0CEF3FBF
:10F7F400B6ABB04D754D833C15B7310AFE06EF3FED
:10F804004C74ACE20142863C31D84CFC7001EF3FB1
:10F814004AF8D35D39DD8F3CFF1664B208FCEE3F35
:10F82400045B8E3B80A386BCF19F925FC5F6EE3FDE
:10F8340068504BCCED4A92BCCBA93A37A7F1EE3FC6
:10F844008E2D511BF80799BC66D8056DAEECEE3FC2
:10F85400D236943EE8D171BCF79FE534DBE7EE3F46
:10F86400151BCEB3191999BCE5A813C32DE3EE3FBC
:10F874006D4C2AA7489F853C2234124CA6DEEE3FED
:10F884008A69287A601293BC1C80AC0445DAEE3F86
:10F894005B8917488FA758BC2A2EF7210AD6EE3F5A
:10F8A4001B9A49679B2C7CBC97A850D9F5D1EE3F95
:10F8B40011ACC260ED63433C2D89616008CEEE3F1C
:10F8C400EF64063B0966963C57001DED41CAEE3FC6
:10F8D4007903A1DAE1CC6E3CD03CC1B5A2C6EE3FBF
:10F8E40030120F3F8EFF933CDED3D7F02AC3EE3F96
:10F8F400B0AF7ABBCE90763C272A36D5DABFEE3F3E
:10F9040077E054EBBD1D933C0DDDFD99B2BCEE3F99
:10F914008EA3710034948FBCA72C9D76B2B9EE3FB0
:10F9240049A393DCCCDE87BC4266CFA2DAB6EE3FB5
:10F934005F380FBDC6DE78BC824F9D562BB4EE3FB8
:10F94400F65C7BEC461286BC0F925DCAA4B1EE3F16
:10F954008ED7FD180535933CDA27B53647AFEE3F11
:10F96400059B8A2FB7987B3CFDC797D412ADEE3F19
:10F9740009541CE2E163903C295448DD07ABEE3F97
:10F98400EAC6195085C7343CB746598A26A9EE3FC2
:10F9940035C0642BE632943C4821AD156FA7EE3F89
:10F9A4009F7699614AE48CBC09DC76B9E1A5EE3F07
:10F9B400A84DEF3BC5338CBC85553AB07EA4EE3FD1
:10F9C400AEE92B89785384BC20C3CC3446A3EE3FE4
:10F9D40058585678DDCE93BC2522558238A2EE3F86
:10F9E40064197E80AA10573C73A94CD455A1EE3FEC
:10F9F40028225EBFEFB393BCCD3B7F669EA0EE3F53
:10FA040082B93487AD126ABCBFDA0B7512A0EE3F1F
:10FA1400EEA96DB8EF6763BC2F1A653CB29FEE3F49
:10FA24005188E0543DDC80BC849451F97D9FEE3FC5
:10FA3400CF3E5A7E641F78BC745FECE8759FEE3F3E
:10FA4400B07D8BC04AEE86BC7481A5489A9FEE3F78
:10FA54008AE6551E321986BCC9674256EB9FEE3FB3
:10FA6400D3D4095ECB9C903C3F5DDE4F69A0EE3F52
:10FA74001DA54DB9DC327BBC8701EB7314A1EE3FAD
:10FA84006BC06754FDEC943C32C13001EDA1EE3FF4
:10FA9400556CD6ABE1EB653C624ECF36F3A2EE3F3C
:10FAA40042CFB32FC5A188BC121A3E5427A4EE3FFF
:10FAB40034373BF1B66993BC13CE4C9989A5EE3F1C
:10FAC4001EFF193A845E80BCADC723461AA7EE3FD9
:10FAD4006E5772D850D494BCED92449BD9A8EE3F93
:10FAE400008A0E5B67AD903C99668AD9C7AAEE3F3F
:10FAF400B4EAF0C12FB78D3CDBA02A42E5ACEE3F5F
:10FB0400FFE7C59C60B665BC8C44B51632AFEE3FCA
:10FB1400445FF35983F67B3C36771599AEB1EE3FDB
:10FB2400833D1EA71F0993BCC6FF910B5BB4EE3F38
:10FB3400291E6C8BB8A95DBCE5C5CDB037B7EE3FC7
:10FB440059B9907CF9236CBC0F52C8CB44BAEE3F30
:10FB5400AAF9F422434392BC504EDE9F82BDEE3F8D
:10FB64004B8E66D76CCA85BCBA07CA70F1C0EE3F2B
:10FB740027CE912BFCAF713C90F0A38291C4EE3F51
:10FB8400BB730AE135D26D3C2323E31963C8EE3F0E
:10FB94006322622204C587BC65E55D7B66CCEE3FCB
:10FBA400D531E2E3861C8B3C332D4AEC9BD0EE3FEF
:10FBB40015BBBCD3D1BB91BC5D253EB203D5EE3F92
:10FBC400D231EE9C31CC903C58B330139ED9EE3FE9
:10FBD400B35A736E8469843CBFFD79556BDEEE3F86
:10FBE400B49D8E97CDDF82BC7AF3D3BF6BE3EE3F37
:10FBF4008733CB92771A8C3CADD35A999FE8EE3F6A
:10FC0400FAD9D14A8F7B90BC66B68D2907EEEE3FB8
:10FC1400BAAEDC56D9C355BCFB154FB8A2F3EE3FC0
:10FC240040F6A63D0EA490BC3A59E58D72F9EE3F1C
:10FC34003493AD38F4D668BC475EFBF276FFEE3FF2
:10FC4400358A586BE2EE91BC4A06A130B005EF3F0D
:10FC5400CDDD5F0AD7FF743CD2C14B901E0CEF3F41
:10FC6400AC9892FAFBBD91BC091ED75BC212EF3F60
:10FC7400B30CAF30AE6E733C9C5285DD9B19EF3FE5
:10FC840094FD9F5C32E38E3C7AD0FF5FAB20EF3F64
:10FC9400AC5909D18FE0843C4BD1572EF127EF3F6B
:10FCA400671A4E38AFCD633CB5E706946D2FEF3F2E
:10FCB4006819926C2C6B673C6990EFDC2037EF3F3E
:10FCC400D2B5CC83188A80BCFAC35D550B3FEF3F95
:10FCD4006FFAFF3F5DAD8FBC7C89074A2D47EF3F2C
:10FCE40049A97538AE0D90BCF2890D08874FEF3FD6
:10FCF400A7073DA685A3743C87A4FBDC1858EF3FF7
:10FD04000F2240209E9182BC9883C916E360EF3F86
:10FD1400AC92C1D5505A8E3C8532DB03E669EF3F85
:10FD24004B6B01AC593A843C60B401F32173EF3F4F
:10FD34001F3EB40721D582BC5F9B7B33977CEF3F8A
:10FD4400C90D473BB92A89BC29A1F5144686EF3F62
:10FD5400D3883A6004B6743CF63F8BE72E90EF3FAD
:10FD640071729D51ECC5833C834CC7FB519AEF3FA4
:10FD7400F091D38F12F78FBCDA90A4A2AFA4EF3F17
:10FD84007D7423E298AE8DBCF1678E2D48AFEF3FB2
:10FD94000820AA41BCC38E3C275A61EE1BBAEF3F30
:10FDA40032EBA9C3942B843C97BA6B372BC5EF3F36
:10FDB400EE85D131A9648A3C40456E5B76D0EF3F35
:10FDC400EDE33BE4BA378EBC14BE9CADFDDBEF3FE4
:10FDD4009DCD914D3B89773CD8909E81C1E7EF3F03
:10FDE40089CC6041C105533CF1718F2BC2F3EF3FC5
:10FDF4000038FAFE422EE63F3067C79357F32E3D94
:10FE0400010000000000E0BF5B3051555555D53F5F
:10FE14009045EBFFFFFFCFBF1101F124B399C93F18
:10FE24009FC806E57555C5BF000000000000E0BF8F
:10FE3400775555555555D53FCBFDFFFFFFFFCFBF38
:10FE44000CDD95999999C93FA74567555555C5BF87
:10FE540030DE44A32449C23F653D42A4FFFFBFBF37
:10FE6400CAD62A288471BC3FFF68B043EB99B9BF56
:10FE740085D0AFF78281B73FCD45D1751352B5BF59
:10FE84009FDEE0C3F034F73F0090E6797FCCD7BF24
:10FE94001FE92C6A7813F73F00000DC2EE6FD7BF3D
:10FEA400A0B5FA0860F2F63F00E05113E313D7BFA0
:10FEB4007D8C131FA6D1F63F007828385BB8D6BFD7
:10FEC400D1B4C50B49B1F63F00788090555DD6BFDB
:10FED400BA0C2F334791F63F00001876D002D6BFF4
:10FEE400234222189F71F63F00909086CAA8D5BF7E
:10FEF400D91EA5994F52F63F00500356434FD5BF24
:10FF0400C4248FAA5633F63F00406BC337F6D4BFE0
:10FF140014DC9D6BB314F63F0050A8FDA79DD4BF1D
:10FF24004C5CC65264F6F53F00A889399245D4BFAB
:10FF34004F2C91B567D8F53F00B8B039F4EDD3BF75
:10FF4400DE905BCBBCBAF53F00708F44CE96D3BF36
:10FF5400781AD9F2619DF53F00A0BD171E40D3BFAA
:10FF6400875646125680F53F008046EFE2E9D2BF3D
:10FF7400D36BE7CE9763F53F00E030381B94D2BFD4
:10FF8400937FA7E22547F53F0088DA8CC53ED2BFB0
:10FF940083450642FF2AF53F00902729E1E9D1BFB6
:10FFA400DFBDB2DB220FF53F00F8482B6D95D1BFC2
:10FFB400D7DE34478FF3F43F00F8B99A6741D1BFD5
:10FFC4004028DECF43D8F43F0098EF94D0EDD0BF63
:10FFD400C8A378C03EBDF43F0010DB18A59AD0BF7B
:10FFE4008A25E0C37FA2F43F00B86352E647D0BF3E
:0CFFF4003484D4240588F43F00F08645D6
:02000004600496
:1000000022EBCFBF0B2D191BCE6DF43F00B017753F
:100010004A47CFBF541839D3D953F43F0030103D6D
:1000200044A4CEBF5A84B444273AF43F00B0E94414
:100030000D02CEBFFBF81541B520F43F00F0772943
:10004000A260CDBFB1F43EDA8207F43F0090950480
:1000500001C0CCBF8FFE575D8FEEF33F0010895675
:100060002920CCBFE94C0BA0D9D5F33F0010818DDE
:100070001781CBBF2BC110C060BDF33F00D0D3CCE4
:10008000C9E2CABFB8DA752B24A5F33F0090122E3F
:100090004045CABF02D09FCD228DF33F00F01D68BE
:1000A00077A8C9BF1C7A84C55B75F33F00304869E7
:1000B0006D0CC9BFE236AD49CE5DF33F00C045A629
:1000C0002071C8BF40D44D987946F33F003014B436
:1000D0008FD6C7BF24CBFFCE5C2FF33F0070623CAE
:1000E000B83CC7BF490DA1757718F33F0060379B37
:1000F0009AA3C6BF90393E37C801F33F00A0B7545A
:10010000310BC6BF41F895BB4EEBF23F0030247671
:100110007D73C5BFD1A919020AD5F23F0030C28F45
:100120007BDCC4BF2AFDB7A8F9BEF23F0000D25164
:100130002C46C4BFAB1B0C7A1CA9F23F000083BC49
:100140008AB0C3BF30B514607293F23F0000496BB0
:10015000991BC3BFF5A15757FA7DF23F0040A49009
:100160005487C2BFBF3B1D9BB368F23F00A079F824
:10017000B9F3C1BFBDF58F839D53F23F00A02C257D
:10018000C860C1BF3B08C9AAB73EF23F0020F7577D
:100190007FCEC0BFB640A92B012AF23F00A0FE4986
:1001A000DC3CC0BF3241CC967915F23F00804BBC9D
:1001B000BD57BFBF9BFCD21D2001F23F00404096BF
:1001C0000837BEBF0B484D49F4ECF13F0040F93E03
:1001D0009817BDBF69658F52F5D8F13F00A0D84E82
:1001E00067F9BBBF7C7E571123C5F13F00602F200C
:1001F00079DCBABFE926CB747CB1F13F008028E7F7
:10020000C3C0B9BFB61A2C0C019EF13F00C072B337
:1002100046A6B8BFBD70B67BB08AF13F0000ACB354
:10022000018DB7BFB6BCEF258A77F13F0000384596
:10023000F174B6BFDA314C358D64F13F0080876DC3
:100240000E5EB5BFDD5F2790B951F13F00E0A1DE42
:100250005C48B4BF4CD232A40E3FF13F00A06A4DBF
:10026000D933B3BFDAF910728B2CF13F0060C5F8B7
:100270007920B2BF31B5EC28301AF13F00206298E6
:10028000460EB1BFAF3484DAFB07F13F0000D26AFB
:100290006CFAAFBFB36B4E0FEEF5F03F0040774AFC
:1002A0008DDAADBFCE9F2A5D06E4F03F000085E405
:1002B000ECBCABBF21A52C6344D2F03F00C0124080
:1002C00089A1A9BF1A98E27CA7C0F03F00C0023301
:1002D0005888A7BFD136C6832FAFF03F0080D667BE
:1002E0005E71A5BF3913A098DB9DF03F0080654982
:1002F0008A5CA3BFDFE752AFAB8CF03F00401564D0
:10030000E349A1BFFB284E2F9F7BF03F0080EB828B
:10031000C0729EBF198F358CB56AF03F0080525273
:10032000F1559ABF2CF9ECA5EE59F03F008081CF32
:10033000623D96BF902CD1CD4949F03F0000AA8C78
:10034000FB2892BFA9ADF0C6C638F03F0000F920E7
:100350007B318CBFA93279136528F03F0000AA5D7C
:10036000351984BF4873EA272418F03F0000ECC217
:10037000031278BF95B114060408F03F00002479F9
:10038000090460BF1AFA26F71FE0EF3F00009084CF
:10039000F3EF6F3F74EA61C21CA1EF3F00003D35EF
:1003A00041DC873F2E9981B01063EF3F0080C2C4CB
:1003B000A3CE933FCDADEE3CF625EF3F0000891470
:1003C000C19F9B3FE7139103C8E9EE3F000011CEA8
:1003D000D8B0A13FABB1CB7880AEEE3F00C001D02A
:1003E0005B8AA53F9B0C9DA21A74EE3F0080D8400B
:1003F000835CA93FB5990A83913AEE3F008057EF9D
:100400006A27AD3F569A6009E001EE3F00C098E5CB
:100410009875B03F98BB77E501CAED3F00200DE32A
:10042000F553B23F03917C0BF292ED3F0000388B05
:10043000DD2EB43FCE5CFB66AC5CED3F00C0578761
:100440005906B63F9DDE5EAA2C27ED3F00006A35B7
:1004500076DAB73FCD2C6B3E6EF2EC3F00601C4E5F
:1004600043ABB93F0279A7A26DBEEC3F00600DBB64
:10047000C778BB3F6D08376D268BEC3F0020E73215
:100480001343BD3F04585DBD9458EC3F0060DE71DE
:10049000310ABF3F8C9FBB33B526EC3F0040912B08
:1004A0001567C03F3FE7ECEE83F5EB3F00B092826B
:1004B0008547C13FC196DB75FDC4EB3F0030CACD17
:1004C0006E26C23F284A860C1E95EB3F0050C5A6FB
:1004D000D703C33F2C3EEFC5E265EB3F0010333C32
:1004E000C3DFC33F8B88C9674837EB3F00807A6B17
:1004F00036BAC43F4A301D214B09EB3F00F0D128EA
:100500003993C53F7EEFF285E8DBEA3F00F018241F
:10051000CD6AC63FA23D60311DAFEA3F009066EC58
:10052000F840C73FA758D33FE682EA3F00F01AF5EC
:10053000C015C83F8B7309EF4057EA3F0080F6545F
:1005400029E9C83F274BAB902A2CEA3F0040F8022C
:1005500036BBC93FD1F29313A001EA3F00002C1C27
:10056000ED8BCA3F1B3CDB249FD7E93F00D0015CE9
:10057000515BCB3F90B1C70525AEE93F00C0BCCC75
:100580006729CC3F2FCE97F22E85E93F006048D5F2
:1005900035F6CC3F754BA4EEBA5CE93F00C046345B
:1005A000BDC1CD3F3848E79DC634E93F00E0CFB834
:1005B000018CCE3FE652672F4F0DE93F009017C0E8
:1005C0000955CF3F9DD7FF8E52E6E83F00B81F1276
:1005D0006C0ED03F7C00CC9FCEBFE83F00D0930E86
:1005E000B871D03F0EC3BEDAC099E83F0070869E56
:1005F0006BD4D03FFB1723AA2774E83F00D04B33BE
:100600008736D13F089AB3AC004FE83F00482367D4
:100610000D98D13F553E65E8492AE83F0080CCE07F
:10062000FFF8D13F6002F4950106E83F006863D708
:100630005F59D23F29A3E06325E2E73F00A81409F0
:1006400030B9D23FADB5DC77B3BEE73F00604310B1
:100650007218D33FC2259767AA9BE73F0018EC6D3D
:100660002677D33F570617F20779E73F0030AFFBF5
:100670004FD5D33F0C13D6DBCA56E73F00E02FE33C
:10068000EE32D43F0080E03779C34143176E05B5A1
:10069000B5B89346F5F93FE9034F384D321D30F9AF
:1006A0004877825A3CBF737FDD4F1575000000000C
:1006B0000000F03F000000000000244000000000A7
:1006C000000059400000000000408F400000000082
:1006D0000088C34000000000006AF84000000000ED
:1006E00080842E4100000000D01263410000000011
:1006F00084D797410000000065CDCD410000002067
:100700005FA00242000000E876483742000000A2E5
:10071000941A6D42000040E59C30A2420000901EF9
:10072000C4BCD64200003426F56B0C430080E03791
:1007300079C3414300A0D8855734764300C84E673B
:100740006DC1AB43003D9160E458E143408CB57806
:100750001DAF154450EFE2D6E41A4B4492D54D0636
:10076000CFF08044F64AE1C7022DB544B49DD97953
:100770004378EA440038FAFE422EE63F3067C793DA
:1007800057F32E3D000000000000E0BF60555555B6
:100790005555E5BF060000000000E03F4E55599951
:1007A0009999E93F7AA429555555E5BFE945489BF4
:1007B0005B49F2BFC33F268B2B00F03F00000000D7
:1007C00000A0F63F000000000000000000C8B9F2E1
:1007D000822CD6BF8056372824B4FA3C0000000093
:1007E0000080F63F0000000000000000000858BF35
:1007F000BDD1D5BF20F7E0D808A51CBD0000000082
:100800000060F63F0000000000000000005845179F
:100810007776D5BF6D50B6D5A46223BD0000000029
:100820000040F63F000000000000000000F82D87A7
:10083000AD1AD5BFD567B09EE484E6BC00000000C9
:100840000020F63F000000000000000000787795CF
:100850005FBED4BFE03E2993691B04BD00000000C9
:100860000000F63F000000000000000000601CC215
:100870008B61D4BFCC844C482FD8133D00000000BE
:1008800000E0F53F000000000000000000A88686A0
:100890003004D4BF3A0B82EDF342DC3C0000000090
:1008A00000C0F53F0000000000000000004869554E
:1008B0004CA6D3BF60945186C6B1203D0000000015
:1008C00000A0F53F00000000000000000080989AA2
:1008D000DD47D3BF9280C5D44D59253D00000000AF
:1008E0000080F53F00000000000000000020E1BA99
:1008F000E2E8D2BFD82BB7991E7B263D000000004E
:100900000060F53F00000000000000000088DE13DA
:100910005A89D2BF3FB0CFB614CA153D00000000BF
:100920000060F53F00000000000000000088DE13BA
:100930005A89D2BF3FB0CFB614CA153D000000009F
:100940000040F53F00000000000000000078CFFBF1
:100950004129D2BF76DA5328245A16BD0000000080
:100960000020F53F0000000000000000009869C171
:1009700098C8D1BF0454E768BCAF1FBD0000000099
:100980000000F53F000000000000000000A8ABAB35
:100990005C67D1BFF0A88233C61F1F3D0000000076
:1009A00000E0F43F00000000000000000048AEF945
:1009B0008B05D1BF665A05FDC4A826BD0000000006
:1009C00000C0F43F0000000000000000009073E24F
:1009D00024A3D0BF0E03F47EEE6B0CBD000000001C
:1009E00000A0F43F000000000000000000D0B4941C
:1009F0002540D0BF7F2DF49EB836F0BC000000002B
:100A000000A0F43F000000000000000000D0B494FB
:100A10002540D0BF7F2DF49EB836F0BC000000000A
:100A20000080F43F000000000000000000405E6D08
:100A300018B9CFBF873C99AB2A570D3D0000000085
:100A40000060F43F00000000000000000060DCCB0C
:100A5000ADF0CEBF24AF869CB7262B3D0000000032
:100A60000040F43F000000000000000000F02A6E8B
:100A70000727CEBF10FF3F544F2F17BD00000000C7
:100A80000020F43F000000000000000000C04F6B99
:100A9000215CCDBF1B68CABB91BA213D000000009C
:100AA0000000F43F000000000000000000A09AC712
:100AB000F78FCCBF34849F684F79273D000000003A
:100AC0000000F43F000000000000000000A09AC7F2
:100AD000F78FCCBF34849F684F79273D000000001A
:100AE00000E0F33F000000000000000000902D74C3
:100AF00086C2CBBF8FB78B31B04E193D00000000CE
:100B000000C0F33F000000000000000000C0804E65
:100B1000C9F3CABF6690CD3F634EBA3C00000000E7
:100B200000A0F33F000000000000000000B0E21F42
:100B3000BC23CABFEAC146DC648C25BD00000000AE
:100B400000A0F33F000000000000000000B0E21F22
:100B5000BC23CABFEAC146DC648C25BD000000008E
:100B60000080F33F00000000000000000050F49CF3
:100B70005A52C9BFE3D4C104D9D12ABD0000000034
:100B80000060F33F000000000000000000D020657E
:100B9000A07FC8BF09FADB7FBFBD2B3D000000006E
:100BA0000040F33F000000000000000000E01002E1
:100BB00089ABC7BF584A537290DB2B3D0000000041
:100BC0000040F33F000000000000000000E01002C1
:100BD00089ABC7BF584A537290DB2B3D0000000021
:100BE0000020F33F000000000000000000D019E7E3
:100BF0000FD6C6BF66E2B2A36AE410BD00000000D3
:100C00000000F33F00000000000000000090A7700B
:100C100030FFC5BF3950109F439E1EBD000000002D
:100C20000000F33F00000000000000000090A770EB
:100C300030FFC5BF3950109F439E1EBD000000000D
:100C400000E0F23F000000000000000000B0A1E35F
:100C5000E526C5BF8F5B07908BDE20BD000000003E
:100C600000C0F23F00000000000000000080CB6CDC
:100C70002B4DC4BF3C783561C10C173D000000000E
:100C800000C0F23F00000000000000000080CB6CBC
:100C90002B4DC4BF3C783561C10C173D00000000EE
:100CA00000A0F23F000000000000000000901E20A5
:100CB000FC71C3BF3A54274D8678F13C0000000018
:100CC0000080F23F000000000000000000F01FF86C
:100CD0005295C2BF08C47117308D24BD00000000BA
:100CE0000060F23F000000000000000000602FD50F
:100CF0002AB7C1BF96A31118A4802EBD0000000022
:100D00000060F23F000000000000000000602FD5EE
:100D10002AB7C1BF96A31118A4802EBD0000000001
:100D20000040F23F00000000000000000090D07C76
:100D30007ED7C0BFF45BE88896690A3D00000000DA
:100D40000040F23F00000000000000000090D07C56
:100D50007ED7C0BFF45BE88896690A3D00000000BA
:100D60000020F23F000000000000000000E0DB3146
:100D700091ECBFBFF233A35C547525BD00000000A9
:100D80000000F23F000000000000000000002B6E99
:100D90000727BEBF3C00F02A2C342A3D000000008B
:100DA0000000F23F000000000000000000002B6E79
:100DB0000727BEBF3C00F02A2C342A3D000000006B
:100DC00000E0F13F000000000000000000C05B8F69
:100DD000545EBCBF06BE5F58570C1DBD000000002E
:100DE00000C0F13F000000000000000000E04A3AAF
:100DF0006D92BABFC8AA5BE83539253D00000000F6
:100E000000C0F13F000000000000000000E04A3A8E
:100E10006D92BABFC8AA5BE83539253D00000000D5
:100E200000A0F13F000000000000000000A031D64B
:100E300045C3B8BF68562F4D297C133D0000000004
:100E400000A0F13F000000000000000000A031D62B
:100E500045C3B8BF68562F4D297C133D00000000E4
:100E60000080F13F00000000000000000060E58A03
:100E7000D2F0B6BFDA7333C9379726BD0000000041
:100E80000060F13F00000000000000000020063F6D
:100E9000071BB5BF575EC6615B021F3D0000000027
:100EA0000060F13F00000000000000000020063F4D
:100EB000071BB5BF575EC6615B021F3D0000000007
:100EC0000040F13F000000000000000000E01B9621
:100ED000D741B3BFDF13F9CCDA5E2C3D0000000030
:100EE0000040F13F000000000000000000E01B9601
:100EF000D741B3BFDF13F9CCDA5E2C3D0000000010
:100F00000020F13F00000000000000000080A3EE80
:100F10003665B1BF09A38F765E7C143D00000000EA
:100F20000000F13F0000000000000000008011C040
:100F3000300AAFBF918E36839E592D3D00000000D0
:100F40000000F13F0000000000000000008011C020
:100F5000300AAFBF918E36839E592D3D00000000B0
:100F600000E0F03F00000000000000000080197168
:100F7000DD42ABBF4C70D6E57A821C3D000000001C
:100F800000E0F03F00000000000000000080197148
:100F9000DD42ABBF4C70D6E57A821C3D00000000FC
:100FA00000C0F03F000000000000000000C032F66A
:100FB0005874A7BFEEA1F23446FC2CBD000000001F
:100FC00000C0F03F000000000000000000C032F64A
:100FD0005874A7BFEEA1F23446FC2CBD00000000FF
:100FE00000A0F03F000000000000000000C0FEB9BB
:100FF000879EA3BFAAFE26F5B702F53C00000000BD
:1010000000A0F03F000000000000000000C0FEB99A
:10101000879EA3BFAAFE26F5B702F53C000000009C
:101020000080F03F00000000000000000000780E8B
:101030009B829FBFE4097E7C268029BD00000000C2
:101040000080F03F00000000000000000000780E6B
:101050009B829FBFE4097E7C268029BD00000000A2
:101060000060F03F00000000000000000080D50795
:101070001BB997BF39A6FA93548D28BD0000000014
:101080000040F03F00000000000000000000FCB045
:10109000A8C08FBF9CA6D3F67C1EDFBC000000005A
:1010A0000040F03F00000000000000000000FCB025
:1010B000A8C08FBF9CA6D3F67C1EDFBC000000003A
:1010C0000020F03F00000000000000000000106B56
:1010D0002AE07FBFE440DA0D3FE219BD00000000C6
:1010E0000020F03F00000000000000000000106B36
:1010F0002AE07FBFE440DA0D3FE219BD00000000A6
:101100000000F03F000000000000000000000000B0
:1011100000000000000000000000000000000000CF
:101120000000F03F00000000000000000000000090
:1011300000000000000000000000000000000000AF
:1011400000C0EF3F000000000000000000008975B3
:101150001510803FE82B9D996BC710BD0000000063
:101160000080EF3F00000000000000000080935866
:101170005620903FD2F7E2065BDC23BD0000000062
:101180000040EF3F00000000000000000000C92800
:101190002549983F340C5A32BAA02ABD00000000FD
:1011A0000000EF3F00000000000000000040E78961
:1011B0005D41A03F53D7F15CC011013D000000002C
:1011C00000C0EE3F000000000000000000002ED430
:1011D000AE66A43F28FDBD7573162CBD000000004F
:1011E0000080EE3F000000000000000000C09F14DF
:1011F000AA94A83F7D265AD0957919BD0000000019
:101200000040EE3F000000000000000000C0DDCD07
:1012100073CBAC3F0728D847F2681ABD0000000026
:101220000020EE3F000000000000000000C006C0EB
:1012300031EAAE3F7B3BC94F3E110EBD00000000BE
:1012400000E0ED3F0000000000000000006046D11B
:101250003B97B13F9B9E0D565D3225BD00000000BF
:1012600000A0ED3F000000000000000000E0D1A75A
:10127000F5BDB33FD74EDBA55EC82C3D0000000096
:101280000060ED3F000000000000000000A0974D4E
:101290005AE9B53F1E1D5D3C06692CBD00000000EB
:1012A0000040ED3F000000000000000000C0EA0A1E
:1012B000D300B73F32ED9DA98D1EEC3C000000002D
:1012C0000000ED3F00000000000000000040595DFC
:1012D0005E33B93FDA47BD3A5C11233D00000000A0
:1012E00000C0EC3F00000000000000000060AD8D79
:1012F000C86ABB3FE568F72B809013BD0000000073
:1013000000A0EC3F00000000000000000040BC0115
:101310005888BC3FD3AC5AC6D146263D00000000D9
:101320000060EC3F000000000000000000200A8385
:1013300039C7BE3FE045E6AF68C02DBD00000000E4
:101340000040EC3F000000000000000000E0DB393E
:1013500091E8BF3FFD0AA14FD63425BD0000000033
:101360000000EC3F000000000000000000E02782C9
:101370008E17C13FF2072DCE78EF213D000000000F
:1013800000E0EB3F000000000000000000F0237EC2
:101390002BAAC13F349938448EA72C3D0000000091
:1013A00000A0EB3F00000000000000000080860C61
:1013B00061D1C23FA1B481CB6C9D033D0000000010
:1013C0000080EB3F0000000000000000009015B01E
:1013D000FC65C33F89724B23A82FC63C0000000068
:1013E0000040EB3F000000000000000000B033832D
:1013F0003D91C43F78B6FD547983253D000000003F
:101400000020EB3F000000000000000000B0A1E45D
:10141000E527C53FC77D69E5E833263D00000000AC
:1014200000E0EA3F000000000000000000108CBE59
:101430004E57C63F782E3C2C8BCF193D0000000044
:1014400000C0EA3F00000000000000000070758B43
:1014500012F0C63FE1219CE58D1125BD0000000082
:1014600000A0EA3F0000000000000000005044859A
:101470008D89C73F0543917010661CBD00000000B8
:101480000060EA3F0000000000000000000039EBAF
:10149000AFBEC83FD12CE9AA543D07BD00000000F3
:1014A0000040EA3F00000000000000000000F7DC00
:1014B0005A5AC93F6FFFA05828F2073D00000000AC
:1014C0000000EA3F000000000000000000E08A3C4D
:1014D000ED93CA3F69215650437228BD00000000B9
:1014E00000E0E93F000000000000000000D05B5772
:1014F000D831CB3FAAE1AC4E8D350CBD00000000C9
:1015000000C0E93F000000000000000000E03B38A0
:1015100087D0CB3FB6125459C44B2DBD00000000FC
:1015200000A0E93F00000000000000000010F0C62D
:10153000FB6FCC3FD22B96C572ECF1BC00000000D3
:101540000060E93F00000000000000000090D4B0FF
:101550003DB1CD3F35B015F72AFF2ABD0000000090
:101560000040E93F00000000000000000010E7FF1D
:101570000E53CE3F30F441602712C23C0000000001
:101580000020E93F00000000000000000000DDE452
:10159000ADF5CE3F118EBB651521CABC0000000021
:1015A0000000E93F000000000000000000B0B36C44
:1015B0001C99CF3F30DF0CCAECCB1B3D0000000074
:1015C00000C0E83F000000000000000000584D602F
:1015D0003871D03F914EED16DB9CF83C00000000C6
:1015E00000A0E83F0000000000000000006061670C
:1015F0002DC4D03FE9EA3C168B18273D00000000BF
:101600000080E83F000000000000000000E82782A2
:101610008E17D13F1CF0A5630E212CBD00000000E9
:101620000060E83F000000000000000000F8ACCBC4
:101630005C6BD13F8116A5F7CD9A2B3D00000000D1
:101640000040E83F000000000000000000685A630E
:1016500099BFD13FB7BD4751EDA62C3D000000001A
:101660000020E83F000000000000000000B80E6D00
:101670004514D23FEABA46BADE870A3D00000000B0
:1016800000E0E73F00000000000000000090DC7C6C
:10169000F0BED23FF404504AFA9C2A3D00000000FC
:1016A00000C0E73F00000000000000000060D3E140
:1016B000F114D33FB83C21D37AE228BD00000000EA
:1016C00000A0E73F00000000000000000010BE7610
:1016D000676BD33FC877F1B0CD6E113D00000000BD
:1016E0000080E73F0000000000000000003033777A
:1016F00052C2D33F5CBD06B6543B183D000000000B
:101700000060E73F000000000000000000E8D52373
:10171000B419D43F9DE090EC36E4083D0000000091
:101720000040E73F000000000000000000C871C258
:101730008D71D43F75D66709CE272FBD00000000FC
:101740000020E73F00000000000000000030179E6E
:10175000E0C9D43FA4D80A1B89202EBD0000000098
:101760000000E73F000000000000000000A0380774
:10177000AE22D53F59C7648170BE2E3D00000000E7
:1017800000E0E63F000000000000000000D0C85369
:10179000F77BD53FEF405DEEEDAD1F3D0000000053
:1017A00000C0E63F0000000000000000006059DFBC
:1017B000BDD5D53FDC65A4082A0B0ABD4FBB61052A
:1017C00067ACDD3F182D4454FB21E93F9BF681D2E5
:1017D0000B73EF3F182D4454FB21F93FE2652F2294
:1017E0007F2B7A3C075C143326A6813CBDCBF07A74
:1017F0008807703C075C143326A6913CBC89D897B7
:10180000B2D29C3C33A7A8D523F649393DA7F4446E
:10181000FD0FA5329D978CCF08BA5B25436FAC6452
:10182000280668110000803F7D9C873FD6AC8F3F23
:10183000F037983F1845A13F08DCAA3FF304B53FB5
:1018400087C8BF3FF52FCB3FFD44D73FF011E43FA2
:10185000BFA1F13F0000803FA488883F0000903F77
:101860009A99993F0000A03F93A9AA3F0000B43F76
:101870000000C03FCDCCCC3F7155D53F6666E63FFA
:101880000000F03F01000000010000000000000027
:101890000000000000000000000000000000000048
:1018A0000000000000000000000000000000000038
:1018B0000000000000000000000000000000000028
:1018C0000100000000000000010000000300000013
:1018D00002000000000000007373526561646572CD
:1018E0005F496E707574427566666572000000002F
:1018F0007373526561646572000000006D617374FA
:10190000657253657269616C526561645F496E709E
:101910007574427566666572000000006D617374CF
:10192000657253657269616C526561640000000004
:10193000636F6D6D616E64007573620068617264DF
:101940007761726500000000756E646566696E659A
:10195000640000007072696F7269747900000000A1
:10196000696E666F72657175657374006578707203
:10197000657373696F6E7061727365720000000049
:10198000646562756700000074657874696E666FDF
:1019900000000000636D640068770000756E000051
:1019A0007072690065727200697271006570000082
:1019B0006462670074786900686C700062000000FF
:1019C000302D313500000000536574732074686554
:1019D0002063757272656E746C792073656C6563D3
:1019E00074656420626F77006270696400000000B3
:1019F000317C3000536574732074686520626F77A2
:101A000020504944206F6E2F6F66660062706B69CC
:101A100000000000666C6F61740000005365747311
:101A200020746865204B6920706172616D65746512
:101A300072206F662074686520504944206F6620CC
:101A40007468652073656C656374656420626F7784
:101A50000000000062706B7000000000536574733A
:101A600020746865204B7020706172616D657465CB
:101A700072206F662074686520504944206F66208C
:101A80007468652073656C656374656420626F7744
:101A90000000000062706B64000000005365747306
:101AA00020746865204B6420706172616D65746597
:101AB00072206F662074686520504944206F66204C
:101AC0007468652073656C656374656420626F7704
:101AD00000000000627069650000000053657473C7
:101AE00020746865206C6F77657220746872657306
:101AF000686F6C64206F66206572726F7220766109
:101B00006C75657320666F72207468652050494457
:101B100020696E7465677261746F7220746F2069DA
:101B2000676E6F7265206F66207468652073656CE0
:101B3000656374656420626F77000000627069728B
:101B4000000000005265736574732074686520504E
:101B50004944206F66207468652073656C65637402
:101B6000656420626F77000062706D6500000000A0
:101B70004D6178696D756D206572726F7220746F3A
:101B800020636F727265637420696E20656163689B
:101B900020504944206C6F6F702C20657373656E04
:101BA0007469616C6C79207365747320616363651B
:101BB0006C65726174696F6E000000006270706520
:101BC00072720000476574206C61746573742050F4
:101BD0004944207065616B206572726F720000006D
:101BE00062636600426F77206D6F746F722073704E
:101BF000656564206672657175656E637920696ECE
:101C000020686572747A2C207265717569726573CB
:101C1000207468617420504944206973207475727F
:101C20006E6564206F6E000062637500426F7720FE
:101C300066756E64616D656E74616C206672657147
:101C400075656E63792C20616C6C206861726D6FB4
:101C50006E696373206172652063616C63756C618A
:101C60007465642066726F6D2074686973206E7588
:101C70006D6265720000000062636800696E740046
:101C8000426F77206D6F746F72207370656564208A
:101C9000696E207465726D73206F662061206861C3
:101CA000726D6F6E6963206E756D6265722E204174
:101CB00020726174696F2069732074616B656E2096
:101CC00066726F6D2074686520676976656E20683E
:101CD00061726D6F6E696320696E20746865206340
:101CE000757272656E74206861726D6F6E696320C3
:101CF0006C6973742C2074686520726174696F203C
:101D00006973207468656E206D756C7469706C6998
:101D100065642062792074686520626F772066753B
:101D20006E64616D656E74616C2066726571756557
:101D30006E63790062636861000000004164646959
:101D40007461746976652076657273696F6E206F51
:101D50006620626F77636F6E74726F6C6861726D0C
:101D60006F6E69632C20746865206E756D62657294
:101D700020697320676976656E20697320616464E9
:101D8000656420746F20746865206861726D6F6E81
:101D9000696320676976656E0000000062636862AF
:101DA0000000000053616D6520617320626F7763EE
:101DB0006F6E74726F6C6861726D6F6E69632062B2
:101DC0007574207768657265207468652068617233
:101DD0006D6F6E6963206E756D6265722069732028
:101DE0006261736564206F6E2061204D4944492013
:101DF0006E6F746520676976656E20627920626F08
:101E000077636F6E74726F6C626173656E6F746509
:101E100000000000626368626E000000302D313205
:101E2000370000005365747320746865204D494481
:101E3000492062617365206E6F7465206F6620743F
:101E4000686520737472696E672C207573656420F1
:101E5000696E20636F6E6A756E6374696F6E20774A
:101E600069746820626F77636F6E74726F6C6861FB
:101E7000726D6F6E6963626173650000626368739F
:101E8000680000002D33323736372D33323736377E
:101E90000000000053657474696E6720736869669A
:101EA000742066726F6D2074686520637572726548
:101EB0006E746C7920706C6179696E6720686172EC
:101EC0006D6F6E69632077686572652033323736CF
:101ED0003720657175616C732074686520656E7458
:101EE000697265206861726D6F6E696320736869DD
:101EF00066742072616E67652073686966746564D4
:101F0000207570006263687372000000302D3336F4
:101F10000000000053657420746865206E756D6262
:101F20006572206F66206861726D6F6E6963206EE6
:101F3000756D62657273207468617420636F6E736F
:101F4000746974757465732074686520656E74694E
:101F50007265206861726D6F6E696320736869666F
:101F60007400000062636873350000005365747488
:101F7000696E672073686966742066726F6D20747D
:101F800068652063757272656E746C7920706C611F
:101F900079696E67206861726D6F6E6963206F7614
:101FA00065722035206F637461766573207768658C
:101FB000726520333237363720657175616C732056
:101FC00035206F6374617665732073686966742069
:101FD00075702066726F6D207468652066756E641A
:101FE000616D656E74616C006263736D000000006A
:101FF000307C3100426F77206D6F746F7220737088
:10200000656564206D6F64652C2030203D2041752E
:10201000746F6D6174696320616E642031203D20AE
:102020004D616E75616C0000626873004765742FC6
:10203000736574207468652063757272656E7420B0
:102040006861726D6F6E6963207365726965730094
:10205000736C6F743A6E616D653A726174696F7317
:10206000000000005365747320616C6C206461741F
:102070006120666F7220746865206861726D6F6E92
:1020800069632073657269657320696E2074686581
:1020900020676976656E20736C6F74006268737276
:1020A000000000006861726D6F6E69633A7261745E
:1020B000696F0000536574732074686520726174E1
:1020C000696F206F662074686520676976656E2089
:1020D0006861726D6F6E696320696E2063757272DC
:1020E000656E74206861726D6F6E696320736572CE
:1020F0006965732C2077696C6C20696E6372656109
:10210000736520746865206C6973742073697A65DF
:10211000206966206E656564656420746F20616463
:102120007265737320746865206861726D6F6E6983
:10213000630000006268737272000000726174696B
:102140006F00000052656D6F7665207468652068C9
:1021500061726D6D6F6E696320726174696F206763
:102160006976656E20696E20746865206375727289
:10217000656E742073657269657320616E64207387
:102180006869667420616E7920726174696F73206A
:102190006163636F7264696E676C792E2043616E50
:1021A0006E6F742072656D6F766520616C6C207245
:1021B0006174696F7300000062687363000000005F
:1021C00052657475726E7320746865206E756D62E9
:1021D0006572206F66206861726D6F6E696320732F
:1021E000657269657320696E20746865206C697317
:1021F0007420616E642074686569722049447300BC
:1022000062687373000000007365726965733A6EEB
:10221000616D650053617665732074686520637530
:102220007272656E74206861726D6F6E696320737F
:10223000657269657320696E2074686520736C6FC0
:102240007420676976656E2C206F72206966207431
:10225000686520736C6F74206973206F7574206FCC
:10226000662072616E67652C2063726561746573A8
:102270002061206E6577206F6E6520617420746820
:102280006520656E64206F6620746865206C6973D4
:1022900074000000626873726D00000052656D6F1B
:1022A0007665207468652073657269657320676957
:1022B00076656E20616E6420736869667420616E55
:1022C0007920736572696573206163636F726469F5
:1022D0006E676C792E2043616E6E6F742072656D2F
:1022E0006F766520616C6C207365726965730000A0
:1022F000627300005072696E747320737461747538
:102300007320696E666F726D6174696F6E20666F9F
:1023100072207468652073656C65637465642062FF
:102320006F7700007073660052657475726E73206B
:102330007468652066756E64616D656E74616C208D
:10234000746F6E652063616C63756C617465642085
:1023500066726F6D207468652063757272656E7445
:1023600020617564696F207369676E616C206966AE
:10237000206170706C69636361626C6500000000CD
:102380007061700052657475726E73207468652098
:102390007065616B20616D706C6974756465206F28
:1023A00066207468652063757272656E742061754D
:1023B00064696F207369676E616C00007061720000
:1023C00052657475726E732074686520524D532087
:1023D000616D706C6974756465206F6620746865E2
:1023E0002063757272656E7420617564696F207305
:1023F00069676E616C00000062646D7474000000B7
:102400004D656173757265207468652074696D65CA
:102410002069742074616B657320746F2063686138
:102420006E67652066726F6D2074686520637572D3
:1024300072656E74206672657175656E637920745D
:102440006F207468652074617267657420667265B8
:102450007175656E6379000062680000486F6D6990
:102460006E6720626F772C2075736564206174201D
:102470007374617274757020616E6420696E20637C
:10248000617365206F662074686520626F77206CC9
:102490006F6F73696E6720706F736974696F6E0018
:1024A00062636100506572666F726D7320616C6C5F
:1024B0002063616C6962726174696F6E20726F75FE
:1024C00074696E6573206F6E207468652073656C27
:1024D000656374656420626F772C20736565206284
:1024E000656C6F7720666F7220726F7574696E65A8
:1024F0007320706572666F726D656400626373004D
:1025000046696E647320746865206D696E696D75C7
:102510006D20616E64206D6178696D756D20626FEC
:1025200077207370656564206F662074686520731A
:10253000656C656374656420626F77006263700028
:1025400046696E647320746865206D696E696D7587
:102550006D20616E64206D6178696D756D20626FAC
:1025600077207072657373757265206F662074686A
:10257000652073656C656374656420626F77000025
:10258000626D720053657420626F77206D6F746F97
:10259000722072756E206F6E2F6F666600000000ED
:1025A000626F776D6F746F72646972656374707750
:1025B0006D000000626D647000000000302D363543
:1025C00035333500426F77206D6F746F7220646908
:1025D0007265637420706F77657220696E20313682
:1025E0002D6269742050574D2076616C7565732C8F
:1025F00020726571756972657320746861742074E6
:10260000686520504944206973207475726E656452
:10261000206F666600000000626D74006D732830E4
:102620002D36353533352900426F77206D6F746F45
:10263000722073687574646F776E2074696D656F4E
:10264000757420616674657220626F7720686176A8
:10265000696E67206265656E2070757420696E749E
:102660006F20746865207265737420706F7369746D
:10267000696F6E00626D737800000000426F772012
:102680006D6F746F72206D6178696D756D207370F8
:10269000656564206C696D6974000000626D736922
:1026A00000000000426F77206D6F746F72206D69BB
:1026B0006E696D756D207370656564206C696D69F8
:1026C00074000000626D7600312E322D390000005A
:1026D000426F77206D6F746F7220766F6C746167D4
:1026E00065000000626D6600426F77206D6F746F49
:1026F00072207265706F72746564206672657175A0
:10270000656E637900000000626D6300302D330058
:10271000426F77206D6F746F72207265706F727484
:1027200065642063757272656E7420757365000050
:10273000426F77206D6F746F722063757272656E71
:1027400074206C696D6974202841292D202157411E
:10275000524E494E47212043616E207275696E20AA
:10276000796F757220696E737472756D656E742001
:102770006966206368616E6765640000626D706CF5
:1027800000000000302D323535000000426F772008
:102790006D6F746F7220706F776572206C696D69F0
:1027A0007420285729202D20215741524E494E4749
:1027B000212043616E207275696E20796F757220D9
:1027C000696E737472756D656E74206966206368D6
:1027D000616E676564000000626D66630000000062
:1027E000636F6D6D616E64206C697374000000002E
:1027F000436F6D6D616E647320746F2065786563DF
:10280000757465207768656E2061206D6F746F72D6
:10281000206661756C7420697320747269707065CC
:1028200064202D20215741524E494E4721204361BB
:102830006E207275696E20796F757220696E73747F
:1028400072756D656E74206966206368616E676578
:1028500064000000626D6F7063000000436F6D6D77
:10286000616E647320746F2065786563757465208C
:102870007768656E206D6F746F72206973206F7654
:1028800065722074686520706F776572206C696D61
:102890006974202D20215741524E494E4721204333
:1028A000616E207275696E20796F757220696E7322
:1028B0007472756D656E74206966206368616E67F9
:1028C00065640000626D6573000000006D73202870
:1028D000302D36353533352900000000496D6D65E2
:1028E00064696174656C792073746F7073207468A7
:1028F0006520626F77696E67206D6F746F722061FB
:102900006E6420646F65736E277420616C6C6F77E2
:1029100020697420746F2073746172742061676120
:10292000696E20756E74696C2074686520636F6FC2
:102930006C20646F776E20706572696F64206769C0
:1029400076656E20696E207468652066697273749E
:1029500020617267756D656E7420686173206C61AB
:102960007073656420286D696C6C697365636F6E44
:102970006473290062706200426F77207072657321
:102980007375726520626173656C696E652C206D6C
:102990006F64756C6174696F6E2069732061646423
:1029A000656420746F207468697320706F696E7439
:1029B000207570776172640062706D00426F7720DD
:1029C0007072657373757265206D6F64756C617478
:1029D000696F6E2C20616464656420746F20746874
:1029E0006520626173656C696E65000062707200DB
:1029F000507574732074686520626F7720707265FB
:102A0000737375726520696E2074686520726573D2
:102A100074696E6720706F736974696F6E202863C4
:102A20006F6E646974696F6E616C29006270650015
:102A3000507574732074686520626F7720707265BA
:102A4000737375726520696E2074686520656E67A2
:102A500061676520706F736974696F6E2028636F9A
:102A60006E646974696F6E616C29000062707078C1
:102A700000000000426F7720707265737375726595
:102A8000207374616C6C2F6D6178696D756D207049
:102A90006F736974696F6E0062707065000000008A
:102AA000426F7720707265737375726520746F75ED
:102AB00063682F6D696E696D756D20706F736974D1
:102AC000696F6E006270707200000000426F7720C4
:102AD0007072657373757265207265737420706FA0
:102AE000736974696F6E00006270657300000000A6
:102AF00031202D203130303F00000000426F772020
:102B00007072657373757265206D6F76656D656E35
:102B100074207370656564207768656E20656E67E4
:102B20006167696E67206F7220646973656E6761A3
:102B300067696E670000000062706D73000000003E
:102B4000302E31202D20313000000000426F7720E0
:102B50007072657373757265206D6F76656D656EE5
:102B600074207370656564207768696C6520656E94
:102B70006761676564000000627068005365747384
:102B800020626F7720686F6C64206F6E2F6F6666AF
:102B900000000000736F0000536574732074686553
:102BA0002063757272656E746C792073656C6563F1
:102BB00074656420736F6C656E6F6964000000005B
:102BC000536574732074686520736F6C656E6F69EC
:102BD0006420656E676167656D656E74206F662041
:102BE0007468652063757272656E7420626F7720F9
:102BF0007573696E67207468652031737420617223
:102C000067756D656E7420617320686172646E65AE
:102C10007373000073640000302D310053657473CA
:102C20002074686520736F6C656E6F6964206469D9
:102C300073656E676167656D656E74206F6620747D
:102C400068652063757272656E7420626F772C20E0
:102C5000616E20617267756D656E74206F662027E6
:102C600030272077696C6C206C656176652074680C
:102C70006520736F6C656E6F696420617420697480
:102C8000732063757272656E74207374617465204D
:102C90007768696C6520616E79206F746865722051
:102CA00076616C75652077696C6C20646973656EFC
:102CB000676167652074686520736F6C656E6F6906
:102CC000640000007378660030202D2036353533DF
:102CD0003500000053657420736F6C656E6F696416
:102CE000206D6178696D756D20757361626C65200A
:102CF000666F726365000000736966005365742037
:102D0000736F6C656E6F6964206D696E696D756D4A
:102D100020757361626C6520666F726365000000E8
:102D200073666D0030202D20310000005365742043
:102D3000736F6C656E6F696420666F726365206D7A
:102D4000756C7469706C696572000000736564006D
:102D50005365747320746865206475726174696F5B
:102D60006E206F662074686520736F6C656E6F6986
:102D7000642068697420696E2075532C2069662070
:102D8000612076616C7565206F6620302069732044
:102D90007365742074686520736F6C656E6F696409
:102DA0002077696C6C206E6F7420646973656E6740
:102DB00061676520756E74696C206120736F6C6546
:102DC0006E6F6964646973656E6761676520636FC0
:102DD0006D6D616E6420686173206265656E206749
:102DE0006976656E000000006D7370005365742095
:102DF0006D75746520706F736974696F6E00000083
:102E00006D666D00507574206D75746520696E2057
:102E100066756C6C206D75746520706F736974696C
:102E20006F6E2028636F6E646974696F6E616C29C0
:102E3000000000006D686D00507574206D7574653C
:102E400020696E2068616C66206D75746520706FF6
:102E5000736974696F6E2028636F6E646974696F3B
:102E60006E616C29000000006D72000050757420C6
:102E70006D75746520696E207265737420706F7350
:102E80006974696F6E2028636F6E646974696F6E10
:102E9000616C29006D7366005361766520637572FD
:102EA00072656E74206D75746520706F73697469D6
:102EB0006F6E2061732066756C6C206D7574652073
:102EC000706F736974696F6E2028636F6E646974C4
:102ED000696F6E616C2900006D73680053617665DF
:102EE0002063757272656E74206D75746520706FE5
:102EF000736974696F6E2061732068616C66206D00
:102F000075746520706F736974696F6E2028636FC4
:102F10006E646974696F6E616C2900006D73720074
:102F2000536176652063757272656E74206D757479
:102F30006520706F736974696F6E206173206D75A1
:102F40007465207265737420706F736974696F6E35
:102F50002028636F6E646974696F6E616C2900006C
:102F60006D666D70000000004D7574652066756CAF
:102F70006C206D75746520706F736974696F6E0075
:102F80006D686D70000000004D7574652068616C9F
:102F900066206D75746520706F736974696F6E005B
:102FA0006D7270004D757465207265737420706F5A
:102FB000736974696F6E000053657474696E67207D
:102FC0007375737461696E206F6E20283129206FCC
:102FD00072206F6666202830290000006D626F0045
:102FE00053657474696E67207468652074696D65D3
:102FF000207468617420746865206D757465207331
:103000007461797320696E20746865206D757465CC
:1030100066756C6C6D75746520706F736974696F1B
:103020006E206265666F7265206175746F6D617484
:103030006963616C6C7920676F696E6720696E7473
:103040006F20726573742C2073657420696E206D17
:10305000530000006D6800005265686F6D65206D5B
:10306000757465006D63610043616C6962726174BF
:1030700065206D7574652073657474696E6773007F
:10308000626100005365747320616E64206C6F612F
:10309000647320746865206163747561746F722055
:1030A000676976656E0000006261720052656D6F3F
:1030B000766520626F77206163747561746F72004A
:1030C00062617300536176652063757272656E7418
:1030D00020626F7720706172616D65746572732014
:1030E000696E746F2063757272656E746C7920738B
:1030F000656C656374656420626F772061637475C5
:1031000061746F7200000000626164006163747535
:1031100061746F723A656E6761676570726573732B
:103120007572653A7374616C6C70726573737572E5
:10313000653A72657374706F736974696F6E3A691A
:10314000640000005365742064617461206F662020
:10315000626F77206163747561746F72205B616365
:10316000747561746F725D0062616300526574759D
:10317000726E732074686520616D6F756E74206F58
:103180006620736176656420626F77206163747571
:1031900061746F7273000000446F206162736F6C22
:1031A0007574656C792C20706F7369746976656CC1
:1031B000792C206E6F7468696E6700007271690007
:1031C00052657472697665732072617468657220E5
:1031D0007468616E2073657473206461746120612A
:1031E00073736F63696174656420776974682061C3
:1031F00020636F6D6D616E642C2069662061707054
:103200006C69636361626C650000000053657473F0
:10321000207468652063757272656E746C792061C4
:10322000637469766520737472696E67206D6F646C
:10323000756C65006D63000052657475726E732065
:10324000746865206E756D626572206F6620737498
:1032500072696E67206D6F64756C65732064657448
:103260006563746564000000636F6D6D616E647CFE
:103270007573627C68617264776172657C756E6477
:103280006566696E65647C7072696F726974797C59
:103290006572726F727C696E666F72657175657347
:1032A000747C65787072657373696F6E7061727328
:1032B00065727C64656275673A317C30000000009D
:1032C0005475726E73206F6E206F72206F66662069
:1032D00073657269616C20666565646261636B2009
:1032E000666F722074686520676976656E20697400
:1032F000656D0000766572004765747320746865BB
:103300002063757272656E74206669726D77617282
:10331000652076657273696F6E0000006773617077
:1033200000000000536176657320616C6C2061764B
:10333000616C6961626C6520706172616D65746554
:1033400072730000676C6170000000004C6F616474
:103350007320616C6C206176616C6961626C6520C0
:10336000706172616D65746572730000677261707F
:103370000000000052657365747320616C6C2073EB
:103380006176656420706172616D65746572730049
:10339000677576007661726961626C6528302D39D7
:1033A000293A76616C756500536574207573657292
:1033B000207661726961626C6520302D3920746FEE
:1033C0002076616C756500006D63660053657473EB
:1033D000207468652063757272656E74204D49446F
:1033E0004920636F6E66696775726174696F6E00FC
:1033F0006D63666100000000416464732061206EAB
:103400006577204D49444920636F6E666967757220
:103410006174696F6E0000006D63667200000000E9
:1034200052656D6F76652074686520737065636999
:1034300066696564204D49444920636F6E6669671B
:1034400075726174696F6E006D63666300000000E1
:1034500052657475726E7320746865206E756D6246
:103460006572206F66204D49444920636F6E66691E
:103470006775726174696F6E730000006D63666ECC
:103480000000000053657420746865206E616D65EE
:10349000206F6620746865204D49444920636F6E33
:1034A00066696775726174696F6E2028666F722035
:1034B000726571756573742C20617267756D656EC8
:1034C0007420697320696E646578206F6620636F6D
:1034D0006E66696775726174696F6E20746F2072B1
:1034E000657475726E206E616D6520666F7220283E
:1034F0006F7074696F6E616C292900006D657600CC
:103500006E6F74656F6E7C6E6F74656F66667C70CF
:1035100061747C63633A28302D313237297C6361D2
:10352000747C70627C7063005365742074686520DD
:103530004D494449206576656E742068616E646CFF
:10354000696E6720737472696E6720696E20746893
:10355000652063757272656E7420636F6E6669674D
:1035600075726174696F6E006D657663720000003C
:10357000636328302D3132372900000072656D6F8A
:1035800076652043432066726F6D206C697374000A
:103590006D63666400000000526576657274732086
:1035A0007468652063757272656E7420636F6E66F1
:1035B000696775726174696F6E20746F20646566E7
:1035C00061756C742076616C75657320616E642022
:1035D000434373006D7263005365747320746865B0
:1035E000204D4944492072656365697665206368AA
:1035F000616E6E656C206F662074686520637572FD
:1036000072656E7420636F6E666967757261746946
:103610006F6E2E20312D31362073657473207370D8
:10362000656369666963206368616E6E656C2C20F2
:10363000616E79206F746865722076616C756520A3
:10364000666F72204F4D4E49000000006D616E6F35
:1036500000000000436C6561722074686520656E2F
:103660007469726520627566666572206F66204DAA
:10367000494449206E6F7465732068656C6400006E
:1036800061636D006368616E6E656C3A636F6D6D4A
:10369000616E6420737472696E67000053657473A1
:1036A0002074686520636F6D6D616E642073747241
:1036B000696E6720696E766F6B6564207768656EEA
:1036C000207468652076616C7565206F6E204144BA
:1036D00043206368616E6E656C205B6368616E6E2B
:1036E000656C5D206368616E67657300616364008B
:1036F0002D5265766572747320616C6C2041444371
:1037000020636F6D6D616E6420737472696E677390
:1037100020746F2064656661756C742076616C75C9
:103720006573000061646372000000006368616E8D
:103730006E656C3A76616C756500000053656E7459
:10374000207768656E2061206E65772076616C75E4
:10375000652069732070726573656E746564206F8F
:103760006E206F6E65206F6620746865204144434B
:10377000206368616E6E656C732C2063616E6E6F82
:103780007420626520696E766F6B656400000000CE
:1037900061646373000000006368616E6E656C3A7B
:1037A00061766572616765733A696E746572727588
:1037B00070746572726F727468726573686F6C642E
:1037C0003A636F6E74696E756F75736572726F723E
:1037D0007468726573686F6C643A636F6E74696E57
:1037E000756F757374696D656F7574004578706C6D
:1037F00061696E204144432073657474696E677318
:103800002068657265000000657065760000000044
:1038100065787072657373696F6E00004576616CD0
:10382000756174657320616E2061726974686D657D
:10383000747269632065787072657373696F6E2046
:10384000616E642073656E6473206261636B2074C3
:103850006865206F7574707574000000546573742A
:1038600020414443204C6174656E63790000000080
:1038700052657475726E2066726F6D207465737414
:103880000000000074616D6D000000006368616EEF
:103890006E656C004D656173757265206D696E2F84
:1038A0006D61782076616C756520666F722061208D
:1038B000676976656E206368616E6E656C20616E07
:1038C00064207265736574732074686520636F7516
:1038D0006E74657200000000727374005265736547
:1038E00074732074686520456B6461686C20464180
:1038F000522C20636F6E646974696F6E616C000096
:103900005365747320746865206E69636B6E616DB6
:1039100065206F66207468697320756E6974000095
:103920005B000000436F756C646E27742066696EDF
:1039300064206E6F7465200052656D6F76696E67E6
:10394000206E6F74652000005069746368206265A2
:103950006E64206F6E206368616E6E656C2000007F
:10396000537472697070696E672073746172742029
:103970002620656E642071756F7465732066726FA2
:103980006D202D002D0000004552524F52205175E0
:103990006F746520737461727420616E6420656E4B
:1039A0006420646F65736E2774206D6174636800B2
:1039B0000A4C6F6164656420000000002062797425
:1039C0006573206F662064617461000057726F6ECA
:1039D00067206E756D626572206F66206172677513
:1039E0006D656E7473200000536176696E670A001E
:1039F000546F74616C3A2000206279746573000022
:103A00004E756D626572206F7574206F6620626FEF
:103A1000756E647300000000436F6E74726F6C20EB
:103A20006368616E6765206F6E206368616E6E65A6
:103A30006C20000020636F6E74726F6C20000000B9
:103A400050726F6772616D206368616E6765206F89
:103A50006E206368616E6E656C2000002070726F6E
:103A60006772616D20000000416C6C206E6F7465A0
:103A700073206E6F742072656D6F7665642100002F
:103A8000416C6C206E6F746573206F666600000079
:103A9000506F6C794154206F6E206368616E6E6563
:103AA0006C2000002076616C756520007C000000B1
:103AB0003A5B000057726F6E67206E756D626572BB
:103AC000206F6620617267756D656E74730000000B
:103AD00053657474696E67207265706F7274696E75
:103AE00067206F66206E616D652000004368616E1F
:103AF0006E656C4154206F6E206368616E6E656CFC
:103B0000200000006D6F64756C650000646562756F
:103B1000677072696E740000647000005072696EA4
:103B2000742074797065206E6F7420666F756E6492
:103B30000000000076657273696F6E004669726DF1
:103B4000776172652076657273696F6E2063686154
:103B50006E676564212050726576696F7573207693
:103B6000657273696F6E3A200000000076657273AB
:103B7000696F6E3A00000000676C6F62616C75736C
:103B800065727661726961626C6500006775763A8C
:103B9000000000006D6964696576656E7468616E29
:103BA000646C6572000000006E6F74656F6E0000DB
:103BB0006E6F74656F666600636300007061740009
:103BC000706200006361740070630000556E6B6E7C
:103BD0006F776E206576656E742000006D6964698C
:103BE0006576656E7468616E646C65726363726538
:103BF0006D6F7665000000006D657663723A0000B7
:103C0000556E6B6E6F776E2043432000676C6F625A
:103C1000616C73617665616C6C706172616D657405
:103C200065727300677361703A310000676C6F6290
:103C3000616C6C6F6164616C6C706172616D6574F4
:103C400065727300676C61703A310000676C6F6277
:103C5000616C7265736574616C6C706172616D65C5
:103C60007465727300000000677261703A31000081
:103C7000746573746164636C6174656E637900006C
:103C80005374617274696E6720414443206C61749F
:103C9000656E6379207465737400000074657374D5
:103CA0006164636C6174656E637972657475726E5C
:103CB0000000000052657475726E65642066726F54
:103CC0006D20414443206C6174656E637920746596
:103CD000737420696E20000020755300746573743E
:103CE0006164636D696E6D617800000074616D6D73
:103CF0003A0000005374617274696E672041444356
:103D0000206D696E2F6D61782074657374206F6EFD
:103D1000206368616E6E656C200000006D6F6475D5
:103D20006C65636F756E74006D633A006D696469EC
:103D3000636F6E66696775726174696F6E6E616DCF
:103D4000650000006D696469636F6E66696775720E
:103D50006174696F6E000000416464656420636F84
:103D60006E66696775726174696F6E206E6F200090
:103D70006D63663A200000006D696469636F6E666A
:103D8000696775726174696F6E6164640000000038
:103D90006D6366613A0000006D696469636F6E6609
:103DA000696775726174696F6E72656D6F766500B3
:103DB000436F6E66696775726174696F6E206F75A7
:103DC00074206F662072616E6765000043616E6EDD
:103DD0006F742072656D6F766520616C6C20636F07
:103DE0006E66696775726174696F6E7300000000BA
:103DF0006D6366723A0000006D696469636F6E6698
:103E0000696775726174696F6E636F756E740000B7
:103E10006D6366633A00000066726565000000002D
:103E2000667265653A0000006D696469636F6E666D
:103E3000696775726174696F6E64656661756C74CB
:103E4000730000006D6366643A3100006D69646957
:103E5000726563656976656368616E6E656C0000A6
:103E60006D696469616C6C6E6F7465736F66660012
:103E70006D616E6F3A310000616463726561640068
:103E8000616463636F6D6D616E646D6170000000ED
:103E900061646364656661756C7473006163643A40
:103EA0003100000061646373657474696E67730048
:103EB00065787072657373696F6E70617273657225
:103EC0006576616C756174650000000065763A0086
:103ED00065763A200000000072657365740000008A
:103EE0006E69636B00000000556E6B6E6F776E201D
:103EF00073657175656E6365200000003A22426546
:103F00006C6F772069732061206C697374206F6611
:103F1000206176616C6961626C6520636F6D6D61B3
:103F20006E647320676976656E20696E20626F74B7
:103F3000682073686F727420616E64206C6F6E67A6
:103F400020666F726D2C2065697468657220776FCA
:103F5000726B732E20546865206E756D62657220D9
:103F6000616E642074797065287329206F66206102
:103F70007267756D656E747320617265206C69730C
:103F80007465642061667465727761726473206120
:103F90006E64206120627269656620646573637275
:103FA000697074696F6E2E20436F6D6D616E642051
:103FB00075736167653A20636F6D6D616E643A6118
:103FC0007267756D656E74313A617267756D656E95
:103FD0007432205B6574635D220000005B676C6F68
:103FE0005D3A0000436F6D6D616E64206E6F7420EA
:103FF000666F756E64202D0041737369676E696E1C
:1040000067204953523000004E6F2063616C6C6230
:1040100061636B21000000004E6F74652061646471
:1040200065642074776963652121000041646469D7
:104030006E67206E6F7465200000000020286E6F90
:104040007465206E6F200000536574206E6F746578
:10405000000000004E6F74654F6E20776974682011
:104060006E6F7465200000007665723A00000000F3
:104070006E69636B3A000000536176696E67206376
:104080006F6E66696775726174696F6E73000000A8
:104090006D63663A00000000536176696E672063C5
:1040A00076206D617070696E6700000053617669FB
:1040B0006E672063616C6962726174696F6E2064FF
:1040C000617461006D3A302C000000005361766924
:1040D0006E67206861726D6F6E69632073657269C7
:1040E00065730000536176696E67206D7574652095
:1040F0006461746100000000536176696E6720623C
:104100006F7720636F6E74726F6C206461746100EE
:10411000536176696E6720626F7720494F20646132
:1041200074610000536176696E6720736F6C656E11
:104130006F69642064617461000000007378663AFE
:10414000000000007369663A000000005361766960
:104150006E67206163747561746F7220646174614D
:10416000000000006E6F70004D49444920696E697F
:104170007469616C697A65642E000000536574206F
:104180006E6F7465730000004E6F74654F66662035
:1041900077697468206E6F74652000002061742058
:1041A00076656C6F6369747920000000FF00780108
:1041B00080014302880187018C018B0192019101EA
:1041C0009501F601990198019A013D029E01200294
:1041D000A801A701AD01AC01B001AF01B901B8015F
:1041E000BD01BC01BF01F701C601C401C901C7017E
:1041F000CC01CA01DD018E01F301F101F501F401E9
:104200003A02652C3C023B023E02662C420241020D
:1042100053028101540286015602890157028A0124
:1042200059028F015B0290016002930163029401C5
:1042300068029701690296016B02622C6F029C0171
:1042400072029D0175029F017D02642C8002A6010D
:104250008302A9018802AE01890244028A02B101E7
:104260008B02B2018C0245029202B7017B03FD036F
:104270007C03FE037D03FF03AC038603C203A30399
:10428000CC038C03CD038E03CE038F03F203F9031B
:10429000F803F703FB03FA03CF04C0047D1D632C6E
:1042A000511F591F531F5B1F551F5D1F571F5F1F56
:1042B000781FF81F791FF91FB31FBC1FCC1FC31F26
:1042C000E51FEC1FFC1FF31F4E21322184218321A7
:1042D000612C602C762C752C010100040100000477
:1042E000013201010132020101100101011101013C
:1042F000011201020103020601030106011202027A
:10430000020000010202000102010001021000018E
:104310000222000102230001000000000000000052
:104320000221000102200001000000000000000046
:104330000130010101310101010200040103000407
:104340000000000000000000012102010121010124
:104350000000000000000000000000000110020149
:10436000010102010101010101000201010001013D
:1043700001020201010201010019000081D10000C7
:1043800055E300006B1D006074C00F40C0000000CA
:10439000000000000200000050851F4001000000E6
:1043A000FF000000FF00000000000000000000000F
:1043B000010000000200000054851F4001000000C1
:1043C000FF000000FF0000000000000000000000EF
:1043D000FF004000260018007C000000302E3161F4
:1043E00032303235313133303138343935350000FF
:1043F00021007D002B014F02D3038C050607B30774
:10440000F80670041A0091FA05F526F1BEF049F598
:1044100072FFC20E8A2119353D46F7512256F751D7
:104420003D4619358A21C20E72FF49F5BEF026F1CC
:1044300005F591FA1A007004F806B30706078C0513
:10444000D3034F022B017D00210000005B50574D2C
:104450005D2000006100E01AE000E017F800E007CE
:104460000001013032010106390101104A01012E1B
:104470007901010682010104A0010106B3010104D2
:10448000CD010110DE010112F80101282202011202
:104490004602010AAD03DB03B103E011C303E009E7
:1044A000D80301183004E0205004B0106004012249
:1044B0008A040136C104010ED00401446105D026EE
:1044C000001E0196A01E015A001F0808101F0806B2
:1044D000201F0808301F0808401F0806601F080832
:1044E000701F4A02721F5604761F64027A1F700200
:1044F0007C1F7E02801F0808901F0808A01F080864
:10450000B01F0802D01F0802E01F08027021F0103F
:10451000D024E61A302CD02F672C0106802C0164A1
:10452000002D002641FFE01A200000007374617224
:1045300074735769746800002066726F6D496E6409
:1045400065782000203E200073746F6B656E00005C
:1045500020746F6B656E2053616665537472696E6B
:104560006720000020666F7220746F6B656E2027D5
:10457000000000006E657874546F6B656E0000007B
:1045800072656164556E74696C546F6B656E000082
:1045900020776173207061737365642074696D6541
:1045A0006F757420666F7220746865206563686F2C
:1045B0002073657474696E672C206D6574686F6410
:1045C00020666F726D61742069733A2D00000000DF
:1045D00020202072656164546F6B656E556E74693E
:1045E0006C2873747265616D2C746F6B656E2C64CE
:1045F000656C696D69746572732C736B6970546F47
:1046000044656C696D697465722C6563686F4F6E83
:104610002C74696D656F75745F6D732900000000FF
:104620002053616665537472696E67206E656564B8
:1046300073206361706163697479206F66206174AF
:10464000206C6561737420322C206F6E6520636866
:104650006172202B206F6E652064656C696D6974D2
:1046600065720000202D2D20696E707574206C65B8
:104670006E67746820657863656564732063617034
:1046800061636974792000002121204572726F7284
:104690003A000000202D2D207265616420275C30D7
:1046A000272066726F6D2053747265616D2E000055
:1046B0007772697465000000203E2075696E743859
:1046C0005F742A20617267207374726C656E2E00AD
:1046D000207B20007D200000206F6620300000003D
:1046E0004572726F723A20002E63686172417428BD
:1046F0002920696E6465782000000000203E3D207E
:10470000000000002E6C656E6774682829203A202E
:10471000000000007072656669780000206C656EAC
:104720006774682000000000203E20636861722AE0
:1047300020617267207374726C656E2E0000000039
:10474000206F6620275C30270000000072656D6FC7
:104750007665000020636F756E742000202D20693F
:104760006E646578200000002077617320706173AB
:104770007365642061204E554C4C20706F696E74D7
:10478000657220666F722064656C696D697465720C
:10479000730000002077617320706173736564207B
:1047A0006120656D707479206C697374206F662068
:1047B00064656C696D697465727300005361666548
:1047C000537472696E6720636C65616E5570206406
:1047D0006574656374656420627566666572206FD2
:1047E00076657272756E2062792065787465726E76
:1047F000616C20636F64652E00000000636F6D7054
:10480000617265546F0000002077617320706173DE
:104810007365642061204E554C4C20706F696E7436
:10482000657200004572726F723A00002E736574F3
:1048300043686172417428002C275C3027293B00B3
:104840002053657474696E67206368617261637474
:10485000657220746F20275C3027206E6F74206192
:104860006C6C6F7765642E002E736574436861729B
:104870004174282920696E646578200020496E7093
:104880007574206172672077617320270000000033
:10489000737562737472696E6700000020536166FD
:1048A00065537472696E670020626567696E49645A
:1048B00078203E20656E64496478200020656E642F
:1048C000496478203E206C656E6774682829200052
:1048D00020726573756C74205361666553747269D8
:1048E0006E6700004572726F723A20635346412032
:1048F0002F206372656174655361666553747269D4
:104900006E6746726F6D4368617241727261792899
:10491000000000002C202E2E2E292073697A656F4E
:10492000662863686172417272617929203D3D2079
:1049300073697A656F6628636861722A292E200A76
:10494000436865636B20796F7520617265207061C3
:104950007373696E67206120636861725B5D2074A8
:104960006F20637265617465536166655374726923
:104970006E6746726F6D4368617241727261792031
:104980004F522075736520636861725B355D206FDF
:1049900072206C617267657220636C65617220744D
:1049A000686973204572726F720A2020546F2077F5
:1049B000726170206120636861722A2075736520BE
:1049C00065697468657220637265617465536166B8
:1049D00065537472696E6746726F6D436861725099
:1049E0007472282E2E292C2063534650282E2E29EF
:1049F000206F7220637265617465536166655374DC
:104A000072696E6746726F6D436861725074725757
:104A100069746853697A65282E2E292C20635346C1
:104A20005053282E2E2029004572726F723A20634F
:104A3000726561746553616665537472696E674629
:104A4000726F6D43686172417272617957697468FF
:104A500053697A65280000002C202E2E2E2C203041
:104A6000292077617320706173736564207A6572A1
:104A70006F2070617373656420666F72206172725B
:104A800061792073697A65004572726F723A2063AA
:104A9000726561746553616665537472696E6746C9
:104AA000726F6D4368617241727261792800000013
:104AB0002C202E2E2E2920706173736564206120B6
:104AC0007A65726F206C656E6774682061727261BE
:104AD000790000004572726F723A20536166655327
:104AE0007472696E672800002C202E2E2E292077E4
:104AF0006173207061737365642061204E554C4C66
:104B000020706F696E74657220666F7220697473AD
:104B10002063686172206172726179002C202E2EF0
:104B20002E29207761732070617373656420612082
:104B30004E554C4C20706F696E74657220666F72B2
:104B400020696E697469616C2076616C75652E00F0
:104B50002C202E2E2E29207265717565737420739A
:104B6000697A653A000000002065786365656473C2
:104B700020617661696C61626C65206D656D6F7234
:104B8000792E2052657475726E696E67207A65722F
:104B90006F20636170616369747920536166655346
:104BA0007472696E672E00002C202E2E2E29206E26
:104BB00065656473206361706163697479206F66F1
:104BC0002000000020496E697469616C2076616C78
:104BD00075652061726720776173202700000000EF
:104BE0004572726F723A20637265617465536166D3
:104BF00065537472696E6746726F6D436861725077
:104C000074725769746853697A6528002C202E2EB7
:104C10002E292070617373656420756E7465726DE2
:104C2000696E6174656420627566666572206F6680
:104C3000207374726C656E203E3D000020547275C6
:104C40006E63617465642076616C7565207361764E
:104C50006564206973202700736574757050574D23
:104C60003A20466C657854696D65723120616C72CA
:104C70006561647920757365642050574D204672D4
:104C8000657175656E6379203D000000736574750C
:104C90007050574D3A20466C657854696D65723294
:104CA00020616C726561647920757365642050576A
:104CB0004D204672657175656E6379203D00000078
:104CC000736574757050574D3A20466C6578546919
:104CD0006D65723320616C726561647920757365EE
:104CE000642050574D204672657175656E6379205A
:104CF0003D000000736574757050574D3A20466C46
:104D0000657854696D65723420616C72656164798F
:104D100020757365642050574D2046726571756526
:104D20006E6379203D000000736574757050574DB7
:104D30003A205175616454696D65723120616C72FD
:104D40006561647920757365642050574D20467203
:104D5000657175656E6379203D000000736574753B
:104D60007050574D3A205175616454696D657232C7
:104D700020616C7265616479207573656420505799
:104D80004D204672657175656E6379203D000000A7
:104D9000736574757050574D3A205175616454694C
:104DA0006D65723320616C7265616479207573651D
:104DB000642050574D204672657175656E63792089
:104DC0003D000000736574757050574D3A20517561
:104DD000616454696D65723420616C7265616479D7
:104DE00020757365642050574D2046726571756556
:104DF0006E6379203D0000004175746F2073687503
:104E000074646F776E206F66206D6F746F72000030
:104E10004175746F2073687574646F776E206F6668
:104E2000206D6F746F722064632F646320636F6EF4
:104E300076657274657200004E65772073686966E6
:104E4000746564206672657175656E637920697337
:104E5000200000005265616368656420656E6761CB
:104E60006765000053657474696E672070726573BE
:104E70007375726520737065656420746F20736C40
:104E80006F77000053657474696E67207072657384
:104E90007375726520737065656420746F2068692E
:104EA000676800004861726D6F6E6963206C69739A
:104EB0007420656D7074792100000000536574746E
:104EC000696E67206861726D6F6E696320646174DA
:104ED0006120746F200000002040206672657175AB
:104EE000656E63792000000043757272656E7420F0
:104EF00066726571200000002073686966746564DD
:104F000020667265712000002073686966746564AC
:104F100020667265712035206F6374617665732039
:104F200000000000486F6C6420000000626368624B
:104F30006E3A000062636873723A000062706573D3
:104F40003A00000062706D733A000000626D743ABE
:104F5000000000006268733A000000004C6F6F6B45
:104F6000696E6720666F7220272C27204020000082
:104F7000466F756E6420646F75626C652071756F25
:104F8000746520737461727420402000466F756EE2
:104F90006420646F75626C652071756F746520653F
:104FA0006E64204020000000446F75626C652071C3
:104FB000756F746520666F756E642061742062651C
:104FC00067696E6E696E67206F6620636F6D6D61D5
:104FD0006E642C20616476616E63696E6720636F16
:104FE0006D6D616E6420737461727420616E6420F3
:104FF00073657474696E6720666C616700000000F9
:1050000053696E676C652071756F746520666F7586
:105010006E6420617420626567696E6E696E6720D8
:105020006F6620636F6D6D616E642C2061647661C4
:105030006E63696E6720636F6D6D616E642073745B
:1050400061727420616E642073657474696E672088
:10505000666C616700000000466F756E6420272C47
:10506000272040200000000051756F746520666F96
:10507000756E6420617420656E64206F6620636FB6
:105080006D6D616E642C20726576657274696E67F1
:1050900020636F6D6D616E6420656E6400000000BA
:1050A0004E657720737472696E672066726F6D202B
:1050B000000000004372656174696E6720636F6D64
:1050C0006D616E6420737472696E67200000000069
:1050D000466F756E642073696E676C652071756FBD
:1050E00074652073746172742040200027000000F2
:1050F000466F756E642073696E676C652071756F9D
:10510000746520656E64204020000000436F6D6D63
:10511000616E642073657175656E636520000000C3
:105120006E657700496E73657274696E67206E658F
:1051300077206163747561746F72000052656D6FE2
:105140007665642061637469766520626F7720619B
:1051500063747561746F722C207265736574746901
:105160006E6720746F206163747561746F72203094
:1051700000000000426F77206163747561746F7284
:1051800020696E646578206F7574206F6620726187
:105190006E6765206279206F6E652C20616464699A
:1051A0006E6720626F7720696E646578000000008A
:1051B000426F77206163747561746F7220696E64E9
:1051C0006578206F7574206F662072616E67652048
:1051D0006279206D6F7265207468616E206F6E65F4
:1051E000000000006261643A0000000062613A0061
:1051F0004361726420697320746F6F20736D616CFA
:105200006C2E0D0A00000000466F726D6174204420
:105210006F6E650D0A000000466F726D6174204666
:1052200061696C65640D0A0042616420636C75738A
:1052300074657220636F756E740D0A007365745027
:105240006F736974696F6E3A2077616E74546F4D35
:105250006F7665546F2000005061737420686F6D25
:10526000696E67207377697463682C207265737543
:105270006D696E6720686F6D65203A207374657084
:1052800049442000417420686F6D696E6720737710
:10529000697463682C206D6F76696E672070617326
:1052A00074203A207374657049442000496E746517
:1052B000727275707420696E6869626974656420C1
:1052C0006265636175736520696E7465727275706D
:1052D0007444726976656E200000000020616E647F
:1052E00020696E6869626974496E7465727275705E
:1052F00074200000476F7420706F736974696F6E5B
:10530000200000002073686F756C6420686176650A
:1053100020706F736974696F6E2000002065646788
:105320006520000020646972656374696F6E2000F7
:10533000206D6F76696E67546F200000202D20432A
:105340006F7272656374696E67203A20737465705A
:1053500049442000546869732073686F756C642039
:105360006265636F6D6520612070726F626C656D40
:10537000203A207374657049442000004552524F12
:10538000522120646972656374696F6E2C206375A5
:105390007272656E745374657020616E64206D6FF7
:1053A00076696E67546F20646F6573206E6F74202A
:1053B0006D61746368212100757064617465506F5C
:1053C000736974696F6E4D6F76653A206D6F76699B
:1053D0006E6720746F20746172676574200000002E
:1053E0002063757272656E7420737465702000009E
:1053F000757064617465506F736974696F6E4D6F19
:1054000076653A20726561636865642074617267CD
:1054100065742000757064617465506F7369746998
:105420006F6E4D6F76653A207265616368656420C2
:105430007475726E41726F756E640000486F6D69AD
:105440006E67207061737420737465707320746864
:10545000726573686F6C642C20726576657274690E
:105460006E67206261636B20746F20737769746369
:1054700068203A2073746570494420005365747441
:10548000696E6720666972737420686F6D696E67F4
:1054900020726973696E6720706F696E74200000F6
:1054A0005B6669727374686F6D65726973696E6744
:1054B0005D204E65787420646972656374696F6EEF
:1054C00020697320000000002C20646972656374F9
:1054D000696F6E20696E76657273696F6E2069738D
:1054E0002000000053657474696E672066697273EA
:1054F0007420686F6D696E672066616C6C696E6799
:1055000020706F696E74200053657474696E672033
:105510007365636F6E6420686F6D696E6720726972
:1055200073696E6720706F696E7420005365636FD6
:105530006E6420686F6D65206F7665727374657038
:1055400020000000446F6E65206F766572207374D2
:10555000657070696E672C20676F696E6720746F65
:10556000206E6578742073746570203A20737465BA
:1055700070494420000000005B7365636F6E6468CF
:105580006F6D6566616C6C696E675D204E657874E1
:1055900020646972656374696F6E2069732000000E
:1055A00053657474696E67207365636F6E642068F9
:1055B0006F6D696E672066616C6C696E6720706FD5
:1055C000696E7420000000004D6F76696E672121BE
:1055D00021204E6F7420686F6D696E6700000000B7
:1055E000486F6D696E6720646972656374696F6E78
:1055F0002000000020686F6D696E6720737065651C
:10560000642072200000000020686F6D696E6720C2
:1056100073706565642066200000000020686F6D6F
:10562000696E67206F66732E206469722E200000F9
:105630004F6E20686F6D696E672073776974636859
:105640002C206D6F76696E67203A207374657049FF
:1056500044200000446973656E676167696E672066
:10566000736F6C656E6F69640000000068656C7034
:10567000000000003A22546865736520636F6D6D09
:10568000616E647320617265207370656369666919
:105690006320666F72207468652063757272656E30
:1056A000746C792073656C656374656420737472BF
:1056B000696E67206D6F64756C6522005B73747230
:1056C0005D3A000072657175657374696E666F008E
:1056D000626F776163747561746F7200626F776176
:1056E00063747561746F7273617665006261733A99
:1056F00000000000626F776163747561746F72649B
:1057000061746100626F776163747561746F726355
:105710006F756E74000000006261633A0000000063
:10572000626F776163747561746F7272656D6F76A5
:10573000650000006261723A000000006D757465DA
:10574000736574706F736974696F6E006D73703A0E
:10575000000000006D75746566756C6C6D75746520
:10576000000000006D666D3A310000006D757465D3
:1057700068616C666D757465000000006D686D3A57
:10578000310000006D75746572657374000000006F
:105790006D723A31000000006D7574657361766555
:1057A00066756C6C000000006D73663A3100000095
:1057B0006D7574657361766568616C6600000000E4
:1057C0006D73683A310000006D75746573617665BC
:1057D00072657374000000006D73723A310000004E
:1057E0006D75746566756C6C6D757465706F7369D5
:1057F00074696F6E000000006D75746568616C6699
:105800006D757465706F736974696F6E0000000068
:105810006D75746572657374706F736974696F6E9A
:10582000000000006D7574657375737461696E00B6
:105830006D733A006D7574656261636B6F666600C7
:105840006D757465686F6D65000000006D75746539
:10585000686F6D653A6572726F7200006D75746580
:10586000686F6D653A6F6B006D75746563616C6927
:1058700062726174650000006D63613A6572726FF7
:10588000720000006D63613A6F6B0000626F7773A6
:1058900074617475730000005365742066726571DD
:1058A00075656E637920000020487A2C2000000086
:1058B00052656164206672657175656E637920005A
:1058C0002050206761696E20000000002049206799
:1058D00061696E20000000002044206761696E202D
:1058E000000000002069676E6F72652062656C6F52
:1058F00077200000206D6178206572726F72200041
:10590000626F7764656275676D65617375726574E2
:10591000696D65746F746172676574007069636B3B
:105920007570737472696E676672657175656E63A2
:10593000790000007073663A000000007073663AE8
:10594000203000007069636B7570617564696F70F9
:1059500065616B007061703A000000007069636BF4
:105960007570617564696F726D7300007061723A71
:1059700000000000626F776D6F746F726672657100
:1059800075656E6379000000626D663A0000000084
:10599000626F777069647065616B6572726F7200B7
:1059A0006270706572723A006E6F6F7065726174CA
:1059B000696F6E00623A0000626F77636F6E747297
:1059C0006F6C6672657175656E6379006263663AC5
:1059D00000000000626F776D6F746F7272756E00F9
:1059E000626D723A00000000626F777069640000B7
:1059F000627069643A000000626F77636F6E747260
:105A00006F6C6861726D6F6E696300006263683A03
:105A1000000000004552524F522073657474696E45
:105A200067206861726D6F6E696320746F2000007B
:105A3000626F77636F6E74726F6C6861726D6F6E98
:105A40006963616464000000626368613A00000099
:105A50004552524F522073657474696E67206861B5
:105A6000726D6F6E69632061646420746F20000042
:105A7000626368623A000000733A0000736F6C65FD
:105A80006E6F6964656E67616765000073653A00F3
:105A9000736F6C656E6F6964646973656E67616767
:105AA0006500000073643A00736F6C656E6F696423
:105AB000656E676167656475726174696F6E000019
:105AC0007365643A00000000626F777072657373EB
:105AD000757265626173656C696E65006270623AC9
:105AE00000000000626F7770726573737572656D88
:105AF0006F6469666965720062706D3A000000004B
:105B0000626F777072657373757265726573740016
:105B10006270723A00000000626F77707265737392
:105B2000757265656E676167650000006270653A51
:105B300000000000626F777072657373757265683C
:105B40006F6C64006270683A00000000626F776DED
:105B50006F746F72706F776572000000626D703ADB
:105B600000000000626F77636F6E74726F6C737009
:105B70006565646D6F64650062636D733A00000073
:105B8000626F77636F6E74726F6C6861726D6F6E47
:105B9000696373686966740062636873683A0000D9
:105BA000626F77636F6E74726F6C6861726D6F6E27
:105BB0006963736869667435000000006263687326
:105BC000353A0000626F777069646B69000000000D
:105BD000626F777069646B7000000000626F7770AD
:105BE00069646B6400000000626F77706964720022
:105BF000526573657474696E6720504944000000F3
:105C0000626F77706964696E7465677261746F72D0
:105C10006572726F72000000626F77636F6E7472EC
:105C20006F6C66756E64616D656E74616C0000000A
:105C3000626F7763616C696272617465616C6C003C
:105C40006263613A6F6B00006263613A6572726F02
:105C500072000000626F7763616C696272617465E3
:105C60007072657373757265000000006263703A4C
:105C70006572726F720000006263703A6F6B0000B1
:105C8000626F7763616C6962726174657370656578
:105C9000640000006263733A6572726F7200000004
:105CA0006263733A6F6B0000626F7763616C696265
:105CB00072617465737065656470696400000000EA
:105CC00046696E64696E67206D696E2F6D6178201C
:105CD0007370656564207769746820746865205006
:105CE00049440000626F777069646D617865727213
:105CF0006F72000062706D653A000000626F776D30
:105D00006F746F7274696D656F757400626F776D13
:105D10006F746F7273706565646D61780000000068
:105D2000626F776D6F746F7273706565646D696EA5
:105D300000000000626F776D6F746F726D696E693D
:105D40006E65727469616C70776D0000626D6D696B
:105D5000703A0000626D69703A000000626F7770FF
:105D600072657373757265706F736974696F6E6D48
:105D700061780000627070783A000000626F77709E
:105D800072657373757265706F736974696F6E6530
:105D90006E67616765000000627070653A00000020
:105DA000626F777072657373757265706F73697403
:105DB000696F6E7265737400627070723A000000F1
:105DC000626F776861726D6F6E6963736572696522
:105DD000730000004861726D6F6E6963206C6973B7
:105DE0007420646F65736E277420657869737420FE
:105DF00000000000626F776861726D6F6E69637397
:105E0000657269657364617461000000626873643F
:105E1000000000004861726D6F6E696320736572E7
:105E2000696573206F7574206F662072616E676597
:105E30000000000053657474696E67206861726DBC
:105E40006F6E696320736572696573206461746144
:105E50003A00000043757272656E74206861726D5D
:105E60006F6E696320736572696573206973207A48
:105E700065726F2C2072656C6F6164696E670000DB
:105E8000626F776861726D6F6E6963736572696561
:105E900073726174696F0000626873723A00000087
:105EA000626F776861726D6F6E6963736572696541
:105EB00073726174696F72656D6F766500000000C2
:105EC00043616E6E6F742072656D6F766520616CD4
:105ED0006C206861726D6F6E6963730062687372C3
:105EE000723A0000626F776861726D6F6E696373FA
:105EF0006572696573636F756E74000062687363C1
:105F00003A000000626F776861726D6F6E6963734B
:105F1000657269657373617665000000626873730A
:105F20003A000000626F776861726D6F6E6963732B
:105F3000657269657372656D6F766500417474652D
:105F40006D7074696E6720746F2072656D6F766511
:105F5000206C697374200000626873726D3A0000EF
:105F6000626F776D6F746F72766F6C7461676500C6
:105F7000626F776D6F746F7263757272656E7400A5
:105F8000626D633A00000000626F77636F6E747237
:105F90006F6C6861726D6F6E6963626173656E6F5D
:105FA00074650000626F776D6F746F7263757272E3
:105FB000656E746C696D697400000000626D636CDD
:105FC0003A000000626D636C00000000626F776D44
:105FD0006F746F72706F7765726C696D69740000B1
:105FE000626D706C3A000000626F776D6F746F7253
:105FF0006661756C74636F6D6D616E647300000033
:10600000626D66633A000000626F776D6F746F7245
:106010006F766572706F776572636F6D6D616E64B8
:1060200073000000626D6F70633A0000626F776DFD
:106030006F746F72656D657267656E637973746F87
:1060400070000000626D65733A000000454D4552D6
:1060500047454E43592053544F502120436F6F6C96
:10606000696E6720646F776E20666F722000000093
:10607000206D7300626F77636F6E74726F6C68610E
:10608000726D6F6E6963736869667472616E67655D
:1060900000000000736F6C656E6F69646D617866F7
:1060A0006F726365000000007366783A00000000BC
:1060B000736F6C656E6F69646D696E666F72636530
:1060C00000000000736F6C656E6F6964666F7263C9
:1060D000656D756C7469706C6965720073666D3A94
:1060E00000000000626F7770726573737572656D82
:1060F0006F64756C6174696F6E73706565640000C0
:10610000626F777072657373757265656E676167CC
:106110006573706565640000626F77686F6D650018
:10612000626F77686F6D653A6572726F720000001A
:10613000626F77686F6D653A6F6B0000626D723ADF
:10614000302C6270723A3100626D723A302C62709B
:10615000723A312C626D65733A3130303000000094
:1061600050494420546172676574206F7574206FC4
:10617000662072616E6765210000000053657474CB
:10618000696E672050494420746172676574207499
:106190006F200000436F756C646E27742067657410
:1061A00020746F2074617267657420737065656414
:1061B00020696E2074696D65202872656163686569
:1061C0006420000020486572747A2900476F696E68
:1061D000672066726F6D2000202D3E2000000000B9
:1061E00020696E20000000002C206F7665727368B5
:1061F0006F6F7420000000002C20756E6465727350
:10620000686F6F742000000062706B693A000000D4
:1062100062706B703A00000062706B643A000000BC
:10622000627069653A0000005374617274696E6748
:10623000206D757465207374616C6C2063616C698A
:1062400062726174696F6E0045646765206465748D
:10625000656374696F6E206661696C656420776937
:10626000746820656467652000000000486F6D69F0
:106270006E672073656E7365206368616E67656421
:1062800020746F20000000002073746570206E6F12
:1062900020000000486F6D696E6720706F696E7432
:1062A00020697320617420002064696666657265E8
:1062B0006E63652069732000206D616B696E6720D5
:1062C000746865206D617820706F736974696F6E92
:1062D000200000004661696C656420617420676F6E
:1062E000696E6720746F206D6178207072657373BA
:1062F000757265005374617274696E6720617420F1
:106300006D6178207769746820686F6D696E6720A9
:1063100073656E73652000005374617274696E67F3
:1063200020746865206D757465206C6576656C20D9
:1063300063616C6962726174696F6E0053696C6548
:106340006E6365206C6576656C2069732073657477
:1063500020746F200000000053696C656E63652037
:106360006C6576656C20697320746F6F206869674F
:106370006821000053657474696E672074696C74D9
:1063800020746F200000000057616974696E6720F7
:10639000666F7220507265737375726520736574D1
:1063A00074696E6720746F2066696E6973682E0069
:1063B000506175736520666F722061206C6974741A
:1063C0006C652E2E000000005374617274696E6754
:1063D0002066756E64616D656E74616C206C6576A7
:1063E000656C20746573742C206E65656420746F11
:1063F000207265616368200046756E64616D656E2C
:1064000074616C206C6576656C2000005069636B6C
:10641000757020766F6C756D6520746F6F206C6F72
:10642000772100005069636B75702066756E64613A
:106430006D656E74616C20616D706C7469756465F6
:1064400020697320000000004C6576656C20000018
:1064500020617420706F736974696F6E2000000092
:106460004572726F722066696E64696E67206D7521
:106470007465206C6576656C0000000046756C6C78
:10648000206D7574652073657420617420000000B0
:1064900046696E6973686564206C6576656C207307
:1064A00065740000626F77707265737375726568EA
:1064B0006F6C643A626F6F6C2876616C7565290049
:1064C0006D696469616C6C6E6F7465736F66663A52
:1064D0003100000064656661756C74006D3A302CA3
:1064E000623A302C6270723A69626F6F6C286E6F1C
:1064F0007465636F756E74292C6263736D3A300036
:106500006D3A302C623A302C626368623A6E6F7476
:10651000652C626D723A312C627069643A312C627A
:1065200070653A312C73653A2876656C6F636974CF
:10653000792A353132292A28312D6E6F7465636FBF
:10654000756E74292C6263736D3A30006D3A302C8D
:10655000623A302C62706D3A28707265737375728E
:10656000652A3531322900006D3A302C623A302CE0
:1065700062636873683A70697463682A3400000063
:106580006D72633A000000006D63666E3A000000B1
:106590006D65763A6E6F74656F66663A000000004E
:1065A0006D65763A6E6F74656F6E3A006D65763A1A
:1065B0007061743A000000006D65763A70633A00CD
:1065C0006D65763A6361743A000000006D65763A55
:1065D00070623A006D65763A63633A00626368619F
:1065E0003A76616C75652F313332372E3731363656
:1065F00036372D323000000062636873353A22640A
:1066000065616462616E642876616C75652D3332F4
:106610003233362C203230292F322E3432352200BC
:1066200062636873683A226465616462616E6428BB
:106630002876616C75652D3332363030292A302E3C
:1066400034393036342C2032353029220000000015
:106650006270623A76616C756500000073653A7627
:10666000616C756500000000626D723A626F6F6C5C
:106670002876616C75652D3130303030292C627090
:1066800069643A312C6263736D3A302C6270653AFA
:10669000626F6F6C2876616C75652D3130303030EB
:1066A000292C6270723A69626F6F6C2876616C7522
:1066B000652D3130303030292C6270683A69626F54
:1066C0006F6C2876616C75652D3130303030290063
:1066D00073666D3A226465616462616E6428312F6D
:1066E00036353533352A76616C75652C302E303071
:1066F000322922006D73703A76616C756500000076
:1067000061636D3A00000000616463733A00000049
:10671000547279696E6720746F207265696E69744E
:1067200069616C697A6520636F6E74726F6C206248
:106730006F7800004E657720646174612028000046
:1067400029206F6E20414443206368616E6E656C42
:106750002000000075530000616463723A0000007D
:1067600074616C72000000004E6F206461746120DF
:106770006F6E204144533221000000004461746177
:10678000206368616E676564206F6E2041445331F9
:106790002C206368616E6E656C2000004E6F206473
:1067A000617461206F6E2041445321004661696C21
:1067B000656420746F20696E697469616C697A65BB
:1067C000204144532E0000004661696C65642074CA
:1067D0006F20696E697469616C697A652041445300
:1067E0003200000041445320496E697469616C694C
:1067F0007A65640042756666657265644F7574708B
:106800007574204572726F723A206E6565642074EB
:106810006F2063616C6C20636F6E6E656374282EED
:106820002E2920666972737420696E2073657475F1
:1068300070282900617661696C61626C65466F72CF
:10684000577269746528292072657475726E732099
:1068500030000000596F75206E65656420746F20EC
:10686000757365207468652020627566666572655B
:10687000644F75747075742E636F6E6E65637428E3
:1068800073747265616D2C206261756472617465E8
:106890002920746F20737065636966792074686558
:1068A000206261756472617465000000616E64202D
:1068B0006164642065787472612063616C6C73201C
:1068C000746F206E657874427974654F75742829E9
:1068D000206173206F6E6C79206F6E652062797411
:1068E000652069732072656C6561736564206561FC
:1068F00063682063616C6C2E000000007E7E0D0AD0
:10690000000000007E7E0A00596F75206E65656488
:1069100020746F20737065636966792061206E6FE3
:106920006E2D7A65726F20492F4F20626175645217
:106930006174650042756666657265644F75747052
:106940007574204572726F723A20636F6E6E656364
:10695000742873747265616D2C6261756452617420
:106960006529206E6565647320612075696E7433D6
:10697000325F742062617564526174652076617261
:106980006961626C65203C2031333030303030300A
:106990000000000041766572616765467265713A74
:1069A000206572726F722C2064617461206F75743F
:1069B000206F662072616E67652000002077697421
:1069C00068206461746120706F696E7473200000C8
:1069D00053657269657320002C2000004176657252
:1069E000616765467265713A206572726F722C201C
:1069F0006E6F7420656E6F75676820706F696E7456
:106A00002073746F7265642E00000000456D65721E
:106A100067656E63792064697361626C65212053D8
:106A2000657474696E6720636F6F6C20646F776E36
:106A300020746F2000000000436F6F6C646F776EEE
:106A4000206576656E74206174200000207769747B
:106A500068206475726174696F6E20002C20637504
:106A60007272656E742074696D652000436F6F6C7F
:106A700020646F776E206576656E74207061737325
:106A800065642C20726573657474696E670000001C
:106A9000436F6F6C20646F776E206576656E74202F
:106AA000696E206566666563742C2069676E6F7217
:106AB000696E670044657669636520697320746F49
:106AC0006F20736D616C6C0D0A0000005772697461
:106AD000696E6720464154200000000057726974B7
:106AE000696E6720757063617365207461626C659F
:106AF0000D0A000057726974696E6720726F6F74B7
:106B00000D0A0000466F726D617420646F6E650D32
:106B10000A000000466F726D6174206661696C65E1
:106B2000640D0A00455846415400000053616665F3
:106B3000537472696E675265616465722045727242
:106B40006F723A206E65656420746F2063616C6CAF
:106B500020636F6E6E656374282E2E2E293B20668F
:106B60006972737420696E207365747570282900CA
:106B7000212120496E7075742065786365656465B0
:106B800064206275666665722073697A652E20538B
:106B90006B697070696E6720496E707574207570CE
:106BA000746F206E6578742064656C696D697465B6
:106BB000722E0A00626873643A0000002C00000024
:106BC0002A2A2A2A2A2A2A2A2A2A2A2A2A2A2A2A25
:106BD0002A2A2A2A2A2A2A2A2A00000067657453A8
:106BE000657474696E677328290000007365747496
:106BF000696E67732E69735F636F6D6D756E696320
:106C00006174696E67203D20000000007365747434
:106C1000696E67732E69735F7365747570203D20AC
:106C20000000000073657474696E67732E736F667D
:106C300074776172655F656E61626C6564203D208A
:106C40000000000073657474696E67732E6D69636C
:106C5000726F73746570735F7065725F7374657063
:106C6000203D200073657474696E67732E696E76BB
:106C7000657273655F6D6F746F725F64697265636F
:106C800074696F6E5F656E61626C6564203D2000A3
:106C900073657474696E67732E737465616C746860
:106CA0005F63686F705F656E61626C6564203D2034
:106CB0000000000073657474696E67732E737461ED
:106CC0006E647374696C6C5F6D6F6465203D200049
:106CD0006E6F726D616C00006672656577686565E0
:106CE0006C696E67000000007374726F6E675F629C
:106CF00072616B696E6700006272616B696E67003A
:106D000073657474696E67732E6972756E5F7065F2
:106D10007263656E74203D2000000000736574741A
:106D2000696E67732E6972756E5F726567697374D9
:106D300065725F76616C7565203D200073657474C3
:106D4000696E67732E69686F6C645F7065726365E6
:106D50006E74203D2000000073657474696E677363
:106D60002E69686F6C645F72656769737465725FC2
:106D700076616C7565203D200000000073657474B9
:106D8000696E67732E69686F6C6464656C61795FA6
:106D900070657263656E74203D20000073657474C5
:106DA000696E67732E69686F6C6464656C61795F86
:106DB00072656769737465725F76616C7565203D95
:106DC0002000000073657474696E67732E617574BA
:106DD0006F6D617469635F63757272656E745F7302
:106DE00063616C696E675F656E61626C6564203DAE
:106DF0002000000073657474696E67732E6175748A
:106E00006F6D617469635F6772616469656E745FF9
:106E100061646170746174696F6E5F656E61626CEC
:106E20006564203D2000000073657474696E6773AB
:106E30002E70776D5F6F6666736574203D2000006D
:106E400073657474696E67732E70776D5F677261B6
:106E50006469656E74203D200000000073657474E1
:106E6000696E67732E636F6F6C5F737465705F65B7
:106E70006E61626C6564203D20000000736574746F
:106E8000696E67732E616E616C6F675F6375727296
:106E9000656E745F7363616C696E675F656E616276
:106EA0006C6564203D20000073657474696E6773BF
:106EB0002E696E7465726E616C5F73656E73655F6B
:106EC0007265736973746F72735F656E61626C650E
:106ED00064203D2000000000686172647761726583
:106EE00044697361626C656428290000686172649A
:106EF000776172655F64697361626C6564203D20CF
:106F0000000000006765745374617475732829006C
:106F10007374617475732E6F7665725F74656D70CE
:106F2000657261747572655F7761726E696E6720F4
:106F30003D2000007374617475732E6F7665725F07
:106F400074656D70657261747572655F7368757470
:106F5000646F776E203D20007374617475732E73B7
:106F6000686F72745F746F5F67726F756E645F6174
:106F7000203D20007374617475732E73686F727492
:106F80005F746F5F67726F756E645F62203D200093
:106F90007374617475732E6C6F775F736964655F6A
:106FA00073686F72745F61203D20000073746174B8
:106FB00075732E6C6F775F736964655F73686F724A
:106FC000745F62203D2000007374617475732E6FCE
:106FD00070656E5F6C6F61645F61203D2000000032
:106FE0007374617475732E6F70656E5F6C6F61641E
:106FF0005F62203D200000007374617475732E6F12
:107000007665725F74656D70657261747572655FC7
:1070100031323063203D20007374617475732E6FBC
:107020007665725F74656D70657261747572655FA7
:1070300031343363203D20007374617475732E6F97
:107040007665725F74656D70657261747572655F87
:1070500031353063203D20007374617475732E6F79
:107060007665725F74656D70657261747572655F67
:1070700031353763203D20007374617475732E635E
:10708000757272656E745F7363616C696E67203DC3
:10709000200000007374617475732E737465616CE5
:1070A00074685F63686F705F6D6F6465203D20007A
:1070B0007374617475732E7374616E647374696C28
:1070C0006C203D20000000005374617274696E678B
:1070D00020686F6D65000000486F6D6564000000FA
:1070E000486F6D696E67204641494C454421000058
:1070F0004261636B696E67206F6666206D757465AB
:1071000000000000536176696E67206D757465201C
:1071100066756C6C20617320000000005361766915
:107120006E67206D7574652068616C6620617320E0
:107130000000000053657474696E67206D75746596
:107140002074696C7420746F200000002C20667518
:107150006C6C206D75746520706F736974696F6EE7
:10716000200000006D666D703A0000006D686D7063
:107170003A0000006D72703A000000006D626F3AD4
:1071800000000000536176696E67206D757465209C
:10719000726573742061732000000000536574747D
:1071A000696E6720737465707065722074696C74A1
:1071B00020746F2000000000626D763A000000002D
:1071C0006CC00F40030000000E0D0000CDB60000A3
:1071D000220000001400000001000000F4841F40A1
:1071E000230000001400000001000000F8841F408C
:1071F000250000001400000001000000F0841F4082
:10720000240000001400000001000000EC841F4076
:107210006CC00F4030000000100F0000CDB6000021
:1072200001000000170000000000000014851F404E
:107230001A000000120000000100000018851F4025
:107240001B000000120000000100000010851F401C
:107250000000000017000000010000000C851F4026
:107260006CC00F40C0000000504F0000A9B70000E4
:107270000C000000130000000000000024851F40E7
:107280000B000000130000000000000028851F40D4
:107290000D000000130000000000000020851F40CA
:1072A0000A00000013000000010000001C851F40C0
:1072B00056616C756520000020616E642061766502
:1072C0007261676520000000206F76657220746827
:1072D000726573686F6C642000000000436F6E7409
:1072E000696E756F75732064617461206368616E87
:1072F0006765206F636375726564206174200000A8
:10730000206D732077686963682069732062656CFB
:107310006F772074686520636F6E74696E756F7522
:107320007354696D656F7574206F662000000000EE
:10733000206D732E54686520646174612069732028
:1073400061626F76652074686520636F6E74696E24
:10735000756F75734572726F725468726573686F7A
:107360006C64206F662000002E20546865206E65D6
:107370007720646174612069732000002077686958
:107380006C6520746865206F6C6420646174612092
:107390007761732000000000412064617461206304
:1073A00068616E6765206F636375726564206166EE
:1073B00074657220746865206572726F72546872A9
:1073C0006573686F6C642074696D652C20746865E2
:1073D00020646174612064696420737572706173E4
:1073E000732074686520696E746572727570746557
:1073F000644572726F725468726573686F6C642052
:107400006F66200045676167696E6720736F6C6502
:107410006E6F6964207769746820666F7263652097
:10742000000000007465726D696E617465206361AF
:107430006C6C6564207265637572736976656C79CE
:107440000A0000007465726D696E61746520636185
:107450006C6C6564206166746572207468726F7705
:10746000696E6720616E20696E7374616E6365205A
:107470006F66202700000000270A00007465726D07
:10748000696E6174652063616C6C656420776974F2
:10749000686F757420616E2061637469766520651C
:1074A0007863657074696F6E0A0000002020776849
:1074B000617428293A202000436F756C646E27742C
:1074C00020686F6D6520626F77696E67206A6163FF
:1074D0006B00000066696E644D696E4D6178537093
:1074E00065656450574D204641494C454421000094
:1074F00066696E644D696E5072657373757265204E
:107500004641494C4544210066696E644D6178509E
:1075100072657373757265204641494C454421007C
:1075200043616C6962726174696F6E7320646F6E1F
:107530006500000046696E64696E67206D617820A1
:10754000636F6E746163740054696C742064696461
:107550006E27742066696E6973680000476F742037
:107560004661756C74212046696E616C20636F6E94
:10757000746163742050574D20000000436F756C98
:10758000646E2774206765742063616C6962726140
:1075900074696F6E20737461727420636F6E6469B6
:1075A00074696F6E7300000046696E64696E6720CF
:1075B0006D696E20636F6E746163742070726573A1
:1075C0007375726520666F72206D696E696D756D79
:1075D00020757361626C65207370656564000000DE
:1075E0005374617274696E67206672657120000061
:1075F000487A0000696E7469616C20636F6E746113
:10760000637420666F756E64206174200000000052
:107610007374617274696E67206F7665722061742D
:107620002050574D2000000046696E616C20636F4A
:107630006E746163742050574D20000020617420E7
:107640006672657175656E6379200000476F6F64BF
:1076500020726573756C74732061637175697265EE
:10766000642C2073657474696E6720666972737424
:10767000546F756368507265737375726520746FAB
:107680002000000020616E642072657374506F7377
:107690006974696F6E20746F200000005265737505
:1076A0006C747320696E76616C69642C206E6F74E3
:1076B000206D6F64696679696E672064617461002A
:1076C00046696E64696E67206D696E20504944207A
:1076D000737065656400000054657374696E67209B
:1076E0006672657120000000207265616420667218
:1076F000657175656E637920000000004D696E69E3
:107700006D756D20504944206672657175656E63B4
:107710007920666F756E64206174200020487A00BD
:107720004D6178696D756D20706964206672657150
:1077300075656E63792077697468206E6F2070724A
:1077400065737375726520666F756E642061742051
:10775000000000004D6178696D756D2070696420CE
:107760006672657175656E637920776974682070DB
:1077700072657373757265200000000046696E645F
:10778000696E67206D696E20737065656400000026
:107790004D696E20737065656420000046696E64F3
:1077A000696E67206D617820737065656400000004
:1077B00053657474696E672063616C696272617489
:1077C000696F6E206D617820706F77657220746FBD
:1077D0002000000020776174747300004D6F746F97
:1077E0007220706F7765722075736520000000004D
:1077F0002077617474732061742050574D2000000D
:107800004D6F746F722063757272656E74206C694F
:107810006D69746564206174200000004D617820FA
:107820007370656564200000426F7720646964208E
:107830006E6F742073746162696C697A6520776910
:107840007468696E2074686520676976656E206962
:107850007465726174696F6E73000000626D7369A4
:107860003A000000626D73783A0000006263753A76
:10787000000000004628220022290000206E6565D5
:107880006473206361706163697479206F6620009E
:10789000206361703A000000206C656E3A000000C1
:1078A000202700005761726E696E673A0000000081
:1078B0002020202020202000202D2D2D2000000021
:1078C0002066726F6D496E646578206973200000D0
:1078D00028692E652E20636861725B005D290000B7
:1078E00020666F7220746865206669727374200068
:1078F000206368617273206F662074686520696E0A
:107900007075742E0000000020496E70757420613F
:107910007267207761732000636F6E63617400008B
:107920007374643A3A6261645F6578636570746920
:107930006F6E00007374643A3A6261645F617272E0
:1079400061795F6E65775F6C656E677468000000D3
:107950007374643A3A6261645F616C6C6F630000D7
:1079600062617369635F737472696E673A3A5F53F9
:107970005F6372656174650062617369635F7374EC
:1079800072696E673A3A5F535F636F6E73747275B4
:107990006374206E756C6C206E6F742076616C69F8
:1079A00064000000766563746F723A3A5F4D5F72EF
:1079B00065616C6C6F635F696E7365727400000063
:1079C0005C8C0020B0870020888C0020D0870020AD
:1079D000A88700205C8C0020F4870020888C002081
:1079E0001888002044870020888C002040880020D0
:1079F000A0870020888C0020508800206487002009
:107A0000888C002064880020A0870020888C0020BB
:107A10007888002094870020888C0020948800209B
:107A2000A08700205C8C0020A48800205C8C0020B3
:107A3000B48800204E31305F5F6378786162697688
:107A40003131355F5F666F726365645F756E77694C
:107A50006E6445004E31305F5F63787861626976AD
:107A60003131375F5F636C6173735F747970655F29
:107A7000696E666F450000004E31305F5F63787855
:107A8000616269763131395F5F666F726569676E11
:107A90005F657863657074696F6E45004E31305F65
:107AA0005F637878616269763132305F5F73695FF6
:107AB000636C6173735F747970655F696E666F453F
:107AC00000000000537431316C6F6769635F657249
:107AD000726F7200537431326C656E6774685F65E3
:107AE00072726F7200000000537431336261645F20
:107AF000657863657074696F6E000000537432308E
:107B00006261645F61727261795F6E65775F6C65F7
:107B10006E677468000000005374396261645F61CD
:107B20006C6C6F6300000000537439657863657096
:107B300074696F6E00000000537439747970655F6A
:107B4000696E666F00000000000000000000000089
:107B5000B91A0000A52E0000992D0000911A00000E
:107B6000FCFFFFFF00000000452F0000BD2D0000BE
:107B7000F91A0000B1180000000000000000000029
:107B8000FD3F0000E93F0000AD180000C13F0000CC
:107B900085400000993E0000053E00000000000006
:107BA0000000000049E500000000000000000000A7
:107BB000751E0100B91A010000000000000000005D
:107BC000691F01009D1F010000000000000000006F
:107BD0001D160000A11800004D130000E91300005D
:107BE0008D130000A9130000C9130000000000005D
:107BF0000000000019D0000035DD0000B1CA00000F
:107C000001CC0000D1CA00006DCB0000F9CA000011
:107C10000000000000000000ED090000000000006E
:107C200000000000A90900000000000000000000A2
:107C3000A90B0000000000000000000015A80000D3
:107C400021A8000019A8000021A9000091B000009F
:107C5000C1AF00001DB00000BDAE00009DAA000035
:107C6000D1B4000031A80000A5A7000061B1000058
:107C700091A7000095A700009DA70000A1A7000004
:107C8000B5AA0000F1B2000079B20000D1AD000049
:107C900089A7000099A70000D1B30000F9B0000047
:107CA00095A800000000000000000000B91A0000C4
:107CB000A52E0000992D0000911A0000FCFFFFFF87
:107CC00000000000452F0000BD2D0000F91A000043
:107CD000B11800000000000000000000F1180000D2
:107CE00001EF0000FDEE0000F9EE0000FD180000BD
:107CF000F918000051E50000F5EE0000000000005A
:107D000000000000A50A00000000000000000000C4
:107D10008D0700000000000000000000693B00002B
:107D20001D410000AD180000413B0000B53A0000C5
:107D3000BD3B0000153B000029430000E941000065
:107D40000000000000000000FD3F0000E93F0000CF
:107D5000AD180000C13F000085400000993E0000C2
:107D6000053E00000000000000000000614100002E
:107D7000A1410000813E0000D53F0000D14000003D
:107D8000ED3D0000AD3F00007D370000994200004E
:107D9000153C0000313C00003D3600002536000057
:107DA0002D3700001D3E00004D3C00000D38000046
:107DB000C538000055380000B937000031400000D8
:107DC000000000000000000049E5000035DD000073
:107DD000AD180000B118000049E5000049E50000B9
:107DE00049E50000000000000000000065360000CA
:107DF0007D3A0000413A000089390000ED39000069
:107E000035390000FD3C0000453E0000D13E000039
:107E1000D14300000000000000000000E512010056
:107E200011130100AD180000E1120100BD120100A4
:107E300075020000C91201000000000000000000EF
:107E4000699500006D950000D993000035980000F9
:107E500085A50000FD9D0000158A00009995000091
:107E600055A5000095A60000859E00006D820000CB
:107E7000A59B0000F994000005950000CD9300003B
:107E8000D1930000D59300001195000035950000B6
:107E900059950000B19800007D950000899600007A
:107EA000FD980000D19900000000000000000000D3
:107EB000C1180000D1180000AD180000E118000042
:107EC0000000000000000000B5180000B918000014
:107ED000AD180000BD18000000000000448700201D
:107EE0007D96020091960200DD920200DD92020072
:107EF0000D9702003D960200F1960200AD96020039
:107F0000719602000000000058870020C591020011
:107F1000D9910200DD920200DD9202000D9702006D
:107F20003D960200AD92020031920200F5910200EE
:107F300000000000648700201D9402009D94020050
:107F40001994020000000000708700205D94020078
:107F5000E594020019940200000000007C870020D4
:107F6000C1890200CD890200C5890200000000001D
:107F700088870020A5860200B98602009D8602003F
:107F800000000000948700206D86020081860200B8
:107F900065860200D8399D270054EA2A00A4781F7C
:107FA000007B9A172C2066756E6374696F6E3A2099
:107FB00000000000617373657274696F6E20222582
:107FC0007322206661696C65643A2066696C65207D
:107FD000222573222C206C696E652025642573256B
:107FE000730A000042616C6C6F6320737563636594
:107FF00065646564000000002F646174612F6A6528
:108000006E6B696E732F776F726B73706163652F20
:10801000474E552D746F6F6C636861696E2F617286
:108020006D2D31312F7372632F6E65776C69622D00
:1080300063796777696E2F6E65776C69622F6C69FB
:1080400062632F7374646C69622F6764746F612D4F
:108050006765746865782E6300000000000000000A
:108060000000000000000000000000000000000010
:108070000000000000000000000000000000000000
:1080800000000000000000000000000010111213AA
:10809000141516171819000000000000001A1B1C08
:1080A0001D1E1F0000000000000000000000000076
:1080B000000000000000000000000000001A1B1C6F
:1080C0001D1E1F0000000000000000000000000056
:1080D00000000000000000000000000000000000A0
:1080E0000000000000000000000000000000000090
:1080F0000000000000000000000000000000000080
:10810000000000000000000000000000000000006F
:10811000000000000000000000000000000000005F
:10812000000000000000000000000000000000004F
:10813000000000000000000000000000000000003F
:10814000000000000000000000000000000000002F
:108150000000000000000000000000002F646174B7
:10816000612F6A656E6B696E732F776F726B7370B8
:108170006163652F474E552D746F6F6C636861693D
:108180006E2F61726D2D31312F7372632F6E657793
:108190006C69622D63796777696E2F6E65776C699C
:1081A000622F6C6962632F7374646C69622F6D70E7
:1081B0007265632E63000000303132333435363758
:1081C00038396162636465666768696A6B6C6D6E95
:1081D0006F707172737475767778797A0000000029
:1081E0000020202020202020202028282828282087
:1081F000202020202020202020202020202020207F
:1082000020881010101010101010101010101010E6
:1082100010040404040404040404041010101010D6
:1082200010104141414141410101010101010101A0
:1082300001010101010101010101010110101010F2
:108240001010424242424242020202020202020272
:1082500002020202020202020202020210101010C6
:1082600020000000000000000000000000000000EE
:1082700000000000000000000000000000000000FE
:1082800000000000000000000000000000000000EE
:1082900000000000000000000000000000000000DE
:1082A00000000000000000000000000000000000CE
:1082B00000000000000000000000000000000000BE
:1082C00000000000000000000000000000000000AE
:1082D000000000000000000000000000000000009E
:1082E00000000000496E66696E6974790000000044
:1082F0004E614E002F646174612F6A656E6B696E0A
:10830000732F776F726B73706163652F474E552DB6
:10831000746F6F6C636861696E2F61726D2D31319E
:108320002F7372632F6E65776C69622D637967773F
:10833000696E2F6E65776C69622F6C6962632F734B
:1083400074646C69622F64746F612E6300000000B6
:108350006E660000696E697479000000494E46003F
:10836000696E66004E414E006E616E0030313233F0
:108370003435363738396162636465660000000061
:10838000303132333435363738394142434445464B
:1083900000000000286E756C6C2900002020202051
:1083A00020202020202020202020202020202020CD
:1083B00020202020202020202020202080A70020F6
:1083C0000B00000080A700200B0000000000000050
:1083D00068A30020040000008CA700200700000014
:1083E0000700000094A70020040000009CA70020C4
:1083F0000400000000000000A4A700200600000008
:10840000A4A700200600000008000000ACA7002080
:108410000B000000ACA700200B00000008000000CB
:108420009027002005000000902700200500000094
:1084300008000000B8A700200A000000B8A700202C
:108440000A00000008000000C4A700200D00000082
:10845000C4A700200D00000000000000F829002043
:1084600003000000F82900200300000001000000C4
:10847000D4A700200C000000E4A7002008000000A2
:1084800002000000000000000000000000000000EA
:108490000000000000000000F0A700200400000021
:1084A000F0A700200400000003000000F8A700204F
:1084B0000D000000F8A700200D00000004000000DF
:1084C00008A800200800000008A8002008000000FC
:1084D0000000000014A800201100000014A80020D3
:1084E000110000000000000000000000000000007B
:1084F000000000000000000000000000000000007C
:10850000000000000000000000000000000000006B
:10851000000000000000000000000000000000005B
:108520000000000028A800200500000028A8002066
:10853000050000000000000030A800200E00000030
:1085400030A800200E000000000000000000000025
:10855000000000000000000000000000000000001B
:1085600040A800200400000040A8002004000000F3
:108570000900000048A800200700000094A7002080
:10858000040000000000000050A8002009000000C6
:10859000F0A7002004000000050000005CA80020F7
:1085A000120000005CA8002012000000060000007D
:1085B000C49A002003000000C49A002003000000B9
:1085C0000000000070A800200900000070A8002032
:1085D00009000000000000007CA800200900000045
:1085E0007CA80020090000000000000088A80020EE
:1085F0000A00000088A800200A0000000000000017
:1086000034650020040000003465002004000000F0
:108610000800000094A800200700000094A8002093
:1086200007000000000000009CA8002008000000D7
:108630009CA800200800000000000000A8A800205E
:1086400008000000A8A800200800000000000000AA
:1086500074980020110000007498002011000000A0
:108660000000000070A5002074A50020020000009A
:108670000200000078A50020D45A0020010000006C
:10868000020000007CA500208C9B0020020000005E
:108690000200000080A5002084A500200100000049
:1086A0000100000088A5002084A500200100000032
:1086B00002000000988600208CA500200800000021
:1086C0000100000098A500209CA5002009000000E2
:1086D00001000000A8A500208CA5002008000000D3
:1086E0000100000034490020ACA500200A00000071
:1086F00002000000789A0020647C00200200000044
:1087000002000000B8A50020387900200100000018
:1087100002000000BCA50020C0A500200100000050
:1087200001000000C4A50020C8A500200200000030
:1087300002000000CCA50020D0A50020060000000B
:1087400003000000D8A50020DCA5002009000000DF
:1087500001000000E8A50020ECA500200C000000AE
:1087600002000000FCA50020547900200100000058
:108770000100000000A60020D45A002001000000E3
:108780000200000004A6002008A600200700000048
:108790000100000010A6002014A600200200000026
:1087A0000200000018A6002040A7002001000000E1
:1087B000020000001CA6002020A6002001000000EE
:1087C0000200000024A60020D4A500200200000022
:1087D0000200000028A600202CA6002002000000B5
:1087E0000200000030A6002034A600200100000096
:1087F0000200000038A600203CA600200200000075
:108800000200000040A60020C49A002003000000DF
:108810000300000044A60020C49A002003000000CA
:108820000300000048A60020C49A002003000000B6
:10883000020000004CA60020C49A002003000000A3
:1088400002000000DC5B0020B459002002000000A0
:108850000200000050A60020BC980020020000008A
:108860000100000054A60020B4A400200100000074
:10887000020000009454002058A6002002000000CE
:10888000020000005CA6002060A60020030000009B
:10889000020000000449002064A60020020000003D
:1088A0000200000068A600206CA600200B0000005B
:1088B0000100000078A600207CA600200200000035
:1088C0000200000080A6002084A600200100000015
:1088D0000200000088A600208CA6002002000000F4
:1088E0000200000090A6002094A6002002000000D4
:1088F0000200000098A600200047002001000000B0
:10890000020000009CA60020547900200100000015
:1089100002000000A0A60020A4A600200200000083
:1089200001000000A8A60020ACA600200500000061
:108930000300000064370020B4A6002002000000FD
:1089400002000000F86B002000470020010000003A
:108950000100000090480020B8A60020010000009F
:1089600001000000BCA600209C5E00200300000067
:1089700003000000C0A60020C4A6002002000000E2
:1089800002000000C8A60020CCA6002002000000C3
:1089900002000000D46500202848002001000000EB
:1089A00002000000D0A60020D4A600200200000093
:1089B00002000000D8A60020DCA600200100000074
:1089C00002000000E0A60020E4A600200300000052
:1089D00002000000E8A60020ECA600200200000033
:1089E00001000000F0A60020DCA60020010000002D
:1089F00001000000F4A60020F8A6002002000000FC
:108A0000020000007C9A0020FCA60020010000006B
:108A10000300000000A7002004A7002002000000BF
:108A20000200000008A700200CA70020030000009F
:108A30000200000010A7002014A700201000000072
:108A40000200000028A700202CA700200100000041
:108A500002000000E440002030A7002002000000D7
:108A60000200000034A7002038A700200900000001
:108A70000100000044A7002038A7002009000000E2
:108A80000100000048A700204CA700200B000000B8
:108A9000020000008C39002058A7002003000000CD
:108AA00002000000B4A500205CA700200700000021
:108AB0000100000064A700205CA700200700000060
:108AC0000100000068A700206CA70020050000003E
:108AD0000000000074A7002078A700200600000016
:108AE0000100000000000000000000000000000085
:108AF00000000000256400006465636C7479706593
:108B0000286E756C6C70747229000000202E2E2E59
:108B100020000000282E2E2E000000002E2E2E29D0
:108B200000000000737472696E67206C697465726E
:108B3000616C0000737464005B6162693A0000005C
:108B40003A3A00007B64656661756C7420617267F7
:108B5000230000007D3A3A006175746F3A0000000E
:108B600074656D706C61746520706172616D65749F
:108B70006572206F626A65637420666F7220000000
:108B8000767461626C6520666F72200056545420C2
:108B9000666F722000000000636F6E7374727563FD
:108BA00074696F6E20767461626C6520666F7220E6
:108BB000000000002D696E2D0000000074797065C2
:108BC000696E666F20666F722000000074797065B0
:108BD000696E666F206E616D6520666F72200000A1
:108BE00074797065696E666F20666E20666F72209C
:108BF000000000006E6F6E2D7669727475616C20D6
:108C00007468756E6B20746F20000000636F76616E
:108C10007269616E742072657475726E2074687505
:108C20006E6B20746F2000006A61766120436C6176
:108C3000737320666F7220006775617264207661BD
:108C4000726961626C6520666F722000544C53201B
:108C5000696E69742066756E6374696F6E20666FE5
:108C600072200000544C532077726170706572203E
:108C700066756E6374696F6E20666F722000000007
:108C80007265666572656E63652074656D706F727E
:108C9000617279202300000068696464656E206158
:108CA0006C69617320666F72200000006E6F6E2D1C
:108CB0007472616E73616374696F6E20636C6F6E42
:108CC0006520666F722000005F5361742000000011
:108CD0005F416363756D00005F46726163740000FD
:108CE0006F70657261746F72000000006F70657262
:108CF00061746F72200000003E280000636C000069
:108D000071750000203A20006E6577200000000099
:108D1000756C00006C6C0000756C6C0066616C73A7
:108D20006500000074727565000000006A6176617C
:108D3000207265736F757263652000006465636CF3
:108D400074797065202800002E2E2E0074686973D7
:108D5000000000007B7061726D230000676C6F6221
:108D6000616C20636F6E7374727563746F727320BD
:108D70006B6579656420746F20000000676C6F621A
:108D8000616C2064657374727563746F7273206BA9
:108D90006579656420746F20000000007B6C616D54
:108DA0006264612800000000292300007B756E6E5C
:108DB000616D65642074797065230000205B636CCD
:108DC0006F6E652000000000207265737472696325
:108DD0007400000020766F6C6174696C650000009F
:108DE00020636F6E73740000207472616E73616330
:108DF00074696F6E5F73616665000000206E6F6559
:108E00007863657074000000207468726F770000EA
:108E100026260000205F436F6D706C6578000000AF
:108E2000205F496D6167696E617279003A3A2A0084
:108E3000205F5F766563746F722800005F474C4F58
:108E400042414C5F0000000028616E6F6E796D6FCB
:108E50007573206E616D6573706163652900000034
:108E60006175746F000000006465636C74797065EF
:108E7000286175746F29000000000042C8801F40FF
:108E8000B8821F400800000000000042C4801F405C
:108E9000B4821F400400000000C0004224801F4034
:108EA00014821F401000000000C0004228801F40B4
:108EB00018821F402000000000C000422C801F408C
:108EC0001C821F404000000000C0004234801F4050
:108ED00024821F40000100000040004264811F40C6
:108EE00054831F40000400000040004280811F4066
:108EF00070831F4000000200004000427C811F4040
:108F00006C831F40000001000040004268811F4048
:108F100058831F4000080000004000423C811F4071
:108F20002C831F40010000000040004244811F408C
:108F300034831F40040000000040004240811F4075
:108F400030831F40020000000040004248811F4063
:108F500038831F40080000000000004204811F40C9
:108F6000F4821F40000004000000004208811F40FE
:108F7000F8821F40000008000000004218811F40D6
:108F800008831F40000080000000004214811F4041
:108F900004831F40000040000000004200811F4089
:108FA000F0821F400000020000000042FC801F40D1
:108FB000EC821F40000001000000004224811F409D
:108FC00014831F40000000040000004228811F405D
:108FD00018831F4000000008000000421C811F4051
:108FE0000C831F40000000010000004220811F4050
:108FF00010831F400000000200000042EC801F4070
:10900000DC821F400010000000000042F0801F4082
:10901000E0821F40002000000000004234811F4019
:1090200024831F40000000400000004238811F40A0
:1090300028831F40000000800080004294801F4071
:1090400084821F400000040000C0004290801F4046
:1090500080821F400000008000800042A8801F40E6
:1090600098821F400000800000800042A4801F40C2
:1090700094821F4000004000004000426C811F406D
:109080005C831F400010000000C0004230801F4081
:1090900020821F408000000000800042C8811F40E5
:1090A000B8831F400080000000800042C4811F4040
:1090B000B4831F400040000000800042C0811F4078
:1090C000B0831F400020000000800042BC811F4090
:1090D000AC831F400010000000800042D0811F4080
:1090E000C0831F400000020000800042CC811F406E
:1090F000BC831F400000010035000000CEFBFFFFD5
:10910000CB0300000100000000000000340000005C
:10911000CEFBFFFFCB0300000100000000000000B9
:10912000C4A200202104010029000000000000006A
:10913000C8A200202D12030029000000000000003A
:10914000D0A200208D0303002900000000000000D1
:10915000D8A20020E904030029000000000000005C
:10916000E0A20020E50303002A0000000000000048
:10917000E8A20020810D030029000000000000008B
:10918000F0A20020F9060300290000000000000002
:10919000F4A20020E9030300290000000000000001
:1091A000983A00201104010028000000000000008F
:1091B000FCA2002079F90200290000000000000054
:1091C00000A30020D10401002900000000000000DD
:1091D00004A30020890E0300290000000000000005
:1091E0004CA0002019FC0200290000000000000033
:1091F0000CA30020891203002900000000000000D9
:1092000010A30020891203002900000000000000C4
:1092100018A30020610401002900000000000000E4
:1092200020A30020410501002A00000000000000EA
:1092300024A30020F10501002A0000000000000026
:1092400028A3002001040100280000000000000005
:109250002CA3002011FE02002A00000000000000E4
:1092600030A3002059130300290000000000000073
:1092700034A30020F11203002900000000000000C8
:109280003CA30020A104030029000000000000000E
:1092900044A30020D91303002900000000000000AF
:1092A00048A300203914030029000000000000003A
:1092B00000000000000000000000000000000000AE
:1092C000020000000300000004000000060000008F
:1092D0006C6E0000FB21F93FFB2109407CD9124054
:1092E000FB2119407A6A1F407CD92240BBFD2540F2
:1092F000FB2129403A462C407A6A2F405C47314096
:109300007CD932409C6B3440BBFD3540DB8F37400D
:10931000FB2139401BB43A403A463C405AD83D40C4
:109320007A6A3F404C7E40405C4741406C1042406E
:109330007CD942408CA243409C6B4440AC344540B5
:10934000BBFD4540CBC64640DB8F4740EB5848400D
:10935000FB21494005000000190000007D000000CD
:1093600007080C0B06050F000D0E01028384070889
:109370000C0B06050F000D0E010283840101000491
:10938000010000040132010101320201011001015A
:10939000011101010112010201030206010301068C
:1093A000011202020200000102020001020100019A
:1093B000021000010222000102230001000000004F
:1093C0000000000002210001022000010000000056
:1093D000000000000130010101310101010200041F
:1093E0000103000400000000000000000121020150
:1093F0000121010100000000000000000000000049
:10940000011002010101020101010101010002013B
:1094100001000101010202010102010152414D203E
:109420006672656520000000224A75737420696EBB
:10943000746F6E6174696F6E220000002245717551
:10944000616C2074656D706572616D656E7422006B
:109450006268733A300000005468697320697320B1
:109460006120736C6176650043757272656E74205D
:1094700076657273696F6E20697320006270723A4C
:109480003100000074000000B098002003000000CC
:10949000B098002003000000000000000000000061
:1094A00061000000E0A300200E000000E0A3002007
:1094B0000E000000F0A30020090000006200000080
:1094C000FCA3002011000000FCA3002011000000FC
:1094D00010A400200C0000007300000020A4002055
:1094E0000B0000002CA400204600000010A4002067
:1094F0000C0000006900000074A400200C000000B3
:1095000084A4002031000000B8A400200D00000059
:109510006F000000C8A400200C000000D8A40020A8
:10952000310000000CA500200D00000064000000C8
:109530001CA500200D0000002CA50020320000001A
:1095400060A500200E0000006162730061636F730C
:10955000000000006173696E000000006174616EBC
:10956000000000006174616E320000006365696C88
:1095700000000000636F7300636F736800000000F9
:109580006578700066616300666C6F6F7200000042
:109590006C6F67006C6F6731300000006C6F673272
:1095A000000000006E6372006E707200706900004F
:1095B000706F770073696E0073696E680000000059
:1095C000737172740000000074616E0074616E68E3
:1095D0000000000076656C6F63697479000000001C
:1095E0006E6F7465636F756E74000000626F6F6CF0
:1095F0000000000069626F6F6C0000006D61706BAD
:1096000065797300706974636800000070726F6739
:1096100072616D006465616462616E646F00000078
:109620006465616462616E64000000007A65726F57
:109630007468726573686F6C640000007576300042
:1096400075763100757632007576330075763400A4
:109650007576350075763600757637007576380084
:10966000757639007374643A3A616C6C6F63617437
:109670006F720000616C6C6F6361746F7200000048
:109680007374643A3A62617369635F737472696E8A
:109690006700000062617369635F737472696E676B
:1096A000000000007374643A3A737472696E670064
:1096B0007374643A3A62617369635F737472696E5A
:1096C000673C636861722C207374643A3A63686122
:1096D000725F7472616974733C636861723E2C20BE
:1096E0007374643A3A616C6C6F6361746F723C635B
:1096F0006861723E203E00007374643A3A69737484
:109700007265616D000000007374643A3A626173BF
:1097100069635F6973747265616D3C636861722C23
:10972000207374643A3A636861725F747261697439
:10973000733C636861723E203E00000062617369A1
:10974000635F6973747265616D0000007374643ADD
:109750003A6F73747265616D000000007374643A4F
:109760003A62617369635F6F73747265616D3C63C4
:109770006861722C207374643A3A636861725F7432
:1097800072616974733C636861723E203E00000040
:1097900062617369635F6F73747265616D0000006D
:1097A0007374643A3A696F73747265616D00000096
:1097B0007374643A3A62617369635F696F73747258
:1097C00065616D3C636861722C207374643A3A631E
:1097D0006861725F7472616974733C636861723E40
:1097E000203E000062617369635F696F7374726524
:1097F000616D0000614E0000263D000061530000D5
:10980000616100006164000026000000616E0000DC
:10981000616C69676E6F6620000000006177000070
:10982000636F5F617761697420000000617A0000F6
:10983000636F6E73745F636173740000636D000027
:10984000636F00007E000000645600002F3D0000A2
:10985000645800005B2E2E2E5D3D00006461000008
:1098600064656C6574655B5D2000000064630000E6
:1098700064796E616D69635F6361737400000000F9
:109880006465000064690000646C000064656C65D8
:1098900074652000647300002E2A000064740000C8
:1098A000647600002F00000064780000654F00001F
:1098B0005E3D0000656F00005E0000006571000005
:1098C0003D3D0000664C000066520000666C0000E2
:1098D0006672000067730000677400005B5D000043
:1098E0006C5300003C3C3D003C3D00006C690000B6
:1098F0006F70657261746F72222220006C730000B9
:109900003C3C00006C7400003C0000006D4900000D
:109910002D3D00006D4C00002A3D00006D690000E7
:109920006D6C00006D6D00002D2D00006E6100005B
:109930006E65775B5D000000213D000021000000A6
:109940006E7700006F5200007C3D00006F6F0000DA
:109950007C7C0000704C00002B3D0000706C00000F
:109960002B000000706D00002D3E2A00707000007A
:109970002B2B000070730000707400002D3E00005F
:109980003F000000724D0000253D000072530000B2
:109990003E3E3D00726300007265696E74657270D0
:1099A0007265745F6361737400000000726D000083
:1099B000250000003E3E00007350000073697A6588
:1099C0006F662E2E2E000000735A00007363000095
:1099D0007374617469635F63617374003C3D3E003E
:1099E00073697A656F662000737A000074720000F4
:1099F0007468726F77000000747700007468726F8B
:109A0000772000007369676E656420636861720087
:109A1000626F6F6C65616E006368617200000000C8
:109A20006279746500000000646F75626C65000007
:109A30006C6F6E6720646F75626C65005F5F666C4B
:109A40006F61743132380000756E7369676E6564DA
:109A50002063686172000000756E7369676E6564EB
:109A600020696E7400000000756E7369676E65642E
:109A7000000000006C6F6E6700000000756E736977
:109A8000676E6564206C6F6E670000005F5F696ED3
:109A90007431323800000000756E7369676E65645A
:109AA000205F5F696E7431323800000073686F7236
:109AB00074000000756E7369676E65642073686F6B
:109AC00072740000766F696400000000776368615B
:109AD000725F74006C6F6E67206C6F6E67000000C1
:109AE000756E7369676E6564206C6F6E67206C6F4E
:109AF0006E670000646563696D616C33320000005D
:109B0000646563696D616C36340000006465636987
:109B10006D616C313238000063686172385F7400C7
:109B20006368617231365F740000000063686172BF
:109B300033325F74000000004C435F434F4C4C4194
:109B4000544500004C435F43545950450000000009
:109B50004C435F4D4F4E4554415259004C435F4E6C
:109B6000554D4552494300004C435F54494D450013
:109B70004C435F4D455353414745530083F9A20081
:109B8000444E6E00FC291500D1572700DD34F50046
:109B900062DBC0003C999500419043006351FE0098
:109BA000BBDEAB00B761C5003A6E2400D24D420067
:109BB0004906E00009EA2E001C92D100EB1DFE00D0
:109BC00029B11C00E83EA700F535820044BB2E00F9
:109BD0009CE98400B4267000417E5F00D691390074
:109BE000538339009CF439008B5F840028F9BD0051
:109BF000F81F3B00DEFF97000F980500112FEF00C4
:109C00000A5A8B006D1F6D00CF7E360009CB2700EE
:109C1000464FB7009E663F002DEA5F00BA277500E9
:109C2000E5EBC7003D7BF100F739070092528A004F
:109C3000FB6BEA001FB15F00085D8D00300356002A
:109C40007BFC4600F0AB6B0020BCCF0036F49A00E2
:109C5000E3A91D005E619100081BE600859965007F
:109C6000A0145F008D40680080D8FF0027734D006E
:109C700006063100CA561500C9A873007BE26000D1
:109C80006B8CC000000100007CB4002012000000BA
:109C900000060000D81E00600A000000000200005C
:109CA000401E00609500000000070000A81D006035
:109CB0009500000000030000A41D006000000000EB
:109CC0000103090450B80020000000000203090449
:109CD0005CB80020000000000303090480B80020E5
:109CE0000000000000000000000000000000000074
:109CF0003030303030303030303030303030303064
:109D00003030303030303030303030303030303053
:109D1000000000000000000010E0002078E00020BB
:109D2000E0E0002000000000000000000000000053
:109D30000000000000000000000000000000000023
:109D40000000000000000000000000000000000013
:109D50000000000000000000000000000000000003
:109D600000000000000000000000000000000000F3
:109D700000000000000000000000000000000000E3
:109D800000000000000000000000000000000000D3
:109D900000000000000000000000000000000000C3
:109DA00000000000000000000000000001000000B2
:109DB000000000000E33CDAB34126DE6ECDE050082
:109DC0000B00000000000000000000000000000088
:109DD0000000000000000000000000000000000083
:109DE0000000000000000000000000000000000073
:109DF0000000000000000000000000000000000063
:109E00000000000000000000000000000000000052
:109E10000000000000000000000000000000000042
:109E20000000000000000000000000000000000032
:109E300000000000000000000000F03F00000000F3
:109E40000000F03F000000000000000000000000E3
:109E50000000F03F00000000000000400000000093
:109E60000000F03F000000000000000000000000C3
:109E700000000000000000000000F03F00000000B3
:109E800000000000000000000000F03F00000000A3
:109E9000000000400000000000406F400000000093
:109EA00000006940000000000000F03F59F3F8C2D4
:109EB0001F6EA50100000000000000400029DE0721
:109EC000007B9A17588A002000000000E803000079
:109ED00000000000000000008000000005140000E9
:109EE00011D4000069E30000701D00607CC00F40C9
:109EF0000000000319000000020000000000000044
:109F000000000000FF000000FF0000000000000053
:109F10000000000018000000020000000000000027
:109F200000000000FF000000FF0000000000000033
:109F300000000000FF00400026001800770000002D
:109F40000215000085D200005DE300006D1D006079
:109F500068C00F40000000300F0000000200000049
:109F60002C851F4001000000FF000000FF000000E2
:109F700000000000000000000E00000002000000D1
:109F800030851F4001000000FF000000FF000000BE
:109F9000000000000000000013024000260018002E
:109FA000780000000316000009D3000061E3000000
:109FB0006E1D006068C00F400030000010000000FF
:109FC0000200000038851F4000000000FF00000074
:109FD000FF00000000000000000000001100000071
:109FE000020000003C851F4000000000FF00000050
:109FF000FF0000000000000000000000FF00400023
:10A0000026001800790000000117000001D20000AE
:10A0100059E300006C1D00606CC00F40000000039D
:10A02000070000000200000040851F400200000001
:10A03000FF000000FF000000000000000000000022
:10A04000080000000200000044851F4002000000DC
:10A05000FF000000FF000000000000000000000002
:10A06000FF004000260018007A000000061A0000D9
:10A0700095D400006DE30000711D00607CC00F40AE
:10A080000000000C1C0000000200000058851F406A
:10A0900001000000FF000000FF00000000000000C1
:10A0A000000000001D000000020000005C851F4051
:10A0B00001000000FF000000FF00000000000000A1
:10A0C00000000000FF004000260018007D00000096
:10A0D000041B00008DD3000065E300006F1D0060CD
:10A0E00080C00F4000C0000015000000020000000A
:10A0F00060851F40010000002600000002000000F3
:10A1000060851F40000000001400000002000000F5
:10A1100064851F40010000002700000002000000CD
:10A1200064851F4000000000230240002600180044
:10A130007E000000448C002000000000B0AE002033
:10A140002C8C0020000000000D93020029900200DA
:10A15000FFFFFFFFC0BE0020D0DF002020632020D3
:10A1600000000000430000000000000000000000AC
:10A1700000000000000000000000000000000000DF
:10A18000000000004300000000000000000000008C
:10A1900000000000000000000000000000000000BF
:10A1A000000000004300000000000000000000006C
:10A1B000000000000000000000000000000000009F
:10A1C000000000004300000000000000000000004C
:10A1D000000000000000000000000000000000007F
:10A1E000000000004300000000000000000000002C
:10A1F000000000000000000000000000000000005F
:10A20000000000004300000000000000000000000B
:10A21000000000000000000000000000000000003E
:10A2200000000000430000000000000000000000EB
:10A23000000000000000000000000000000000001E
:10A24000000000000DB403007DC703000000000003
:10A250005C8F002040A70020805F0020805F0020EE
:10A26000805F0020805F0020805F0020805F0020F2
:10A27000805F0020805F0020805F0020FFFFFFFFE5
:10A28000FFFFFFFFFFFFFFFFFFFF00000100415343
:10A2900043494900000000000000000000000000E9
:10A2A000000000000000000000000000000041531A
:10A2B00043494900000000000000000000000000C9
:10A2C000000000000000000000000000000000008E
:10A2D00000000000000000004CB000204CB0002046
:10A2E00054B0002054B000205CB000205CB00020CE
:10A2F00064B0002064B000206CB000206CB000207E
:10A3000074B0002074B000207CB000207CB000202D
:10A3100084B0002084B000208CB000208CB00020DD
:10A3200094B0002094B000209CB000209CB000208D
:10A33000A4B00020A4B00020ACB00020ACB000203D
:10A34000B4B00020B4B00020BCB00020BCB00020ED
:10A35000C4B00020C4B00020CCB00020CCB000209D
:10A36000D4B00020D4B00020DCB00020DCB000204D
:10A37000E4B00020E4B00020ECB00020ECB00020FD
:10A38000F4B00020F4B00020FCB00020FCB00020AD
:10A3900004B1002004B100200CB100200CB1002059
:10A3A00014B1002014B100201CB100201CB1002009
:10A3B00024B1002024B100202CB100202CB10020B9
:10A3C00034B1002034B100203CB100203CB1002069
:10A3D00044B1002044B100204CB100204CB1002019
:10A3E00054B1002054B100205CB100205CB10020C9
:10A3F00064B1002064B100206CB100206CB1002079
:10A4000074B1002074B100207CB100207CB1002028
:10A4100084B1002084B100208CB100208CB10020D8
:10A4200094B1002094B100209CB100209CB1002088
:10A43000A4B10020A4B10020ACB10020ACB1002038
:10A44000B4B10020B4B10020BCB10020BCB10020E8
:10A45000C4B10020C4B10020CCB10020CCB1002098
:10A46000D4B10020D4B10020DCB10020DCB1002048
:10A47000E4B10020E4B10020ECB10020ECB10020F8
:10A48000F4B10020F4B10020FCB10020FCB10020A8
:10A4900004B2002004B200200CB200200CB2002054
:10A4A00014B2002014B200201CB200201CB2002004
:10A4B00024B2002024B200202CB200202CB20020B4
:10A4C00034B2002034B200203CB200203CB2002064
:10A4D00044B2002044B200204CB200204CB2002014
:10A4E00054B2002054B200205CB200205CB20020C4
:10A4F00064B2002064B200206CB200206CB2002074
:10A5000074B2002074B200207CB200207CB2002023
:10A5100084B2002084B200208CB200208CB20020D3
:10A5200094B2002094B200209CB200209CB2002083
:10A53000A4B20020A4B20020ACB20020ACB2002033
:10A54000B4B20020B4B20020BCB20020BCB20020E3
:10A55000C4B20020C4B20020CCB20020CCB2002093
:10A56000D4B20020D4B20020DCB20020DCB2002043
:10A57000E4B20020E4B20020ECB20020ECB20020F3
:10A58000F4B20020F4B20020FCB20020FCB20020A3
:10A5900004B3002004B300200CB300200CB300204F
:10A5A00014B3002014B300201CB300201CB30020FF
:10A5B00024B3002024B300202CB300202CB30020AF
:10A5C00034B3002034B300203CB300203CB300205F
:10A5D00044B3002044B300204CB300204CB300200F
:10A5E00054B3002054B300205CB300205CB30020BF
:10A5F00064B3002064B300206CB300206CB300206F
:10A6000074B3002074B300207CB300207CB300201E
:10A6100084B3002084B300208CB300208CB30020CE
:10A6200094B3002094B300209CB300209CB300207E
:10A63000A4B30020A4B30020ACB30020ACB300202E
:10A64000B4B30020B4B30020BCB30020BCB30020DE
:10A65000C4B30020C4B30020CCB30020CCB300208E
:10A66000D4B30020D4B30020DCB30020DCB300203E
:10A67000E4B30020E4B30020ECB30020ECB30020EE
:10A68000F4B30020F4B30020FCB30020FCB300209E
:10A6900004B4002004B400200CB400200CB400204A
:10A6A00014B4002014B400201CB400201CB40020FA
:10A6B00024B4002024B400202CB400202CB40020AA
:10A6C00034B4002034B400203CB400203CB400205A
:10A6D00044B4002044B40020FFFFFFFF000002004C
:10A6E000000000000300000010E0002090AA0020FD
:10A6F000E803000001010101010101000101010065
:10A7000012010002EF020140C01689047902010221
:10A71000030100000846002080C700200000000060
:10A7200000000000C84D002088C700200000000085
:10A730000000000050A3002008C800200000000016
:10A74000000000005CA3002090C700200000000073
:10A750000000000068A3002011190100090000009A
:10A760000000000070A3002039190100090000005A
:10A7700000000000DC690020A0C7002000000000ED
:10A7800000000000D073002000C80020000000007E
:10A790000000000078A30020C91801000900000093
:10A7A0000000000080A3002098C7002000000000E7
:10A7B0000000000088A30020A8C7002000000000BF
:10A7C0000000000090A300206119010009000000B2
:10A7D000000000009CA30020B11901000A00000045
:10A7E00000000000A8A30020F919010009000000E2
:10A7F00000000000B8A30020B0C700200000000047
:10A8000000000000BCA30020B8C70020000000002A
:10A8100000000000C0A30020C0C70020000000000E
:10A8200000000000C4A30020C8C7002000000000F2
:10A8300000000000C8A30020D0C7002000000000D6
:10A8400000000000CCA30020D8C7002000000000BA
:10A8500000000000D0A30020E0C70020000000009E
:10A8600000000000D4A30020E8C700200000000082
:10A8700000000000D8A30020F0C700200000000066
:10A8800000000000DCA30020F8C70020000000004A
:10A890000000000019D5000019D5000019D50000EE
:10A8A00019D5000019D5000019D5000019D50000F0
:10A8B00019D5000019D5000019D5000019D50000E0
:10A8C00019D5000019D5000019D5000019D50000D0
:10A8D00019D5000019D5000019D5000019D50000C0
:10A8E00019D5000019D5000019D5000019D50000B0
:10A8F00019D5000019D5000019D5000019D50000A0
:10A9000019D5000019D5000019D5000019D500008F
:10A9100019D5000019D5000019D5000019D500007F
:10A9200019D5000019D5000019D5000019D500006F
:10A9300019D5000019D5000019D5000019D500005F
:10A9400019D5000019D5000019D5000019D500004F
:10A9500019D5000019D5000019D5000019D500003F
:10A9600019D5000019D5000019D5000019D500002F
:10A9700019D5000019D5000019D5000019D500001F
:10A9800019D5000019D5000019D5000019D500000F
:10A9900019D5000019D5000019D5000019D50000FF
:10A9A00019D5000019D5000019D5000019D50000EF
:10A9B00019D5000019D5000019D5000019D50000DF
:10A9C00019D5000019D5000019D5000019D50000CF
:10A9D00019D5000019D5000019D5000019D50000BF
:10A9E00019D5000019D5000019D5000019D50000AF
:10A9F00019D5000019D5000019D5000019D500009F
:10AA000019D5000019D5000019D5000019D500008E
:10AA100019D5000019D5000019D5000019D500007E
:10AA200019D5000019D5000019D5000019D500006E
:10AA300019D5000019D5000019D5000019D500005E
:10AA400019D5000019D5000019D5000019D500004E
:10AA500019D5000019D5000019D5000019D500003E
:10AA600019D5000019D5000019D5000019D500002E
:10AA700019D5000019D5000019D5000019D500001E
:10AA800019D5000019D5000019D5000019D500000E
:10AA900019D5000000000000800000000000000048
:10AAA00080000000000000008000000000000000A6
:10AAB0008000000000000000800000000000000096
:10AAC0008000000000000000800000000000000086
:10AAD000800000000A034B004E00410053000000BC
:10AAE000220345006B006400610068006C002000D8
:10AAF000460041005200200053006C0061007600C7
:10AB00006500000016034500460041005200530056
:10AB10004C00410056004500300000000C030000CE
:10AB20000000000000000000000000000000000025
:10AB300000002901080101000000000000000000E1
:10AB40000000000000000000000000000000000005
:10AB500000000000000000000000000000000000F5
:10AB600000000000000000000000000000000000E5
:10AB700000000000000000000000000000000000D5
:10AB800000000000000000000000000000000000C5
:10AB900000000000000000000000000000000000B5
:10ABA00000000000000000000000000000000000A5
:10ABB0000000000000000000000000000000000095
:10ABC0000000000000000000000000000000000085
:10ABD0000000000000000000000000000000000075
:10ABE0000000000000000000000000000000000065
:10ABF0000000000000000000000000000000000055
:10AC00000000000000000000000000000000000044
:10AC10000000000000000000000000000000000034
:10AC20000000000000000000000000000000000024
:10AC30000000000000000000000000000000000014
:10AC40000000000000000000000000000000000004
:10AC500000000000000000000000000000000000F4
:10AC600000000000000000000000000000000000E4
:10AC700000000000000000000000000000000000D4
:10AC800000000000000000000000000000000000C4
:10AC900000000000000000000000000000000000B4
:10ACA00000000000000000000000000000000000A4
:10ACB0000000000000000000000000000000000094
:10ACC0000000000000000000000000000000000084
:10ACD0000000000000000000000000000000000074
:10ACE0000000000000000000000000000000000064
:10ACF0000000000000000000000000000000000054
:10AD00000000000000000000000000000000000043
:10AD10000000000000000000000000000000000033
:10AD20000000000000000000000000000000000023
:10AD30000000000000000000000000000000000013
:10AD40000000000000000000000000000000000003
:10AD500000000000000000000000000000000000F3
:10AD600000000000000000000000000000000000E3
:10AD700000000000000000000000000000000000D3
:10AD800000000000000000000000000000000000C3
:10AD900000000000000000000000000000000000B3
:10ADA00000000000000000000000000000000000A3
:10ADB0000000000000000000000000000000000093
:10ADC0000000000000000000000000000000000083
:10ADD0000000000000000000000000000000000073
:10ADE0000000000000000000000000000000000063
:10ADF0000000000000000000000000000000000053
:10AE00000000000000000000000000000000000042
:10AE10000000000000000000000000000000000032
:10AE20000000000000000000000000000000000022
:10AE30000000000000000000000000000000000012
:10AE40000000000000000000000000000000000002
:10AE500000000000000000000000000000000000F2
:10AE600000000000000000000000000000000000E2
:10AE700000000000000000000000000000000000D2
:10AE800000000000000000000000000000000000C2
:10AE900000000000000000000000000000000000B2
:10AEA00000000000000000000000000000000000A2
:10AEB0000000000000000000000000000000000092
:10AEC0000000000000000000000000000000000082
:10AED0000000000000000000000000000000000072
:10AEE0000000000000000000000000000000000062
:10AEF0000000000000000000000000000000000052
:10AF00000000000000000000000000000000000041
:10AF10000000000000000000000000000000000031
:10AF20000000000000000000000000000000000021
:10AF30000000000000000000000000000000000011
:10AF40000000000000000000000000000000000001
:10AF500000000000000000000000000000000000F1
:10AF600000000000000000000000000000000000E1
:10AF700000000000000000000000000000000000D1
:10AF800000000000000000000000000000000000C1
:10AF900000000000000000000000000000000000B1
:10AFA00000000000000000000000000000000000A1
:10AFB0000000000000000000000000000000000091
:10AFC0000000000000000000000000000000000081
:10AFD0000000000000000000000000000000000071
:10AFE0000000000000000000000000000000000061
:10AFF0000000000000000000000000000000000051
:10B000000000000000000000000000000000000040
:10B010000000000000000000000000000000000030
:10B020000000000000000000000000000000000020
:10B030000000000000000000000000000000000010
:10B040000000000000000000000000000000000000
:10B0500000000000000000000000000000000000F0
:10B0600000000000000000000000000000000000E0
:10B0700000000000000000000000000000000000D0
:10B0800000000000000000000000000000000000C0
:10B0900000000000000000000000000000000000B0
:10B0A00000000000000000000000000000000000A0
:10B0B0000000000000000000000000000000000090
:10B0C0000000000000000000000000000000000080
:10B0D0000000000000000000000000000000000070
:10B0E0000000000000000000000000000000000060
:10B0F0000000000000000000000000000000000050
:10B10000000000000000000000000000000000003F
:10B11000000000000000000000000000000000002F
:10B12000000000000000000000000000000000001F
:10B13000000000000000000000000000000000000F
:04B14000000000000B
:10B14400FFFFFFFFFFFFFFFFFFFFFFFFFFFFFFFF0B
:10B15400FFFFFFFFFFFFFFFFFFFFFFFFFFFFFFFFFB
:10B16400FFFFFFFFFFFFFFFFFFFFFFFFFFFFFFFFEB
:10B17400FFFFFFFFFFFFFFFFFFFFFFFFFFFFFFFFDB
:10B18400FFFFFFFFFFFFFFFFFFFFFFFFFFFFFFFFCB
:10B19400FFFFFFFFFFFFFFFFFFFFFFFFFFFFFFFFBB
:10B1A400FFFFFFFFFFFFFFFFFFFFFFFFFFFFFFFFAB
:10B1B400FFFFFFFFFFFFFFFFFFFFFFFFFFFFFFFF9B
:10B1C400FFFFFFFFFFFFFFFFFFFFFFFFFFFFFFFF8B
:10B1D400FFFFFFFFFFFFFFFFFFFFFFFFFFFFFFFF7B
:10B1E400FFFFFFFFFFFFFFFFFFFFFFFFFFFFFFFF6B
:10B1F400FFFFFFFFFFFFFFFFFFFFFFFFFFFFFFFF5B
:10B20400FFFFFFFFFFFFFFFFFFFFFFFFFFFFFFFF4A
:10B21400FFFFFFFFFFFFFFFFFFFFFFFFFFFFFFFF3A
:10B22400FFFFFFFFFFFFFFFFFFFFFFFFFFFFFFFF2A
:10B23400FFFFFFFFFFFFFFFFFFFFFFFFFFFFFFFF1A
:10B24400FFFFFFFFFFFFFFFFFFFFFFFFFFFFFFFF0A
:10B25400FFFFFFFFFFFFFFFFFFFFFFFFFFFFFFFFFA
:10B26400FFFFFFFFFFFFFFFFFFFFFFFFFFFFFFFFEA
:10B27400FFFFFFFFFFFFFFFFFFFFFFFFFFFFFFFFDA
:10B28400FFFFFFFFFFFFFFFFFFFFFFFFFFFFFFFFCA
:10B29400FFFFFFFFFFFFFFFFFFFFFFFFFFFFFFFFBA
:10B2A400FFFFFFFFFFFFFFFFFFFFFFFFFFFFFFFFAA
:10B2B400FFFFFFFFFFFFFFFFFFFFFFFFFFFFFFFF9A
:10B2C400FFFFFFFFFFFFFFFFFFFFFFFFFFFFFFFF8A
:10B2D400FFFFFFFFFFFFFFFFFFFFFFFFFFFFFFFF7A
:10B2E400FFFFFFFFFFFFFFFFFFFFFFFFFFFFFFFF6A
:10B2F400FFFFFFFFFFFFFFFFFFFFFFFFFFFFFFFF5A
:10B30400FFFFFFFFFFFFFFFFFFFFFFFFFFFFFFFF49
:10B31400FFFFFFFFFFFFFFFFFFFFFFFFFFFFFFFF39
:10B32400FFFFFFFFFFFFFFFFFFFFFFFFFFFFFFFF29
:10B33400FFFFFFFFFFFFFFFFFFFFFFFFFFFFFFFF19
:10B34400FFFFFFFFFFFFFFFFFFFFFFFFFFFFFFFF09
:10B35400FFFFFFFFFFFFFFFFFFFFFFFFFFFFFFFFF9
:10B36400FFFFFFFFFFFFFFFFFFFFFFFFFFFFFFFFE9
:10B37400FFFFFFFFFFFFFFFFFFFFFFFFFFFFFFFFD9
:10B38400FFFFFFFFFFFFFFFFFFFFFFFFFFFFFFFFC9
:10B39400FFFFFFFFFFFFFFFFFFFFFFFFFFFFFFFFB9
:10B3A400FFFFFFFFFFFFFFFFFFFFFFFFFFFFFFFFA9
:10B3B400FFFFFFFFFFFFFFFFFFFFFFFFFFFFFFFF99
:10B3C400FFFFFFFFFFFFFFFFFFFFFFFFFFFFFFFF89
:10B3D400FFFFFFFFFFFFFFFFFFFFFFFFFFFFFFFF79
:10B3E400FFFFFFFFFFFFFFFFFFFFFFFFFFFFFFFF69
:10B3F400FFFFFFFFFFFFFFFFFFFFFFFF0000000055
:10B404000000000000000000000000000000000038
:10B414000000000000000000000000000000000028
:10B424000000000000000000000000000000000018
:10B434000000000000000000000000000000000008
:10B4440000000000000000000000000000000000F8
:10B4540000000000000000000000000000000000E8
:10B4640000000000000000000000000000000000D8
:10B4740000000000000000000000000000000000C8
:10B4840000000000000000000000000000000000B8
:10B4940000000000000000000000000000000000A8
:10B4A4000000000000000000000000000000000098
:10B4B4000000000000000000000000000000000088
:10B4C4000000000000000000000000000000000078
:10B4D4000000000000000000000000000000000068
:10B4E4000000000000000000000000000000000058
:10B4F4000000000000000000000000000000000048
:10B504000000000000000000000000000000000037
:10B514000000000000000000000000000000000027
:10B524000000000000000000000000000000000017
:10B534000000000000000000000000000000000007
:10B5440000000000000000000000000000000000F7
:10B5540000000000000000000000000000000000E7
:10B5640000000000000000000000000000000000D7
:10B5740000000000000000000000000000000000C7
:10B5840000000000000000000000000000000000B7
:10B5940000000000000000000000000000000000A7
:10B5A4000000000000000000000000000000000097
:10B5B4000000000000000000000000000000000087
:10B5C4000000000000000000000000000000000077
:10B5D4000000000000000000000000000000000067
:10B5E4000000000000000000000000000000000057
:10B5F4000000000000000000000000000000000047
:10B604000000000000000000000000000000000036
:10B614000000000000000000000000000000000026
:10B624000000000000000000000000000000000016
:10B634000000000000000000000000000000000006
:10B6440000000000000000000000000000000000F6
:10B6540000000000000000000000000000000000E6
:10B6640000000000000000000000000000000000D6
:10B6740000000000000000000000000000000000C6
:10B6840000000000000000000000000000000000B6
:10B6940000000000000000000000000000000000A6
:10B6A4000000000000000000000000000000000096
:10B6B4000000000000000000000000000000000086
:10B6C4000000000000000000000000000000000076
:10B6D4000000000000000000000000000000000066
:10B6E4000000000000000000000000000000000056
:10B6F4000000000000000000000000000000000046
:10B704000000000000000000000000000000000035
:10B714000000000000000000000000000000000025
:10B724000000000000000000000000000000000015
:10B734000000000000000000000000000000000005
:10B7440000000000000000000000000000000000F5
:10B7540000000000000000000000000000000000E5
:10B7640000000000000000000000000000000000D5
:10B7740000000000000000000000000000000000C5
:10B7840000000000000000000000000000000000B5
:10B7940000000000000000000000000000000000A5
:10B7A4000000000000000000000000000000000095
:10B7B4000000000000000000000000000000000085
:10B7C4000000000000000000000000000000000075
:10B7D4000000000000000000000000000000000065
:10B7E4000000000000000000000000000000000055
:10B7F4000000000000000000000000000000000045
:10B804000000000000000000000000000000000034
:10B814000000000000000000000000000000000024
:10B824000000000000000000000000000000000014
:10B834000000000000000000000000000000000004
:10B8440000000000000000000000000000000000F4
:10B8540000000000000000000000000000000000E4
:10B8640000000000000000000000000000000000D4
:10B8740000000000000000000000000000000000C4
:10B8840000000000000000000000000000000000B4
:10B8940000000000000000000000000000000000A4
:10B8A4000000000000000000000000000000000094
:10B8B4000000000000000000000000000000000084
:10B8C4000000000000000000000000000000000074
:10B8D4000000000000000000000000000000000064
:10B8E4000000000000000000000000000000000054
:10B8F4000000000000000000000000000000000044
:10B904000000000000000000000000000000000033
:10B914000000000000000000000000000000000023
:10B924000000000000000000000000000000000013
:10B934000000000000000000000000000000000003
:10B9440000000000000000000000000000000000F3
:10B9540000000000000000000000000000000000E3
:10B9640000000000000000000000000000000000D3
:10B9740000000000000000000000000000000000C3
:10B9840000000000000000000000000000000000B3
:10B9940000000000000000000000000000000000A3
:10B9A4000000000000000000000000000000000093
:10B9B4000000000000000000000000000000000083
:10B9C4000000000000000000000000000000000073
:10B9D4000000000000000000000000000000000063
:10B9E4000000000000000000000000000000000053
:10B9F4000000000000000000000000000000000043
:10BA04000000000000000000000000000000000032
:10BA14000000000000000000000000000000000022
:10BA24000000000000000000000000000000000012
:10BA34000000000000000000000000000000000002
:10BA440000000000000000000000000000000000F2
:10BA540000000000000000000000000000000000E2
:10BA640000000000000000000000000000000000D2
:10BA740000000000000000000000000000000000C2
:10BA840000000000000000000000000000000000B2
:10BA940000000000000000000000000000000000A2
:10BAA4000000000000000000000000000000000092
:10BAB4000000000000000000000000000000000082
:10BAC4000000000000000000000000000000000072
:10BAD4000000000000000000000000000000000062
:10BAE4000000000000000000000000000000000052
:10BAF4000000000000000000000000000000000042
:10BB04000000000000000000000000000000000031
:10BB14000000000000000000000000000000000021
:10BB24000000000000000000000000000000000011
:10BB34000000000000000000000000000000000001
:10BB440000000000000000000000000000000000F1
:10BB540000000000000000000000000000000000E1
:10BB640000000000000000000000000000000000D1
:10BB740000000000000000000000000000000000C1
:10BB840000000000000000000000000000000000B1
:10BB940000000000000000000000000000000000A1
:10BBA4000000000000000000000000000000000091
:10BBB4000000000000000000000000000000000081
:10BBC4000000000000000000000000000000000071
:10BBD4000000000000000000000000000000000061
:10BBE4000000000000000000000000000000000051
:10BBF4000000000000000000000000000000000041
:10BC04000000000000000000000000000000000030
:10BC14000000000000000000000000000000000020
:10BC24000000000000000000000000000000000010
:10BC34000000000000000000000000000000000000
:10BC440000000000000000000000000000000000F0
:10BC540000000000000000000000000000000000E0
:10BC640000000000000000000000000000000000D0
:10BC740000000000000000000000000000000000C0
:10BC840000000000000000000000000000000000B0
:10BC940000000000000000000000000000000000A0
:10BCA4000000000000000000000000000000000090
:10BCB4000000000000000000000000000000000080
:10BCC4000000000000000000000000000000000070
:10BCD4000000000000000000000000000000000060
:10BCE4000000000000000000000000000000000050
:10BCF4000000000000000000000000000000000040
:10BD0400000000000000000000000000000000002F
:10BD1400000000000000000000000000000000001F
:10BD2400000000000000000000000000000000000F
:10BD340000000000000000000000000000000000FF
:10BD440000000000000000000000000000000000EF
:10BD540000000000000000000000000000000000DF
:10BD640000000000000000000000000000000000CF
:10BD740000000000000000000000000000000000BF
:10BD840000000000000000000000000000000000AF
:10BD9400000000000000000000000000000000009F
:10BDA400000000000000000000000000000000008F
:10BDB400000000000000000000000000000000007F
:10BDC400000000000000000000000000000000006F
:10BDD400000000000000000000000000000000005F
:10BDE400000000000000000000000000000000004F
:10BDF400000000000000000000000000000000003F
:10BE0400000000000000000000000000000000002E
:10BE1400000000000000000000000000000000001E
:10BE2400000000000000000000000000000000000E
:10BE340000000000000000000000000000000000FE
:10BE440000000000000000000000000000000000EE
:10BE540000000000000000000000000000000000DE
:10BE640000000000000000000000000000000000CE
:10BE740000000000000000000000000000000000BE
:10BE840000000000000000000000000000000000AE
:10BE9400000000000000000000000000000000009E
:10BEA400000000000000000000000000000000008E
:10BEB400000000000000000000000000000000007E
:10BEC400000000000000000000000000000000006E
:10BED400000000000000000000000000000000005E
:10BEE400000000000000000000000000000000004E
:10BEF400000000000000000000000000000000003E
:10BF0400000000000000000000000000000000002D
:10BF1400000000000000000000000000000000001D
:10BF2400000000000000000000000000000000000D
:10BF340000000000000000000000000000000000FD
:10BF440000000000000000000000000000000000ED
:10BF540000000000000000000000000000000000DD
:10BF640000000000000000000000000000000000CD
:10BF740000000000000000000000000000000000BD
:10BF840000000000000000000000000000000000AD
:10BF9400000000000000000000000000000000009D
:10BFA400000000000000000000000000000000008D
:10BFB400000000000000000000000000000000007D
:10BFC400000000000000000000000000000000006D
:10BFD400000000000000000000000000000000005D
:10BFE400000000000000000000000000000000004D
:0CBFF40000000000000000000000000041
:040000056000100087
:00000001FF
